sample_id,name,city,category,judge_tokens,baseline_query,baseline_url,baseline_description,baseline_relevant,baseline_zero_recall,baseline_hallucination,heuristic_query,heuristic_url,heuristic_description,heuristic_relevant,heuristic_zero_recall,heuristic_hallucination
北京-故宫-0001,故宫,北京,历史文化,forbidden city | palace museum | 故宫 | 紫禁城,故宫,https://images.unsplash.com/photo-1636550230446-7632d97d1e77?crop=entropy&cs=tinysrgb&fit=max&fm=jpg&ixid=M3w4NTgxMzd8MHwxfHNlYXJjaHwxfHwlRTYlOTUlODUlRTUlQUUlQUJ8ZW58MXwwfHx8MTc3Mzg0NTAyM3ww&ixlib=rb-4.1.0&q=80&w=1080,故宫雪景,True,False,False,故宫 北京,https://images.unsplash.com/photo-1620826502427-9e8faa18d3f0?crop=entropy&cs=tinysrgb&fit=max&fm=jpg&ixid=M3w4NTgxMzd8MHwxfHNlYXJjaHwxMHx8JUU2JTk1JTg1JUU1JUFFJUFCJTIwJUU1JThDJTk3JUU0JUJBJUFDfGVufDF8MHx8fDE3NzM4NDUwMjd8MA&ixlib=rb-4.1.0&q=80&w=1080,北京故宫博物院,True,False,False
北京-天坛-0002,天坛,北京,历史文化,temple of heaven | 天坛,天坛,https://images.unsplash.com/photo-1584872589930-e99fe5bf4408?crop=entropy&cs=tinysrgb&fit=max&fm=jpg&ixid=M3w4NTgxMzd8MHwxfHNlYXJjaHwxfHwlRTUlQTQlQTklRTUlOUQlOUJ8ZW58MXwwfHx8MTc3Mzg0NTAzMHww&ixlib=rb-4.1.0&q=80&w=1080,"The Temple of Heaven, Beijing, China.",True,False,False,天坛 北京,https://images.unsplash.com/photo-1620033370499-c85e0122f1fc?crop=entropy&cs=tinysrgb&fit=max&fm=jpg&ixid=M3w4NTgxMzd8MHwxfHNlYXJjaHw3fHwlRTUlQTQlQTklRTUlOUQlOUIlMjAlRTUlOEMlOTclRTQlQkElQUN8ZW58MXwwfHx8MTc3Mzg0NTAzNHww&ixlib=rb-4.1.0&q=80&w=1080,北京天坛公园,True,False,False
北京-颐和园-0003,颐和园,北京,历史文化,summer palace | 颐和园,颐和园,https://images.unsplash.com/photo-1669382485231-ef86d9fa986f?crop=entropy&cs=tinysrgb&fit=max&fm=jpg&ixid=M3w4NTgxMzd8MHwxfHNlYXJjaHwxfHwlRTklQTIlOTAlRTUlOTIlOEMlRTUlOUIlQUR8ZW58MXwwfHx8MTc3Mzg4MzM5M3ww&ixlib=rb-4.1.0&q=80&w=1080,北京颐和园,True,False,False,颐和园 北京,https://images.unsplash.com/photo-1620822102340-47c32da50fef?crop=entropy&cs=tinysrgb&fit=max&fm=jpg&ixid=M3w4NTgxMzd8MHwxfHNlYXJjaHwyfHwlRTklQTIlOTAlRTUlOTIlOEMlRTUlOUIlQUQlMjAlRTUlOEMlOTclRTQlQkElQUN8ZW58MXwwfHx8MTc3Mzg4MzM5NHww&ixlib=rb-4.1.0&q=80&w=1080,北京颐和园,True,False,False
北京-八达岭长城-0004,八达岭长城,北京,历史文化,great wall | badaling | 长城,八达岭长城,,,False,True,False,Great Wall Beijing China,https://images.unsplash.com/photo-1724076202408-bfa5548a2b1d?crop=entropy&cs=tinysrgb&fit=max&fm=jpg&ixid=M3w4NTgxMzd8MHwxfHNlYXJjaHw2fHxHcmVhdCUyMFdhbGwlMjBCZWlqaW5nJTIwQ2hpbmF8ZW58MXwwfHx8MTc3Mzg4MzQwOHww&ixlib=rb-4.1.0&q=80&w=1080,"The Great Wall is a must for a China tour, while Badaling is a must for a Great Wall tour. Badaling Great Wall in Beijing is the best-preserved and most complete section among the various, hence the most popular, even among world leaders.",True,False,False
上海-外滩-0005,外滩,上海,城市风光,the bund | waitan | 外滩,外滩,https://images.unsplash.com/photo-1718427778421-ad719f965738?crop=entropy&cs=tinysrgb&fit=max&fm=jpg&ixid=M3w4NTgxMzd8MHwxfHNlYXJjaHwxfHwlRTUlQTQlOTYlRTYlQkIlQTl8ZW58MXwwfHx8MTc3Mzg0NTAzNnww&ixlib=rb-4.1.0&q=80&w=1080,a view of a large city with tall buildings,False,False,True,外滩 Shanghai,https://images.unsplash.com/photo-1592311800804-1b72948c1a99?crop=entropy&cs=tinysrgb&fit=max&fm=jpg&ixid=M3w4NTgxMzd8MHwxfHNlYXJjaHwyfHwlRTUlQTQlOTYlRTYlQkIlQTklMjBTaGFuZ2hhaXxlbnwxfDB8fHwxNzczODQ2NTM1fDA&ixlib=rb-4.1.0&q=80&w=1080,"The Bund
外滩",True,False,False
上海-东方明珠-0006,东方明珠,上海,城市风光,oriental pearl | 东方明珠,东方明珠,https://images.unsplash.com/photo-1508742066636-3b9fb738ee0e?crop=entropy&cs=tinysrgb&fit=max&fm=jpg&ixid=M3w4NTgxMzd8MHwxfHNlYXJjaHwxfHwlRTQlQjglOUMlRTYlOTYlQjklRTYlOTglOEUlRTclOEYlQTB8ZW58MXwwfHx8MTc3Mzg4MzQxOHww&ixlib=rb-4.1.0&q=80&w=1080,body of water beside city,False,False,True,东方明珠 Shanghai,https://images.unsplash.com/photo-1509189692239-6c2bb03eac8a?crop=entropy&cs=tinysrgb&fit=max&fm=jpg&ixid=M3w4NTgxMzd8MHwxfHNlYXJjaHwxMHx8JUU0JUI4JTlDJUU2JTk2JUI5JUU2JTk4JThFJUU3JThGJUEwJTIwU2hhbmdoYWl8ZW58MXwwfHx8MTc3Mzg4MzQyMXww&ixlib=rb-4.1.0&q=80&w=1080,上海东方明珠,True,False,False
上海-迪士尼乐园-0007,迪士尼乐园,上海,休闲,disney | disneyland | 迪士尼,迪士尼乐园,,,False,True,False,迪士尼乐园 Shanghai China,https://images.unsplash.com/photo-1506660889812-c5ba0c735d91?crop=entropy&cs=tinysrgb&fit=max&fm=jpg&ixid=M3w4NTgxMzd8MHwxfHNlYXJjaHw5fHwlRTglQkYlQUElRTUlQTMlQUIlRTUlQjAlQkMlRTQlQjklOTAlRTUlOUIlQUQlMjBTaGFuZ2hhaSUyMENoaW5hfGVufDF8MHx8fDE3NzM4ODM0Mjh8MA&ixlib=rb-4.1.0&q=80&w=1080,"2017 is Shanghai Big World 100 years
2017是上海大世界建成100周年",False,False,True
广州-广州塔-0008,广州塔,广州,城市风光,canton tower | guangzhou tower | 广州塔,广州塔,https://images.unsplash.com/photo-1530021382214-1fc6e31513d5?crop=entropy&cs=tinysrgb&fit=max&fm=jpg&ixid=M3w4NTgxMzd8MHwxfHNlYXJjaHwxfHwlRTUlQjklQkYlRTUlQjclOUUlRTUlQTElOTR8ZW58MXwwfHx8MTc3Mzg4MzQzMXww&ixlib=rb-4.1.0&q=80&w=1080,Guangzhou Tower,True,False,False,pagoda,https://images.unsplash.com/photo-1528164344705-47542687000d?crop=entropy&cs=tinysrgb&fit=max&fm=jpg&ixid=M3w4NTgxMzd8MHwxfHNlYXJjaHwyfHxwYWdvZGF8ZW58MXwwfHx8MTc3Mzg4MzQzN3ww&ixlib=rb-4.1.0&q=80&w=1080,Chureito Pagoda,False,False,True
广州-陈家祠-0009,陈家祠,广州,历史文化,chen clan | chen clan academy | 陈家祠,陈家祠,,,False,True,False,陈家祠 Guangzhou,https://images.unsplash.com/photo-1730053344240-d18b816a764d?crop=entropy&cs=tinysrgb&fit=max&fm=jpg&ixid=M3w4NTgxMzd8MHwxfHNlYXJjaHw0fHwlRTklOTklODglRTUlQUUlQjYlRTclQTUlQTAlMjBHdWFuZ3pob3V8ZW58MXwwfHx8MTc3Mzg4MzQ0M3ww&ixlib=rb-4.1.0&q=80&w=1080,a hidden gem in Guangzhou 🍃,False,False,True
广州-珠江夜游-0010,珠江夜游,广州,城市风光,pearl river | 珠江,珠江夜游,https://images.unsplash.com/photo-1560951803-8d0d8c876bff?crop=entropy&cs=tinysrgb&fit=max&fm=jpg&ixid=M3w4NTgxMzd8MHwxfHNlYXJjaHwxfHwlRTclOEYlQTAlRTYlQjElOUYlRTUlQTQlOUMlRTYlQjglQjh8ZW58MXwwfHx8MTc3Mzg4MzQ0N3ww&ixlib=rb-4.1.0&q=80&w=1080,body of water near buildings,False,False,True,珠江夜游 Guangzhou,https://images.unsplash.com/photo-1535391879778-3bae11d29a24?crop=entropy&cs=tinysrgb&fit=max&fm=jpg&ixid=M3w4NTgxMzd8MHwxfHNlYXJjaHwyfHwlRTclOEYlQTAlRTYlQjElOUYlRTUlQTQlOUMlRTYlQjglQjglMjBHdWFuZ3pob3V8ZW58MXwwfHx8MTc3Mzg4MzQ1MHww&ixlib=rb-4.1.0&q=80&w=1080,night mood in guangzhou,False,False,True
深圳-世界之窗-0011,世界之窗,深圳,休闲,window of the world | 世界之窗,世界之窗,https://images.unsplash.com/photo-1707813130463-31d492f072ea?crop=entropy&cs=tinysrgb&fit=max&fm=jpg&ixid=M3w4NTgxMzd8MHwxfHNlYXJjaHwxfHwlRTQlQjglOTYlRTclOTUlOEMlRTQlQjklOEIlRTclQUElOTd8ZW58MXwwfHx8MTc3Mzg4MzQ1M3ww&ixlib=rb-4.1.0&q=80&w=1080,a very large and colorful object with many lights,False,False,True,世界之窗 Shenzhen China landmark,https://images.unsplash.com/photo-1684745339800-c4dcd382da98?crop=entropy&cs=tinysrgb&fit=max&fm=jpg&ixid=M3w4NTgxMzd8MHwxfHNlYXJjaHw3fHwlRTQlQjglOTYlRTclOTUlOEMlRTQlQjklOEIlRTclQUElOTclMjBTaGVuemhlbiUyMENoaW5hJTIwbGFuZG1hcmt8ZW58MXwwfHx8MTc3Mzg4MzQ1OXww&ixlib=rb-4.1.0&q=80&w=1080,"Greener Cities. Li Xiang Park is located in the heart of Nanshan District, Shenzhen, facing Shennan Avenue in the north, Nanshan District Committee Building in the south, Kirin Road in the east, and Sunshine Lijing Building Group in the west, with a total area of 220,000 square meters.",False,False,True
深圳-深圳湾公园-0012,深圳湾公园,深圳,自然风光,shenzhen bay | 深圳湾,深圳湾公园,https://images.unsplash.com/photo-1651932509246-3a1296cae2f0?crop=entropy&cs=tinysrgb&fit=max&fm=jpg&ixid=M3w4NTgxMzd8MHwxfHNlYXJjaHwxfHwlRTYlQjclQjElRTUlOUMlQjMlRTYlQjklQkUlRTUlODUlQUMlRTUlOUIlQUR8ZW58MXwwfHx8MTc3Mzg4MzQ2MHww&ixlib=rb-4.1.0&q=80&w=1080,Birds  in 深圳湾公园,True,False,False,,,,False,True,False
成都-锦里-0013,锦里,成都,历史文化,jinli | 锦里,锦里,,,False,True,False,,,,False,True,False
成都-宽窄巷子-0014,宽窄巷子,成都,历史文化,kuanzhai alley | 宽窄巷子,宽窄巷子,,,False,True,False,,,,False,True,False
成都-成都大熊猫繁育研究基地-0015,成都大熊猫繁育研究基地,成都,自然风光,panda | chengdu research base | 熊猫,成都大熊猫繁育研究基地,,,False,True,False,Chengdu Research Base of Giant Panda Breeding Chengdu China,https://images.unsplash.com/photo-1504713721722-f73b4ccdfe6a?crop=entropy&cs=tinysrgb&fit=max&fm=jpg&ixid=M3w4NTgxMzd8MHwxfHNlYXJjaHwxMHx8Q2hlbmdkdSUyMFJlc2VhcmNoJTIwQmFzZSUyMG9mJTIwR2lhbnQlMjBQYW5kYSUyMEJyZWVkaW5nJTIwQ2hlbmdkdSUyMENoaW5hfGVufDF8MHx8fDE3NzM4NDY1NDZ8MA&ixlib=rb-4.1.0&q=80&w=1080,"A giant panda cub chilling in a tree at the Chengdu Research Base of Giant Panda Breeding. It was such a fun visit, with the cubs running around and playing with each other and the adults gluttonously eating loads of bamboo.",True,False,False
杭州-西湖-0016,西湖,杭州,自然风光,west lake | 西湖,西湖,,,False,True,False,,,,False,True,False
杭州-灵隐寺-0017,灵隐寺,杭州,历史文化,lingyin | lingyin temple | 灵隐寺,灵隐寺,,,False,True,False,,,,False,True,False
南京-夫子庙-0018,夫子庙,南京,历史文化,confucius temple | 夫子庙,夫子庙,,,False,True,False,,,,False,True,False
南京-中山陵-0019,中山陵,南京,历史文化,sun yat-sen mausoleum | 中山陵,中山陵,,,False,True,False,,,,False,True,False
苏州-拙政园-0020,拙政园,苏州,历史文化,humble administrator's garden | 拙政园,拙政园,,,False,True,False,,,,False,True,False
苏州-平江路-0021,平江路,苏州,历史文化,pingjiang road | 平江路,平江路,,,False,True,False,,,,False,True,False
武汉-黄鹤楼-0022,黄鹤楼,武汉,历史文化,yellow crane tower | 黄鹤楼,黄鹤楼,,,False,True,False,,,,False,True,False
武汉-东湖-0023,东湖,武汉,自然风光,east lake | donghu | 东湖,东湖,,,False,True,False,,,,False,True,False
西安-兵马俑-0024,兵马俑,西安,历史文化,terracotta | terracotta army | 兵马俑,兵马俑,,,False,True,False,Terracotta Army,https://images.unsplash.com/photo-1527922891260-918d42a4efc8?crop=entropy&cs=tinysrgb&fit=max&fm=jpg&ixid=M3w4NTgxMzd8MHwxfHNlYXJjaHwxfHxUZXJyYWNvdHRhJTIwQXJteXxlbnwxfDB8fHwxNzczODQ2NTQwfDA&ixlib=rb-4.1.0&q=80&w=1080,"In today’s world of easy access information and increasingly amazing imagery you can often be left underwhelmed when seeing something in reality, It was a plesant surprise to find the Terracotta Army did not just live up to the hype but thoroughly exceeded it, a truly awe inspiring site that they have only just scratched the surface of  

The scale of the site and in particular what is still under the ground is mind bending",True,False,False
西安-大雁塔-0025,大雁塔,西安,历史文化,giant wild goose pagoda | 大雁塔,大雁塔,,,False,True,False,,,,False,True,False
北京-故宫-0026,故宫,北京,历史文化,forbidden city | palace museum | 故宫 | 紫禁城,故宫,https://images.unsplash.com/photo-1636550230446-7632d97d1e77?crop=entropy&cs=tinysrgb&fit=max&fm=jpg&ixid=M3w4NTgxMzd8MHwxfHNlYXJjaHwxfHwlRTYlOTUlODUlRTUlQUUlQUJ8ZW58MXwwfHx8MTc3Mzg0NTAyM3ww&ixlib=rb-4.1.0&q=80&w=1080,故宫雪景,True,False,False,故宫 北京,https://images.unsplash.com/photo-1620826502427-9e8faa18d3f0?crop=entropy&cs=tinysrgb&fit=max&fm=jpg&ixid=M3w4NTgxMzd8MHwxfHNlYXJjaHwxMHx8JUU2JTk1JTg1JUU1JUFFJUFCJTIwJUU1JThDJTk3JUU0JUJBJUFDfGVufDF8MHx8fDE3NzM4NDUwMjd8MA&ixlib=rb-4.1.0&q=80&w=1080,北京故宫博物院,True,False,False
北京-天坛-0027,天坛,北京,历史文化,temple of heaven | 天坛,天坛,https://images.unsplash.com/photo-1584872589930-e99fe5bf4408?crop=entropy&cs=tinysrgb&fit=max&fm=jpg&ixid=M3w4NTgxMzd8MHwxfHNlYXJjaHwxfHwlRTUlQTQlQTklRTUlOUQlOUJ8ZW58MXwwfHx8MTc3Mzg0NTAzMHww&ixlib=rb-4.1.0&q=80&w=1080,"The Temple of Heaven, Beijing, China.",True,False,False,天坛 北京,https://images.unsplash.com/photo-1620033370499-c85e0122f1fc?crop=entropy&cs=tinysrgb&fit=max&fm=jpg&ixid=M3w4NTgxMzd8MHwxfHNlYXJjaHw3fHwlRTUlQTQlQTklRTUlOUQlOUIlMjAlRTUlOEMlOTclRTQlQkElQUN8ZW58MXwwfHx8MTc3Mzg0NTAzNHww&ixlib=rb-4.1.0&q=80&w=1080,北京天坛公园,True,False,False
北京-颐和园-0028,颐和园,北京,历史文化,summer palace | 颐和园,颐和园,https://images.unsplash.com/photo-1669382485231-ef86d9fa986f?crop=entropy&cs=tinysrgb&fit=max&fm=jpg&ixid=M3w4NTgxMzd8MHwxfHNlYXJjaHwxfHwlRTklQTIlOTAlRTUlOTIlOEMlRTUlOUIlQUR8ZW58MXwwfHx8MTc3Mzg4MzM5M3ww&ixlib=rb-4.1.0&q=80&w=1080,北京颐和园,True,False,False,颐和园 北京,https://images.unsplash.com/photo-1620822102340-47c32da50fef?crop=entropy&cs=tinysrgb&fit=max&fm=jpg&ixid=M3w4NTgxMzd8MHwxfHNlYXJjaHwyfHwlRTklQTIlOTAlRTUlOTIlOEMlRTUlOUIlQUQlMjAlRTUlOEMlOTclRTQlQkElQUN8ZW58MXwwfHx8MTc3Mzg4MzM5NHww&ixlib=rb-4.1.0&q=80&w=1080,北京颐和园,True,False,False
北京-八达岭长城-0029,八达岭长城,北京,历史文化,great wall | badaling | 长城,八达岭长城,,,False,True,False,Great Wall Beijing China,https://images.unsplash.com/photo-1724076202408-bfa5548a2b1d?crop=entropy&cs=tinysrgb&fit=max&fm=jpg&ixid=M3w4NTgxMzd8MHwxfHNlYXJjaHw2fHxHcmVhdCUyMFdhbGwlMjBCZWlqaW5nJTIwQ2hpbmF8ZW58MXwwfHx8MTc3Mzg4MzQwOHww&ixlib=rb-4.1.0&q=80&w=1080,"The Great Wall is a must for a China tour, while Badaling is a must for a Great Wall tour. Badaling Great Wall in Beijing is the best-preserved and most complete section among the various, hence the most popular, even among world leaders.",True,False,False
上海-外滩-0030,外滩,上海,城市风光,the bund | waitan | 外滩,外滩,https://images.unsplash.com/photo-1718427778421-ad719f965738?crop=entropy&cs=tinysrgb&fit=max&fm=jpg&ixid=M3w4NTgxMzd8MHwxfHNlYXJjaHwxfHwlRTUlQTQlOTYlRTYlQkIlQTl8ZW58MXwwfHx8MTc3Mzg0NTAzNnww&ixlib=rb-4.1.0&q=80&w=1080,a view of a large city with tall buildings,False,False,True,外滩 Shanghai,https://images.unsplash.com/photo-1592311800804-1b72948c1a99?crop=entropy&cs=tinysrgb&fit=max&fm=jpg&ixid=M3w4NTgxMzd8MHwxfHNlYXJjaHwyfHwlRTUlQTQlOTYlRTYlQkIlQTklMjBTaGFuZ2hhaXxlbnwxfDB8fHwxNzczODQ2NTM1fDA&ixlib=rb-4.1.0&q=80&w=1080,"The Bund
外滩",True,False,False
上海-东方明珠-0031,东方明珠,上海,城市风光,oriental pearl | 东方明珠,东方明珠,https://images.unsplash.com/photo-1508742066636-3b9fb738ee0e?crop=entropy&cs=tinysrgb&fit=max&fm=jpg&ixid=M3w4NTgxMzd8MHwxfHNlYXJjaHwxfHwlRTQlQjglOUMlRTYlOTYlQjklRTYlOTglOEUlRTclOEYlQTB8ZW58MXwwfHx8MTc3Mzg4MzQxOHww&ixlib=rb-4.1.0&q=80&w=1080,body of water beside city,False,False,True,东方明珠 Shanghai,https://images.unsplash.com/photo-1509189692239-6c2bb03eac8a?crop=entropy&cs=tinysrgb&fit=max&fm=jpg&ixid=M3w4NTgxMzd8MHwxfHNlYXJjaHwxMHx8JUU0JUI4JTlDJUU2JTk2JUI5JUU2JTk4JThFJUU3JThGJUEwJTIwU2hhbmdoYWl8ZW58MXwwfHx8MTc3Mzg4MzQyMXww&ixlib=rb-4.1.0&q=80&w=1080,上海东方明珠,True,False,False
上海-迪士尼乐园-0032,迪士尼乐园,上海,休闲,disney | disneyland | 迪士尼,迪士尼乐园,,,False,True,False,迪士尼乐园 Shanghai China,https://images.unsplash.com/photo-1506660889812-c5ba0c735d91?crop=entropy&cs=tinysrgb&fit=max&fm=jpg&ixid=M3w4NTgxMzd8MHwxfHNlYXJjaHw5fHwlRTglQkYlQUElRTUlQTMlQUIlRTUlQjAlQkMlRTQlQjklOTAlRTUlOUIlQUQlMjBTaGFuZ2hhaSUyMENoaW5hfGVufDF8MHx8fDE3NzM4ODM0Mjh8MA&ixlib=rb-4.1.0&q=80&w=1080,"2017 is Shanghai Big World 100 years
2017是上海大世界建成100周年",False,False,True
广州-广州塔-0033,广州塔,广州,城市风光,canton tower | guangzhou tower | 广州塔,广州塔,https://images.unsplash.com/photo-1530021382214-1fc6e31513d5?crop=entropy&cs=tinysrgb&fit=max&fm=jpg&ixid=M3w4NTgxMzd8MHwxfHNlYXJjaHwxfHwlRTUlQjklQkYlRTUlQjclOUUlRTUlQTElOTR8ZW58MXwwfHx8MTc3Mzg4MzQzMXww&ixlib=rb-4.1.0&q=80&w=1080,Guangzhou Tower,True,False,False,pagoda,https://images.unsplash.com/photo-1528164344705-47542687000d?crop=entropy&cs=tinysrgb&fit=max&fm=jpg&ixid=M3w4NTgxMzd8MHwxfHNlYXJjaHwyfHxwYWdvZGF8ZW58MXwwfHx8MTc3Mzg4MzQzN3ww&ixlib=rb-4.1.0&q=80&w=1080,Chureito Pagoda,False,False,True
广州-陈家祠-0034,陈家祠,广州,历史文化,chen clan | chen clan academy | 陈家祠,陈家祠,,,False,True,False,陈家祠 Guangzhou,https://images.unsplash.com/photo-1730053344240-d18b816a764d?crop=entropy&cs=tinysrgb&fit=max&fm=jpg&ixid=M3w4NTgxMzd8MHwxfHNlYXJjaHw0fHwlRTklOTklODglRTUlQUUlQjYlRTclQTUlQTAlMjBHdWFuZ3pob3V8ZW58MXwwfHx8MTc3Mzg4MzQ0M3ww&ixlib=rb-4.1.0&q=80&w=1080,a hidden gem in Guangzhou 🍃,False,False,True
广州-珠江夜游-0035,珠江夜游,广州,城市风光,pearl river | 珠江,珠江夜游,https://images.unsplash.com/photo-1560951803-8d0d8c876bff?crop=entropy&cs=tinysrgb&fit=max&fm=jpg&ixid=M3w4NTgxMzd8MHwxfHNlYXJjaHwxfHwlRTclOEYlQTAlRTYlQjElOUYlRTUlQTQlOUMlRTYlQjglQjh8ZW58MXwwfHx8MTc3Mzg4MzQ0N3ww&ixlib=rb-4.1.0&q=80&w=1080,body of water near buildings,False,False,True,珠江夜游 Guangzhou,https://images.unsplash.com/photo-1535391879778-3bae11d29a24?crop=entropy&cs=tinysrgb&fit=max&fm=jpg&ixid=M3w4NTgxMzd8MHwxfHNlYXJjaHwyfHwlRTclOEYlQTAlRTYlQjElOUYlRTUlQTQlOUMlRTYlQjglQjglMjBHdWFuZ3pob3V8ZW58MXwwfHx8MTc3Mzg4MzQ1MHww&ixlib=rb-4.1.0&q=80&w=1080,night mood in guangzhou,False,False,True
深圳-世界之窗-0036,世界之窗,深圳,休闲,window of the world | 世界之窗,世界之窗,https://images.unsplash.com/photo-1707813130463-31d492f072ea?crop=entropy&cs=tinysrgb&fit=max&fm=jpg&ixid=M3w4NTgxMzd8MHwxfHNlYXJjaHwxfHwlRTQlQjglOTYlRTclOTUlOEMlRTQlQjklOEIlRTclQUElOTd8ZW58MXwwfHx8MTc3Mzg4MzQ1M3ww&ixlib=rb-4.1.0&q=80&w=1080,a very large and colorful object with many lights,False,False,True,世界之窗 Shenzhen China landmark,https://images.unsplash.com/photo-1684745339800-c4dcd382da98?crop=entropy&cs=tinysrgb&fit=max&fm=jpg&ixid=M3w4NTgxMzd8MHwxfHNlYXJjaHw3fHwlRTQlQjglOTYlRTclOTUlOEMlRTQlQjklOEIlRTclQUElOTclMjBTaGVuemhlbiUyMENoaW5hJTIwbGFuZG1hcmt8ZW58MXwwfHx8MTc3Mzg4MzQ1OXww&ixlib=rb-4.1.0&q=80&w=1080,"Greener Cities. Li Xiang Park is located in the heart of Nanshan District, Shenzhen, facing Shennan Avenue in the north, Nanshan District Committee Building in the south, Kirin Road in the east, and Sunshine Lijing Building Group in the west, with a total area of 220,000 square meters.",False,False,True
深圳-深圳湾公园-0037,深圳湾公园,深圳,自然风光,shenzhen bay | 深圳湾,深圳湾公园,https://images.unsplash.com/photo-1651932509246-3a1296cae2f0?crop=entropy&cs=tinysrgb&fit=max&fm=jpg&ixid=M3w4NTgxMzd8MHwxfHNlYXJjaHwxfHwlRTYlQjclQjElRTUlOUMlQjMlRTYlQjklQkUlRTUlODUlQUMlRTUlOUIlQUR8ZW58MXwwfHx8MTc3Mzg4MzQ2MHww&ixlib=rb-4.1.0&q=80&w=1080,Birds  in 深圳湾公园,True,False,False,,,,False,True,False
成都-锦里-0038,锦里,成都,历史文化,jinli | 锦里,锦里,,,False,True,False,,,,False,True,False
成都-宽窄巷子-0039,宽窄巷子,成都,历史文化,kuanzhai alley | 宽窄巷子,宽窄巷子,,,False,True,False,,,,False,True,False
成都-成都大熊猫繁育研究基地-0040,成都大熊猫繁育研究基地,成都,自然风光,panda | chengdu research base | 熊猫,成都大熊猫繁育研究基地,,,False,True,False,Chengdu Research Base of Giant Panda Breeding Chengdu China,https://images.unsplash.com/photo-1504713721722-f73b4ccdfe6a?crop=entropy&cs=tinysrgb&fit=max&fm=jpg&ixid=M3w4NTgxMzd8MHwxfHNlYXJjaHwxMHx8Q2hlbmdkdSUyMFJlc2VhcmNoJTIwQmFzZSUyMG9mJTIwR2lhbnQlMjBQYW5kYSUyMEJyZWVkaW5nJTIwQ2hlbmdkdSUyMENoaW5hfGVufDF8MHx8fDE3NzM4NDY1NDZ8MA&ixlib=rb-4.1.0&q=80&w=1080,"A giant panda cub chilling in a tree at the Chengdu Research Base of Giant Panda Breeding. It was such a fun visit, with the cubs running around and playing with each other and the adults gluttonously eating loads of bamboo.",True,False,False
杭州-西湖-0041,西湖,杭州,自然风光,west lake | 西湖,西湖,,,False,True,False,,,,False,True,False
杭州-灵隐寺-0042,灵隐寺,杭州,历史文化,lingyin | lingyin temple | 灵隐寺,灵隐寺,,,False,True,False,,,,False,True,False
南京-夫子庙-0043,夫子庙,南京,历史文化,confucius temple | 夫子庙,夫子庙,,,False,True,False,,,,False,True,False
南京-中山陵-0044,中山陵,南京,历史文化,sun yat-sen mausoleum | 中山陵,中山陵,,,False,True,False,,,,False,True,False
苏州-拙政园-0045,拙政园,苏州,历史文化,humble administrator's garden | 拙政园,拙政园,,,False,True,False,,,,False,True,False
苏州-平江路-0046,平江路,苏州,历史文化,pingjiang road | 平江路,平江路,,,False,True,False,,,,False,True,False
武汉-黄鹤楼-0047,黄鹤楼,武汉,历史文化,yellow crane tower | 黄鹤楼,黄鹤楼,,,False,True,False,,,,False,True,False
武汉-东湖-0048,东湖,武汉,自然风光,east lake | donghu | 东湖,东湖,,,False,True,False,,,,False,True,False
西安-兵马俑-0049,兵马俑,西安,历史文化,terracotta | terracotta army | 兵马俑,兵马俑,,,False,True,False,Terracotta Army,https://images.unsplash.com/photo-1527922891260-918d42a4efc8?crop=entropy&cs=tinysrgb&fit=max&fm=jpg&ixid=M3w4NTgxMzd8MHwxfHNlYXJjaHwxfHxUZXJyYWNvdHRhJTIwQXJteXxlbnwxfDB8fHwxNzczODQ2NTQwfDA&ixlib=rb-4.1.0&q=80&w=1080,"In today’s world of easy access information and increasingly amazing imagery you can often be left underwhelmed when seeing something in reality, It was a plesant surprise to find the Terracotta Army did not just live up to the hype but thoroughly exceeded it, a truly awe inspiring site that they have only just scratched the surface of  

The scale of the site and in particular what is still under the ground is mind bending",True,False,False
西安-大雁塔-0050,大雁塔,西安,历史文化,giant wild goose pagoda | 大雁塔,大雁塔,,,False,True,False,,,,False,True,False
北京-故宫-0051,故宫,北京,历史文化,forbidden city | palace museum | 故宫 | 紫禁城,故宫,https://images.unsplash.com/photo-1636550230446-7632d97d1e77?crop=entropy&cs=tinysrgb&fit=max&fm=jpg&ixid=M3w4NTgxMzd8MHwxfHNlYXJjaHwxfHwlRTYlOTUlODUlRTUlQUUlQUJ8ZW58MXwwfHx8MTc3Mzg0NTAyM3ww&ixlib=rb-4.1.0&q=80&w=1080,故宫雪景,True,False,False,故宫 北京,https://images.unsplash.com/photo-1620826502427-9e8faa18d3f0?crop=entropy&cs=tinysrgb&fit=max&fm=jpg&ixid=M3w4NTgxMzd8MHwxfHNlYXJjaHwxMHx8JUU2JTk1JTg1JUU1JUFFJUFCJTIwJUU1JThDJTk3JUU0JUJBJUFDfGVufDF8MHx8fDE3NzM4NDUwMjd8MA&ixlib=rb-4.1.0&q=80&w=1080,北京故宫博物院,True,False,False
北京-天坛-0052,天坛,北京,历史文化,temple of heaven | 天坛,天坛,https://images.unsplash.com/photo-1584872589930-e99fe5bf4408?crop=entropy&cs=tinysrgb&fit=max&fm=jpg&ixid=M3w4NTgxMzd8MHwxfHNlYXJjaHwxfHwlRTUlQTQlQTklRTUlOUQlOUJ8ZW58MXwwfHx8MTc3Mzg0NTAzMHww&ixlib=rb-4.1.0&q=80&w=1080,"The Temple of Heaven, Beijing, China.",True,False,False,天坛 北京,https://images.unsplash.com/photo-1620033370499-c85e0122f1fc?crop=entropy&cs=tinysrgb&fit=max&fm=jpg&ixid=M3w4NTgxMzd8MHwxfHNlYXJjaHw3fHwlRTUlQTQlQTklRTUlOUQlOUIlMjAlRTUlOEMlOTclRTQlQkElQUN8ZW58MXwwfHx8MTc3Mzg0NTAzNHww&ixlib=rb-4.1.0&q=80&w=1080,北京天坛公园,True,False,False
北京-颐和园-0053,颐和园,北京,历史文化,summer palace | 颐和园,颐和园,https://images.unsplash.com/photo-1669382485231-ef86d9fa986f?crop=entropy&cs=tinysrgb&fit=max&fm=jpg&ixid=M3w4NTgxMzd8MHwxfHNlYXJjaHwxfHwlRTklQTIlOTAlRTUlOTIlOEMlRTUlOUIlQUR8ZW58MXwwfHx8MTc3Mzg4MzM5M3ww&ixlib=rb-4.1.0&q=80&w=1080,北京颐和园,True,False,False,颐和园 北京,https://images.unsplash.com/photo-1620822102340-47c32da50fef?crop=entropy&cs=tinysrgb&fit=max&fm=jpg&ixid=M3w4NTgxMzd8MHwxfHNlYXJjaHwyfHwlRTklQTIlOTAlRTUlOTIlOEMlRTUlOUIlQUQlMjAlRTUlOEMlOTclRTQlQkElQUN8ZW58MXwwfHx8MTc3Mzg4MzM5NHww&ixlib=rb-4.1.0&q=80&w=1080,北京颐和园,True,False,False
北京-八达岭长城-0054,八达岭长城,北京,历史文化,great wall | badaling | 长城,八达岭长城,,,False,True,False,Great Wall Beijing China,https://images.unsplash.com/photo-1724076202408-bfa5548a2b1d?crop=entropy&cs=tinysrgb&fit=max&fm=jpg&ixid=M3w4NTgxMzd8MHwxfHNlYXJjaHw2fHxHcmVhdCUyMFdhbGwlMjBCZWlqaW5nJTIwQ2hpbmF8ZW58MXwwfHx8MTc3Mzg4MzQwOHww&ixlib=rb-4.1.0&q=80&w=1080,"The Great Wall is a must for a China tour, while Badaling is a must for a Great Wall tour. Badaling Great Wall in Beijing is the best-preserved and most complete section among the various, hence the most popular, even among world leaders.",True,False,False
上海-外滩-0055,外滩,上海,城市风光,the bund | waitan | 外滩,外滩,https://images.unsplash.com/photo-1718427778421-ad719f965738?crop=entropy&cs=tinysrgb&fit=max&fm=jpg&ixid=M3w4NTgxMzd8MHwxfHNlYXJjaHwxfHwlRTUlQTQlOTYlRTYlQkIlQTl8ZW58MXwwfHx8MTc3Mzg0NTAzNnww&ixlib=rb-4.1.0&q=80&w=1080,a view of a large city with tall buildings,False,False,True,外滩 Shanghai,https://images.unsplash.com/photo-1592311800804-1b72948c1a99?crop=entropy&cs=tinysrgb&fit=max&fm=jpg&ixid=M3w4NTgxMzd8MHwxfHNlYXJjaHwyfHwlRTUlQTQlOTYlRTYlQkIlQTklMjBTaGFuZ2hhaXxlbnwxfDB8fHwxNzczODQ2NTM1fDA&ixlib=rb-4.1.0&q=80&w=1080,"The Bund
外滩",True,False,False
上海-东方明珠-0056,东方明珠,上海,城市风光,oriental pearl | 东方明珠,东方明珠,https://images.unsplash.com/photo-1508742066636-3b9fb738ee0e?crop=entropy&cs=tinysrgb&fit=max&fm=jpg&ixid=M3w4NTgxMzd8MHwxfHNlYXJjaHwxfHwlRTQlQjglOUMlRTYlOTYlQjklRTYlOTglOEUlRTclOEYlQTB8ZW58MXwwfHx8MTc3Mzg4MzQxOHww&ixlib=rb-4.1.0&q=80&w=1080,body of water beside city,False,False,True,东方明珠 Shanghai,https://images.unsplash.com/photo-1509189692239-6c2bb03eac8a?crop=entropy&cs=tinysrgb&fit=max&fm=jpg&ixid=M3w4NTgxMzd8MHwxfHNlYXJjaHwxMHx8JUU0JUI4JTlDJUU2JTk2JUI5JUU2JTk4JThFJUU3JThGJUEwJTIwU2hhbmdoYWl8ZW58MXwwfHx8MTc3Mzg4MzQyMXww&ixlib=rb-4.1.0&q=80&w=1080,上海东方明珠,True,False,False
上海-迪士尼乐园-0057,迪士尼乐园,上海,休闲,disney | disneyland | 迪士尼,迪士尼乐园,,,False,True,False,迪士尼乐园 Shanghai China,https://images.unsplash.com/photo-1506660889812-c5ba0c735d91?crop=entropy&cs=tinysrgb&fit=max&fm=jpg&ixid=M3w4NTgxMzd8MHwxfHNlYXJjaHw5fHwlRTglQkYlQUElRTUlQTMlQUIlRTUlQjAlQkMlRTQlQjklOTAlRTUlOUIlQUQlMjBTaGFuZ2hhaSUyMENoaW5hfGVufDF8MHx8fDE3NzM4ODM0Mjh8MA&ixlib=rb-4.1.0&q=80&w=1080,"2017 is Shanghai Big World 100 years
2017是上海大世界建成100周年",False,False,True
广州-广州塔-0058,广州塔,广州,城市风光,canton tower | guangzhou tower | 广州塔,广州塔,https://images.unsplash.com/photo-1530021382214-1fc6e31513d5?crop=entropy&cs=tinysrgb&fit=max&fm=jpg&ixid=M3w4NTgxMzd8MHwxfHNlYXJjaHwxfHwlRTUlQjklQkYlRTUlQjclOUUlRTUlQTElOTR8ZW58MXwwfHx8MTc3Mzg4MzQzMXww&ixlib=rb-4.1.0&q=80&w=1080,Guangzhou Tower,True,False,False,pagoda,https://images.unsplash.com/photo-1528164344705-47542687000d?crop=entropy&cs=tinysrgb&fit=max&fm=jpg&ixid=M3w4NTgxMzd8MHwxfHNlYXJjaHwyfHxwYWdvZGF8ZW58MXwwfHx8MTc3Mzg4MzQzN3ww&ixlib=rb-4.1.0&q=80&w=1080,Chureito Pagoda,False,False,True
广州-陈家祠-0059,陈家祠,广州,历史文化,chen clan | chen clan academy | 陈家祠,陈家祠,,,False,True,False,陈家祠 Guangzhou,https://images.unsplash.com/photo-1730053344240-d18b816a764d?crop=entropy&cs=tinysrgb&fit=max&fm=jpg&ixid=M3w4NTgxMzd8MHwxfHNlYXJjaHw0fHwlRTklOTklODglRTUlQUUlQjYlRTclQTUlQTAlMjBHdWFuZ3pob3V8ZW58MXwwfHx8MTc3Mzg4MzQ0M3ww&ixlib=rb-4.1.0&q=80&w=1080,a hidden gem in Guangzhou 🍃,False,False,True
广州-珠江夜游-0060,珠江夜游,广州,城市风光,pearl river | 珠江,珠江夜游,https://images.unsplash.com/photo-1560951803-8d0d8c876bff?crop=entropy&cs=tinysrgb&fit=max&fm=jpg&ixid=M3w4NTgxMzd8MHwxfHNlYXJjaHwxfHwlRTclOEYlQTAlRTYlQjElOUYlRTUlQTQlOUMlRTYlQjglQjh8ZW58MXwwfHx8MTc3Mzg4MzQ0N3ww&ixlib=rb-4.1.0&q=80&w=1080,body of water near buildings,False,False,True,珠江夜游 Guangzhou,https://images.unsplash.com/photo-1535391879778-3bae11d29a24?crop=entropy&cs=tinysrgb&fit=max&fm=jpg&ixid=M3w4NTgxMzd8MHwxfHNlYXJjaHwyfHwlRTclOEYlQTAlRTYlQjElOUYlRTUlQTQlOUMlRTYlQjglQjglMjBHdWFuZ3pob3V8ZW58MXwwfHx8MTc3Mzg4MzQ1MHww&ixlib=rb-4.1.0&q=80&w=1080,night mood in guangzhou,False,False,True
深圳-世界之窗-0061,世界之窗,深圳,休闲,window of the world | 世界之窗,世界之窗,https://images.unsplash.com/photo-1707813130463-31d492f072ea?crop=entropy&cs=tinysrgb&fit=max&fm=jpg&ixid=M3w4NTgxMzd8MHwxfHNlYXJjaHwxfHwlRTQlQjglOTYlRTclOTUlOEMlRTQlQjklOEIlRTclQUElOTd8ZW58MXwwfHx8MTc3Mzg4MzQ1M3ww&ixlib=rb-4.1.0&q=80&w=1080,a very large and colorful object with many lights,False,False,True,世界之窗 Shenzhen China landmark,https://images.unsplash.com/photo-1684745339800-c4dcd382da98?crop=entropy&cs=tinysrgb&fit=max&fm=jpg&ixid=M3w4NTgxMzd8MHwxfHNlYXJjaHw3fHwlRTQlQjglOTYlRTclOTUlOEMlRTQlQjklOEIlRTclQUElOTclMjBTaGVuemhlbiUyMENoaW5hJTIwbGFuZG1hcmt8ZW58MXwwfHx8MTc3Mzg4MzQ1OXww&ixlib=rb-4.1.0&q=80&w=1080,"Greener Cities. Li Xiang Park is located in the heart of Nanshan District, Shenzhen, facing Shennan Avenue in the north, Nanshan District Committee Building in the south, Kirin Road in the east, and Sunshine Lijing Building Group in the west, with a total area of 220,000 square meters.",False,False,True
深圳-深圳湾公园-0062,深圳湾公园,深圳,自然风光,shenzhen bay | 深圳湾,深圳湾公园,https://images.unsplash.com/photo-1651932509246-3a1296cae2f0?crop=entropy&cs=tinysrgb&fit=max&fm=jpg&ixid=M3w4NTgxMzd8MHwxfHNlYXJjaHwxfHwlRTYlQjclQjElRTUlOUMlQjMlRTYlQjklQkUlRTUlODUlQUMlRTUlOUIlQUR8ZW58MXwwfHx8MTc3Mzg4MzQ2MHww&ixlib=rb-4.1.0&q=80&w=1080,Birds  in 深圳湾公园,True,False,False,,,,False,True,False
成都-锦里-0063,锦里,成都,历史文化,jinli | 锦里,锦里,,,False,True,False,,,,False,True,False
成都-宽窄巷子-0064,宽窄巷子,成都,历史文化,kuanzhai alley | 宽窄巷子,宽窄巷子,,,False,True,False,,,,False,True,False
成都-成都大熊猫繁育研究基地-0065,成都大熊猫繁育研究基地,成都,自然风光,panda | chengdu research base | 熊猫,成都大熊猫繁育研究基地,,,False,True,False,Chengdu Research Base of Giant Panda Breeding Chengdu China,https://images.unsplash.com/photo-1504713721722-f73b4ccdfe6a?crop=entropy&cs=tinysrgb&fit=max&fm=jpg&ixid=M3w4NTgxMzd8MHwxfHNlYXJjaHwxMHx8Q2hlbmdkdSUyMFJlc2VhcmNoJTIwQmFzZSUyMG9mJTIwR2lhbnQlMjBQYW5kYSUyMEJyZWVkaW5nJTIwQ2hlbmdkdSUyMENoaW5hfGVufDF8MHx8fDE3NzM4NDY1NDZ8MA&ixlib=rb-4.1.0&q=80&w=1080,"A giant panda cub chilling in a tree at the Chengdu Research Base of Giant Panda Breeding. It was such a fun visit, with the cubs running around and playing with each other and the adults gluttonously eating loads of bamboo.",True,False,False
杭州-西湖-0066,西湖,杭州,自然风光,west lake | 西湖,西湖,,,False,True,False,,,,False,True,False
杭州-灵隐寺-0067,灵隐寺,杭州,历史文化,lingyin | lingyin temple | 灵隐寺,灵隐寺,,,False,True,False,,,,False,True,False
南京-夫子庙-0068,夫子庙,南京,历史文化,confucius temple | 夫子庙,夫子庙,,,False,True,False,,,,False,True,False
南京-中山陵-0069,中山陵,南京,历史文化,sun yat-sen mausoleum | 中山陵,中山陵,,,False,True,False,,,,False,True,False
苏州-拙政园-0070,拙政园,苏州,历史文化,humble administrator's garden | 拙政园,拙政园,,,False,True,False,,,,False,True,False
苏州-平江路-0071,平江路,苏州,历史文化,pingjiang road | 平江路,平江路,,,False,True,False,,,,False,True,False
武汉-黄鹤楼-0072,黄鹤楼,武汉,历史文化,yellow crane tower | 黄鹤楼,黄鹤楼,,,False,True,False,,,,False,True,False
武汉-东湖-0073,东湖,武汉,自然风光,east lake | donghu | 东湖,东湖,,,False,True,False,,,,False,True,False
西安-兵马俑-0074,兵马俑,西安,历史文化,terracotta | terracotta army | 兵马俑,兵马俑,,,False,True,False,Terracotta Army,https://images.unsplash.com/photo-1527922891260-918d42a4efc8?crop=entropy&cs=tinysrgb&fit=max&fm=jpg&ixid=M3w4NTgxMzd8MHwxfHNlYXJjaHwxfHxUZXJyYWNvdHRhJTIwQXJteXxlbnwxfDB8fHwxNzczODQ2NTQwfDA&ixlib=rb-4.1.0&q=80&w=1080,"In today’s world of easy access information and increasingly amazing imagery you can often be left underwhelmed when seeing something in reality, It was a plesant surprise to find the Terracotta Army did not just live up to the hype but thoroughly exceeded it, a truly awe inspiring site that they have only just scratched the surface of  

The scale of the site and in particular what is still under the ground is mind bending",True,False,False
西安-大雁塔-0075,大雁塔,西安,历史文化,giant wild goose pagoda | 大雁塔,大雁塔,,,False,True,False,,,,False,True,False
北京-故宫-0076,故宫,北京,历史文化,forbidden city | palace museum | 故宫 | 紫禁城,故宫,https://images.unsplash.com/photo-1636550230446-7632d97d1e77?crop=entropy&cs=tinysrgb&fit=max&fm=jpg&ixid=M3w4NTgxMzd8MHwxfHNlYXJjaHwxfHwlRTYlOTUlODUlRTUlQUUlQUJ8ZW58MXwwfHx8MTc3Mzg0NTAyM3ww&ixlib=rb-4.1.0&q=80&w=1080,故宫雪景,True,False,False,故宫 北京,https://images.unsplash.com/photo-1620826502427-9e8faa18d3f0?crop=entropy&cs=tinysrgb&fit=max&fm=jpg&ixid=M3w4NTgxMzd8MHwxfHNlYXJjaHwxMHx8JUU2JTk1JTg1JUU1JUFFJUFCJTIwJUU1JThDJTk3JUU0JUJBJUFDfGVufDF8MHx8fDE3NzM4NDUwMjd8MA&ixlib=rb-4.1.0&q=80&w=1080,北京故宫博物院,True,False,False
北京-天坛-0077,天坛,北京,历史文化,temple of heaven | 天坛,天坛,https://images.unsplash.com/photo-1584872589930-e99fe5bf4408?crop=entropy&cs=tinysrgb&fit=max&fm=jpg&ixid=M3w4NTgxMzd8MHwxfHNlYXJjaHwxfHwlRTUlQTQlQTklRTUlOUQlOUJ8ZW58MXwwfHx8MTc3Mzg0NTAzMHww&ixlib=rb-4.1.0&q=80&w=1080,"The Temple of Heaven, Beijing, China.",True,False,False,天坛 北京,https://images.unsplash.com/photo-1620033370499-c85e0122f1fc?crop=entropy&cs=tinysrgb&fit=max&fm=jpg&ixid=M3w4NTgxMzd8MHwxfHNlYXJjaHw3fHwlRTUlQTQlQTklRTUlOUQlOUIlMjAlRTUlOEMlOTclRTQlQkElQUN8ZW58MXwwfHx8MTc3Mzg0NTAzNHww&ixlib=rb-4.1.0&q=80&w=1080,北京天坛公园,True,False,False
北京-颐和园-0078,颐和园,北京,历史文化,summer palace | 颐和园,颐和园,https://images.unsplash.com/photo-1669382485231-ef86d9fa986f?crop=entropy&cs=tinysrgb&fit=max&fm=jpg&ixid=M3w4NTgxMzd8MHwxfHNlYXJjaHwxfHwlRTklQTIlOTAlRTUlOTIlOEMlRTUlOUIlQUR8ZW58MXwwfHx8MTc3Mzg4MzM5M3ww&ixlib=rb-4.1.0&q=80&w=1080,北京颐和园,True,False,False,颐和园 北京,https://images.unsplash.com/photo-1620822102340-47c32da50fef?crop=entropy&cs=tinysrgb&fit=max&fm=jpg&ixid=M3w4NTgxMzd8MHwxfHNlYXJjaHwyfHwlRTklQTIlOTAlRTUlOTIlOEMlRTUlOUIlQUQlMjAlRTUlOEMlOTclRTQlQkElQUN8ZW58MXwwfHx8MTc3Mzg4MzM5NHww&ixlib=rb-4.1.0&q=80&w=1080,北京颐和园,True,False,False
北京-八达岭长城-0079,八达岭长城,北京,历史文化,great wall | badaling | 长城,八达岭长城,,,False,True,False,Great Wall Beijing China,https://images.unsplash.com/photo-1724076202408-bfa5548a2b1d?crop=entropy&cs=tinysrgb&fit=max&fm=jpg&ixid=M3w4NTgxMzd8MHwxfHNlYXJjaHw2fHxHcmVhdCUyMFdhbGwlMjBCZWlqaW5nJTIwQ2hpbmF8ZW58MXwwfHx8MTc3Mzg4MzQwOHww&ixlib=rb-4.1.0&q=80&w=1080,"The Great Wall is a must for a China tour, while Badaling is a must for a Great Wall tour. Badaling Great Wall in Beijing is the best-preserved and most complete section among the various, hence the most popular, even among world leaders.",True,False,False
上海-外滩-0080,外滩,上海,城市风光,the bund | waitan | 外滩,外滩,https://images.unsplash.com/photo-1718427778421-ad719f965738?crop=entropy&cs=tinysrgb&fit=max&fm=jpg&ixid=M3w4NTgxMzd8MHwxfHNlYXJjaHwxfHwlRTUlQTQlOTYlRTYlQkIlQTl8ZW58MXwwfHx8MTc3Mzg0NTAzNnww&ixlib=rb-4.1.0&q=80&w=1080,a view of a large city with tall buildings,False,False,True,外滩 Shanghai,https://images.unsplash.com/photo-1592311800804-1b72948c1a99?crop=entropy&cs=tinysrgb&fit=max&fm=jpg&ixid=M3w4NTgxMzd8MHwxfHNlYXJjaHwyfHwlRTUlQTQlOTYlRTYlQkIlQTklMjBTaGFuZ2hhaXxlbnwxfDB8fHwxNzczODQ2NTM1fDA&ixlib=rb-4.1.0&q=80&w=1080,"The Bund
外滩",True,False,False
上海-东方明珠-0081,东方明珠,上海,城市风光,oriental pearl | 东方明珠,东方明珠,https://images.unsplash.com/photo-1508742066636-3b9fb738ee0e?crop=entropy&cs=tinysrgb&fit=max&fm=jpg&ixid=M3w4NTgxMzd8MHwxfHNlYXJjaHwxfHwlRTQlQjglOUMlRTYlOTYlQjklRTYlOTglOEUlRTclOEYlQTB8ZW58MXwwfHx8MTc3Mzg4MzQxOHww&ixlib=rb-4.1.0&q=80&w=1080,body of water beside city,False,False,True,东方明珠 Shanghai,https://images.unsplash.com/photo-1509189692239-6c2bb03eac8a?crop=entropy&cs=tinysrgb&fit=max&fm=jpg&ixid=M3w4NTgxMzd8MHwxfHNlYXJjaHwxMHx8JUU0JUI4JTlDJUU2JTk2JUI5JUU2JTk4JThFJUU3JThGJUEwJTIwU2hhbmdoYWl8ZW58MXwwfHx8MTc3Mzg4MzQyMXww&ixlib=rb-4.1.0&q=80&w=1080,上海东方明珠,True,False,False
上海-迪士尼乐园-0082,迪士尼乐园,上海,休闲,disney | disneyland | 迪士尼,迪士尼乐园,,,False,True,False,迪士尼乐园 Shanghai China,https://images.unsplash.com/photo-1506660889812-c5ba0c735d91?crop=entropy&cs=tinysrgb&fit=max&fm=jpg&ixid=M3w4NTgxMzd8MHwxfHNlYXJjaHw5fHwlRTglQkYlQUElRTUlQTMlQUIlRTUlQjAlQkMlRTQlQjklOTAlRTUlOUIlQUQlMjBTaGFuZ2hhaSUyMENoaW5hfGVufDF8MHx8fDE3NzM4ODM0Mjh8MA&ixlib=rb-4.1.0&q=80&w=1080,"2017 is Shanghai Big World 100 years
2017是上海大世界建成100周年",False,False,True
广州-广州塔-0083,广州塔,广州,城市风光,canton tower | guangzhou tower | 广州塔,广州塔,https://images.unsplash.com/photo-1530021382214-1fc6e31513d5?crop=entropy&cs=tinysrgb&fit=max&fm=jpg&ixid=M3w4NTgxMzd8MHwxfHNlYXJjaHwxfHwlRTUlQjklQkYlRTUlQjclOUUlRTUlQTElOTR8ZW58MXwwfHx8MTc3Mzg4MzQzMXww&ixlib=rb-4.1.0&q=80&w=1080,Guangzhou Tower,True,False,False,pagoda,https://images.unsplash.com/photo-1528164344705-47542687000d?crop=entropy&cs=tinysrgb&fit=max&fm=jpg&ixid=M3w4NTgxMzd8MHwxfHNlYXJjaHwyfHxwYWdvZGF8ZW58MXwwfHx8MTc3Mzg4MzQzN3ww&ixlib=rb-4.1.0&q=80&w=1080,Chureito Pagoda,False,False,True
广州-陈家祠-0084,陈家祠,广州,历史文化,chen clan | chen clan academy | 陈家祠,陈家祠,,,False,True,False,陈家祠 Guangzhou,https://images.unsplash.com/photo-1730053344240-d18b816a764d?crop=entropy&cs=tinysrgb&fit=max&fm=jpg&ixid=M3w4NTgxMzd8MHwxfHNlYXJjaHw0fHwlRTklOTklODglRTUlQUUlQjYlRTclQTUlQTAlMjBHdWFuZ3pob3V8ZW58MXwwfHx8MTc3Mzg4MzQ0M3ww&ixlib=rb-4.1.0&q=80&w=1080,a hidden gem in Guangzhou 🍃,False,False,True
广州-珠江夜游-0085,珠江夜游,广州,城市风光,pearl river | 珠江,珠江夜游,https://images.unsplash.com/photo-1560951803-8d0d8c876bff?crop=entropy&cs=tinysrgb&fit=max&fm=jpg&ixid=M3w4NTgxMzd8MHwxfHNlYXJjaHwxfHwlRTclOEYlQTAlRTYlQjElOUYlRTUlQTQlOUMlRTYlQjglQjh8ZW58MXwwfHx8MTc3Mzg4MzQ0N3ww&ixlib=rb-4.1.0&q=80&w=1080,body of water near buildings,False,False,True,珠江夜游 Guangzhou,https://images.unsplash.com/photo-1535391879778-3bae11d29a24?crop=entropy&cs=tinysrgb&fit=max&fm=jpg&ixid=M3w4NTgxMzd8MHwxfHNlYXJjaHwyfHwlRTclOEYlQTAlRTYlQjElOUYlRTUlQTQlOUMlRTYlQjglQjglMjBHdWFuZ3pob3V8ZW58MXwwfHx8MTc3Mzg4MzQ1MHww&ixlib=rb-4.1.0&q=80&w=1080,night mood in guangzhou,False,False,True
深圳-世界之窗-0086,世界之窗,深圳,休闲,window of the world | 世界之窗,世界之窗,https://images.unsplash.com/photo-1707813130463-31d492f072ea?crop=entropy&cs=tinysrgb&fit=max&fm=jpg&ixid=M3w4NTgxMzd8MHwxfHNlYXJjaHwxfHwlRTQlQjglOTYlRTclOTUlOEMlRTQlQjklOEIlRTclQUElOTd8ZW58MXwwfHx8MTc3Mzg4MzQ1M3ww&ixlib=rb-4.1.0&q=80&w=1080,a very large and colorful object with many lights,False,False,True,世界之窗 Shenzhen China landmark,https://images.unsplash.com/photo-1684745339800-c4dcd382da98?crop=entropy&cs=tinysrgb&fit=max&fm=jpg&ixid=M3w4NTgxMzd8MHwxfHNlYXJjaHw3fHwlRTQlQjglOTYlRTclOTUlOEMlRTQlQjklOEIlRTclQUElOTclMjBTaGVuemhlbiUyMENoaW5hJTIwbGFuZG1hcmt8ZW58MXwwfHx8MTc3Mzg4MzQ1OXww&ixlib=rb-4.1.0&q=80&w=1080,"Greener Cities. Li Xiang Park is located in the heart of Nanshan District, Shenzhen, facing Shennan Avenue in the north, Nanshan District Committee Building in the south, Kirin Road in the east, and Sunshine Lijing Building Group in the west, with a total area of 220,000 square meters.",False,False,True
深圳-深圳湾公园-0087,深圳湾公园,深圳,自然风光,shenzhen bay | 深圳湾,深圳湾公园,https://images.unsplash.com/photo-1651932509246-3a1296cae2f0?crop=entropy&cs=tinysrgb&fit=max&fm=jpg&ixid=M3w4NTgxMzd8MHwxfHNlYXJjaHwxfHwlRTYlQjclQjElRTUlOUMlQjMlRTYlQjklQkUlRTUlODUlQUMlRTUlOUIlQUR8ZW58MXwwfHx8MTc3Mzg4MzQ2MHww&ixlib=rb-4.1.0&q=80&w=1080,Birds  in 深圳湾公园,True,False,False,,,,False,True,False
成都-锦里-0088,锦里,成都,历史文化,jinli | 锦里,锦里,,,False,True,False,,,,False,True,False
成都-宽窄巷子-0089,宽窄巷子,成都,历史文化,kuanzhai alley | 宽窄巷子,宽窄巷子,,,False,True,False,,,,False,True,False
成都-成都大熊猫繁育研究基地-0090,成都大熊猫繁育研究基地,成都,自然风光,panda | chengdu research base | 熊猫,成都大熊猫繁育研究基地,,,False,True,False,Chengdu Research Base of Giant Panda Breeding Chengdu China,https://images.unsplash.com/photo-1504713721722-f73b4ccdfe6a?crop=entropy&cs=tinysrgb&fit=max&fm=jpg&ixid=M3w4NTgxMzd8MHwxfHNlYXJjaHwxMHx8Q2hlbmdkdSUyMFJlc2VhcmNoJTIwQmFzZSUyMG9mJTIwR2lhbnQlMjBQYW5kYSUyMEJyZWVkaW5nJTIwQ2hlbmdkdSUyMENoaW5hfGVufDF8MHx8fDE3NzM4NDY1NDZ8MA&ixlib=rb-4.1.0&q=80&w=1080,"A giant panda cub chilling in a tree at the Chengdu Research Base of Giant Panda Breeding. It was such a fun visit, with the cubs running around and playing with each other and the adults gluttonously eating loads of bamboo.",True,False,False
杭州-西湖-0091,西湖,杭州,自然风光,west lake | 西湖,西湖,,,False,True,False,,,,False,True,False
杭州-灵隐寺-0092,灵隐寺,杭州,历史文化,lingyin | lingyin temple | 灵隐寺,灵隐寺,,,False,True,False,,,,False,True,False
南京-夫子庙-0093,夫子庙,南京,历史文化,confucius temple | 夫子庙,夫子庙,,,False,True,False,,,,False,True,False
南京-中山陵-0094,中山陵,南京,历史文化,sun yat-sen mausoleum | 中山陵,中山陵,,,False,True,False,,,,False,True,False
苏州-拙政园-0095,拙政园,苏州,历史文化,humble administrator's garden | 拙政园,拙政园,,,False,True,False,,,,False,True,False
苏州-平江路-0096,平江路,苏州,历史文化,pingjiang road | 平江路,平江路,,,False,True,False,,,,False,True,False
武汉-黄鹤楼-0097,黄鹤楼,武汉,历史文化,yellow crane tower | 黄鹤楼,黄鹤楼,,,False,True,False,,,,False,True,False
武汉-东湖-0098,东湖,武汉,自然风光,east lake | donghu | 东湖,东湖,,,False,True,False,,,,False,True,False
西安-兵马俑-0099,兵马俑,西安,历史文化,terracotta | terracotta army | 兵马俑,兵马俑,,,False,True,False,Terracotta Army,https://images.unsplash.com/photo-1527922891260-918d42a4efc8?crop=entropy&cs=tinysrgb&fit=max&fm=jpg&ixid=M3w4NTgxMzd8MHwxfHNlYXJjaHwxfHxUZXJyYWNvdHRhJTIwQXJteXxlbnwxfDB8fHwxNzczODQ2NTQwfDA&ixlib=rb-4.1.0&q=80&w=1080,"In today’s world of easy access information and increasingly amazing imagery you can often be left underwhelmed when seeing something in reality, It was a plesant surprise to find the Terracotta Army did not just live up to the hype but thoroughly exceeded it, a truly awe inspiring site that they have only just scratched the surface of  

The scale of the site and in particular what is still under the ground is mind bending",True,False,False
西安-大雁塔-0100,大雁塔,西安,历史文化,giant wild goose pagoda | 大雁塔,大雁塔,,,False,True,False,,,,False,True,False
北京-故宫-0101,故宫,北京,历史文化,forbidden city | palace museum | 故宫 | 紫禁城,故宫,https://images.unsplash.com/photo-1636550230446-7632d97d1e77?crop=entropy&cs=tinysrgb&fit=max&fm=jpg&ixid=M3w4NTgxMzd8MHwxfHNlYXJjaHwxfHwlRTYlOTUlODUlRTUlQUUlQUJ8ZW58MXwwfHx8MTc3Mzg0NTAyM3ww&ixlib=rb-4.1.0&q=80&w=1080,故宫雪景,True,False,False,故宫 北京,https://images.unsplash.com/photo-1620826502427-9e8faa18d3f0?crop=entropy&cs=tinysrgb&fit=max&fm=jpg&ixid=M3w4NTgxMzd8MHwxfHNlYXJjaHwxMHx8JUU2JTk1JTg1JUU1JUFFJUFCJTIwJUU1JThDJTk3JUU0JUJBJUFDfGVufDF8MHx8fDE3NzM4NDUwMjd8MA&ixlib=rb-4.1.0&q=80&w=1080,北京故宫博物院,True,False,False
北京-天坛-0102,天坛,北京,历史文化,temple of heaven | 天坛,天坛,https://images.unsplash.com/photo-1584872589930-e99fe5bf4408?crop=entropy&cs=tinysrgb&fit=max&fm=jpg&ixid=M3w4NTgxMzd8MHwxfHNlYXJjaHwxfHwlRTUlQTQlQTklRTUlOUQlOUJ8ZW58MXwwfHx8MTc3Mzg0NTAzMHww&ixlib=rb-4.1.0&q=80&w=1080,"The Temple of Heaven, Beijing, China.",True,False,False,天坛 北京,https://images.unsplash.com/photo-1620033370499-c85e0122f1fc?crop=entropy&cs=tinysrgb&fit=max&fm=jpg&ixid=M3w4NTgxMzd8MHwxfHNlYXJjaHw3fHwlRTUlQTQlQTklRTUlOUQlOUIlMjAlRTUlOEMlOTclRTQlQkElQUN8ZW58MXwwfHx8MTc3Mzg0NTAzNHww&ixlib=rb-4.1.0&q=80&w=1080,北京天坛公园,True,False,False
北京-颐和园-0103,颐和园,北京,历史文化,summer palace | 颐和园,颐和园,https://images.unsplash.com/photo-1669382485231-ef86d9fa986f?crop=entropy&cs=tinysrgb&fit=max&fm=jpg&ixid=M3w4NTgxMzd8MHwxfHNlYXJjaHwxfHwlRTklQTIlOTAlRTUlOTIlOEMlRTUlOUIlQUR8ZW58MXwwfHx8MTc3Mzg4MzM5M3ww&ixlib=rb-4.1.0&q=80&w=1080,北京颐和园,True,False,False,颐和园 北京,https://images.unsplash.com/photo-1620822102340-47c32da50fef?crop=entropy&cs=tinysrgb&fit=max&fm=jpg&ixid=M3w4NTgxMzd8MHwxfHNlYXJjaHwyfHwlRTklQTIlOTAlRTUlOTIlOEMlRTUlOUIlQUQlMjAlRTUlOEMlOTclRTQlQkElQUN8ZW58MXwwfHx8MTc3Mzg4MzM5NHww&ixlib=rb-4.1.0&q=80&w=1080,北京颐和园,True,False,False
北京-八达岭长城-0104,八达岭长城,北京,历史文化,great wall | badaling | 长城,八达岭长城,,,False,True,False,Great Wall Beijing China,https://images.unsplash.com/photo-1724076202408-bfa5548a2b1d?crop=entropy&cs=tinysrgb&fit=max&fm=jpg&ixid=M3w4NTgxMzd8MHwxfHNlYXJjaHw2fHxHcmVhdCUyMFdhbGwlMjBCZWlqaW5nJTIwQ2hpbmF8ZW58MXwwfHx8MTc3Mzg4MzQwOHww&ixlib=rb-4.1.0&q=80&w=1080,"The Great Wall is a must for a China tour, while Badaling is a must for a Great Wall tour. Badaling Great Wall in Beijing is the best-preserved and most complete section among the various, hence the most popular, even among world leaders.",True,False,False
上海-外滩-0105,外滩,上海,城市风光,the bund | waitan | 外滩,外滩,https://images.unsplash.com/photo-1718427778421-ad719f965738?crop=entropy&cs=tinysrgb&fit=max&fm=jpg&ixid=M3w4NTgxMzd8MHwxfHNlYXJjaHwxfHwlRTUlQTQlOTYlRTYlQkIlQTl8ZW58MXwwfHx8MTc3Mzg0NTAzNnww&ixlib=rb-4.1.0&q=80&w=1080,a view of a large city with tall buildings,False,False,True,外滩 Shanghai,https://images.unsplash.com/photo-1592311800804-1b72948c1a99?crop=entropy&cs=tinysrgb&fit=max&fm=jpg&ixid=M3w4NTgxMzd8MHwxfHNlYXJjaHwyfHwlRTUlQTQlOTYlRTYlQkIlQTklMjBTaGFuZ2hhaXxlbnwxfDB8fHwxNzczODQ2NTM1fDA&ixlib=rb-4.1.0&q=80&w=1080,"The Bund
外滩",True,False,False
上海-东方明珠-0106,东方明珠,上海,城市风光,oriental pearl | 东方明珠,东方明珠,https://images.unsplash.com/photo-1508742066636-3b9fb738ee0e?crop=entropy&cs=tinysrgb&fit=max&fm=jpg&ixid=M3w4NTgxMzd8MHwxfHNlYXJjaHwxfHwlRTQlQjglOUMlRTYlOTYlQjklRTYlOTglOEUlRTclOEYlQTB8ZW58MXwwfHx8MTc3Mzg4MzQxOHww&ixlib=rb-4.1.0&q=80&w=1080,body of water beside city,False,False,True,东方明珠 Shanghai,https://images.unsplash.com/photo-1509189692239-6c2bb03eac8a?crop=entropy&cs=tinysrgb&fit=max&fm=jpg&ixid=M3w4NTgxMzd8MHwxfHNlYXJjaHwxMHx8JUU0JUI4JTlDJUU2JTk2JUI5JUU2JTk4JThFJUU3JThGJUEwJTIwU2hhbmdoYWl8ZW58MXwwfHx8MTc3Mzg4MzQyMXww&ixlib=rb-4.1.0&q=80&w=1080,上海东方明珠,True,False,False
上海-迪士尼乐园-0107,迪士尼乐园,上海,休闲,disney | disneyland | 迪士尼,迪士尼乐园,,,False,True,False,迪士尼乐园 Shanghai China,https://images.unsplash.com/photo-1506660889812-c5ba0c735d91?crop=entropy&cs=tinysrgb&fit=max&fm=jpg&ixid=M3w4NTgxMzd8MHwxfHNlYXJjaHw5fHwlRTglQkYlQUElRTUlQTMlQUIlRTUlQjAlQkMlRTQlQjklOTAlRTUlOUIlQUQlMjBTaGFuZ2hhaSUyMENoaW5hfGVufDF8MHx8fDE3NzM4ODM0Mjh8MA&ixlib=rb-4.1.0&q=80&w=1080,"2017 is Shanghai Big World 100 years
2017是上海大世界建成100周年",False,False,True
广州-广州塔-0108,广州塔,广州,城市风光,canton tower | guangzhou tower | 广州塔,广州塔,https://images.unsplash.com/photo-1530021382214-1fc6e31513d5?crop=entropy&cs=tinysrgb&fit=max&fm=jpg&ixid=M3w4NTgxMzd8MHwxfHNlYXJjaHwxfHwlRTUlQjklQkYlRTUlQjclOUUlRTUlQTElOTR8ZW58MXwwfHx8MTc3Mzg4MzQzMXww&ixlib=rb-4.1.0&q=80&w=1080,Guangzhou Tower,True,False,False,pagoda,https://images.unsplash.com/photo-1528164344705-47542687000d?crop=entropy&cs=tinysrgb&fit=max&fm=jpg&ixid=M3w4NTgxMzd8MHwxfHNlYXJjaHwyfHxwYWdvZGF8ZW58MXwwfHx8MTc3Mzg4MzQzN3ww&ixlib=rb-4.1.0&q=80&w=1080,Chureito Pagoda,False,False,True
广州-陈家祠-0109,陈家祠,广州,历史文化,chen clan | chen clan academy | 陈家祠,陈家祠,,,False,True,False,陈家祠 Guangzhou,https://images.unsplash.com/photo-1730053344240-d18b816a764d?crop=entropy&cs=tinysrgb&fit=max&fm=jpg&ixid=M3w4NTgxMzd8MHwxfHNlYXJjaHw0fHwlRTklOTklODglRTUlQUUlQjYlRTclQTUlQTAlMjBHdWFuZ3pob3V8ZW58MXwwfHx8MTc3Mzg4MzQ0M3ww&ixlib=rb-4.1.0&q=80&w=1080,a hidden gem in Guangzhou 🍃,False,False,True
广州-珠江夜游-0110,珠江夜游,广州,城市风光,pearl river | 珠江,珠江夜游,https://images.unsplash.com/photo-1560951803-8d0d8c876bff?crop=entropy&cs=tinysrgb&fit=max&fm=jpg&ixid=M3w4NTgxMzd8MHwxfHNlYXJjaHwxfHwlRTclOEYlQTAlRTYlQjElOUYlRTUlQTQlOUMlRTYlQjglQjh8ZW58MXwwfHx8MTc3Mzg4MzQ0N3ww&ixlib=rb-4.1.0&q=80&w=1080,body of water near buildings,False,False,True,珠江夜游 Guangzhou,https://images.unsplash.com/photo-1535391879778-3bae11d29a24?crop=entropy&cs=tinysrgb&fit=max&fm=jpg&ixid=M3w4NTgxMzd8MHwxfHNlYXJjaHwyfHwlRTclOEYlQTAlRTYlQjElOUYlRTUlQTQlOUMlRTYlQjglQjglMjBHdWFuZ3pob3V8ZW58MXwwfHx8MTc3Mzg4MzQ1MHww&ixlib=rb-4.1.0&q=80&w=1080,night mood in guangzhou,False,False,True
深圳-世界之窗-0111,世界之窗,深圳,休闲,window of the world | 世界之窗,世界之窗,https://images.unsplash.com/photo-1707813130463-31d492f072ea?crop=entropy&cs=tinysrgb&fit=max&fm=jpg&ixid=M3w4NTgxMzd8MHwxfHNlYXJjaHwxfHwlRTQlQjglOTYlRTclOTUlOEMlRTQlQjklOEIlRTclQUElOTd8ZW58MXwwfHx8MTc3Mzg4MzQ1M3ww&ixlib=rb-4.1.0&q=80&w=1080,a very large and colorful object with many lights,False,False,True,世界之窗 Shenzhen China landmark,https://images.unsplash.com/photo-1684745339800-c4dcd382da98?crop=entropy&cs=tinysrgb&fit=max&fm=jpg&ixid=M3w4NTgxMzd8MHwxfHNlYXJjaHw3fHwlRTQlQjglOTYlRTclOTUlOEMlRTQlQjklOEIlRTclQUElOTclMjBTaGVuemhlbiUyMENoaW5hJTIwbGFuZG1hcmt8ZW58MXwwfHx8MTc3Mzg4MzQ1OXww&ixlib=rb-4.1.0&q=80&w=1080,"Greener Cities. Li Xiang Park is located in the heart of Nanshan District, Shenzhen, facing Shennan Avenue in the north, Nanshan District Committee Building in the south, Kirin Road in the east, and Sunshine Lijing Building Group in the west, with a total area of 220,000 square meters.",False,False,True
深圳-深圳湾公园-0112,深圳湾公园,深圳,自然风光,shenzhen bay | 深圳湾,深圳湾公园,https://images.unsplash.com/photo-1651932509246-3a1296cae2f0?crop=entropy&cs=tinysrgb&fit=max&fm=jpg&ixid=M3w4NTgxMzd8MHwxfHNlYXJjaHwxfHwlRTYlQjclQjElRTUlOUMlQjMlRTYlQjklQkUlRTUlODUlQUMlRTUlOUIlQUR8ZW58MXwwfHx8MTc3Mzg4MzQ2MHww&ixlib=rb-4.1.0&q=80&w=1080,Birds  in 深圳湾公园,True,False,False,,,,False,True,False
成都-锦里-0113,锦里,成都,历史文化,jinli | 锦里,锦里,,,False,True,False,,,,False,True,False
成都-宽窄巷子-0114,宽窄巷子,成都,历史文化,kuanzhai alley | 宽窄巷子,宽窄巷子,,,False,True,False,,,,False,True,False
成都-成都大熊猫繁育研究基地-0115,成都大熊猫繁育研究基地,成都,自然风光,panda | chengdu research base | 熊猫,成都大熊猫繁育研究基地,,,False,True,False,Chengdu Research Base of Giant Panda Breeding Chengdu China,https://images.unsplash.com/photo-1504713721722-f73b4ccdfe6a?crop=entropy&cs=tinysrgb&fit=max&fm=jpg&ixid=M3w4NTgxMzd8MHwxfHNlYXJjaHwxMHx8Q2hlbmdkdSUyMFJlc2VhcmNoJTIwQmFzZSUyMG9mJTIwR2lhbnQlMjBQYW5kYSUyMEJyZWVkaW5nJTIwQ2hlbmdkdSUyMENoaW5hfGVufDF8MHx8fDE3NzM4NDY1NDZ8MA&ixlib=rb-4.1.0&q=80&w=1080,"A giant panda cub chilling in a tree at the Chengdu Research Base of Giant Panda Breeding. It was such a fun visit, with the cubs running around and playing with each other and the adults gluttonously eating loads of bamboo.",True,False,False
杭州-西湖-0116,西湖,杭州,自然风光,west lake | 西湖,西湖,,,False,True,False,,,,False,True,False
杭州-灵隐寺-0117,灵隐寺,杭州,历史文化,lingyin | lingyin temple | 灵隐寺,灵隐寺,,,False,True,False,,,,False,True,False
南京-夫子庙-0118,夫子庙,南京,历史文化,confucius temple | 夫子庙,夫子庙,,,False,True,False,,,,False,True,False
南京-中山陵-0119,中山陵,南京,历史文化,sun yat-sen mausoleum | 中山陵,中山陵,,,False,True,False,,,,False,True,False
苏州-拙政园-0120,拙政园,苏州,历史文化,humble administrator's garden | 拙政园,拙政园,,,False,True,False,,,,False,True,False
苏州-平江路-0121,平江路,苏州,历史文化,pingjiang road | 平江路,平江路,,,False,True,False,,,,False,True,False
武汉-黄鹤楼-0122,黄鹤楼,武汉,历史文化,yellow crane tower | 黄鹤楼,黄鹤楼,,,False,True,False,,,,False,True,False
武汉-东湖-0123,东湖,武汉,自然风光,east lake | donghu | 东湖,东湖,,,False,True,False,,,,False,True,False
西安-兵马俑-0124,兵马俑,西安,历史文化,terracotta | terracotta army | 兵马俑,兵马俑,,,False,True,False,Terracotta Army,https://images.unsplash.com/photo-1527922891260-918d42a4efc8?crop=entropy&cs=tinysrgb&fit=max&fm=jpg&ixid=M3w4NTgxMzd8MHwxfHNlYXJjaHwxfHxUZXJyYWNvdHRhJTIwQXJteXxlbnwxfDB8fHwxNzczODQ2NTQwfDA&ixlib=rb-4.1.0&q=80&w=1080,"In today’s world of easy access information and increasingly amazing imagery you can often be left underwhelmed when seeing something in reality, It was a plesant surprise to find the Terracotta Army did not just live up to the hype but thoroughly exceeded it, a truly awe inspiring site that they have only just scratched the surface of  

The scale of the site and in particular what is still under the ground is mind bending",True,False,False
西安-大雁塔-0125,大雁塔,西安,历史文化,giant wild goose pagoda | 大雁塔,大雁塔,,,False,True,False,,,,False,True,False
北京-故宫-0126,故宫,北京,历史文化,forbidden city | palace museum | 故宫 | 紫禁城,故宫,https://images.unsplash.com/photo-1636550230446-7632d97d1e77?crop=entropy&cs=tinysrgb&fit=max&fm=jpg&ixid=M3w4NTgxMzd8MHwxfHNlYXJjaHwxfHwlRTYlOTUlODUlRTUlQUUlQUJ8ZW58MXwwfHx8MTc3Mzg0NTAyM3ww&ixlib=rb-4.1.0&q=80&w=1080,故宫雪景,True,False,False,故宫 北京,https://images.unsplash.com/photo-1620826502427-9e8faa18d3f0?crop=entropy&cs=tinysrgb&fit=max&fm=jpg&ixid=M3w4NTgxMzd8MHwxfHNlYXJjaHwxMHx8JUU2JTk1JTg1JUU1JUFFJUFCJTIwJUU1JThDJTk3JUU0JUJBJUFDfGVufDF8MHx8fDE3NzM4NDUwMjd8MA&ixlib=rb-4.1.0&q=80&w=1080,北京故宫博物院,True,False,False
北京-天坛-0127,天坛,北京,历史文化,temple of heaven | 天坛,天坛,https://images.unsplash.com/photo-1584872589930-e99fe5bf4408?crop=entropy&cs=tinysrgb&fit=max&fm=jpg&ixid=M3w4NTgxMzd8MHwxfHNlYXJjaHwxfHwlRTUlQTQlQTklRTUlOUQlOUJ8ZW58MXwwfHx8MTc3Mzg0NTAzMHww&ixlib=rb-4.1.0&q=80&w=1080,"The Temple of Heaven, Beijing, China.",True,False,False,天坛 北京,https://images.unsplash.com/photo-1620033370499-c85e0122f1fc?crop=entropy&cs=tinysrgb&fit=max&fm=jpg&ixid=M3w4NTgxMzd8MHwxfHNlYXJjaHw3fHwlRTUlQTQlQTklRTUlOUQlOUIlMjAlRTUlOEMlOTclRTQlQkElQUN8ZW58MXwwfHx8MTc3Mzg0NTAzNHww&ixlib=rb-4.1.0&q=80&w=1080,北京天坛公园,True,False,False
北京-颐和园-0128,颐和园,北京,历史文化,summer palace | 颐和园,颐和园,https://images.unsplash.com/photo-1669382485231-ef86d9fa986f?crop=entropy&cs=tinysrgb&fit=max&fm=jpg&ixid=M3w4NTgxMzd8MHwxfHNlYXJjaHwxfHwlRTklQTIlOTAlRTUlOTIlOEMlRTUlOUIlQUR8ZW58MXwwfHx8MTc3Mzg4MzM5M3ww&ixlib=rb-4.1.0&q=80&w=1080,北京颐和园,True,False,False,颐和园 北京,https://images.unsplash.com/photo-1620822102340-47c32da50fef?crop=entropy&cs=tinysrgb&fit=max&fm=jpg&ixid=M3w4NTgxMzd8MHwxfHNlYXJjaHwyfHwlRTklQTIlOTAlRTUlOTIlOEMlRTUlOUIlQUQlMjAlRTUlOEMlOTclRTQlQkElQUN8ZW58MXwwfHx8MTc3Mzg4MzM5NHww&ixlib=rb-4.1.0&q=80&w=1080,北京颐和园,True,False,False
北京-八达岭长城-0129,八达岭长城,北京,历史文化,great wall | badaling | 长城,八达岭长城,,,False,True,False,Great Wall Beijing China,https://images.unsplash.com/photo-1724076202408-bfa5548a2b1d?crop=entropy&cs=tinysrgb&fit=max&fm=jpg&ixid=M3w4NTgxMzd8MHwxfHNlYXJjaHw2fHxHcmVhdCUyMFdhbGwlMjBCZWlqaW5nJTIwQ2hpbmF8ZW58MXwwfHx8MTc3Mzg4MzQwOHww&ixlib=rb-4.1.0&q=80&w=1080,"The Great Wall is a must for a China tour, while Badaling is a must for a Great Wall tour. Badaling Great Wall in Beijing is the best-preserved and most complete section among the various, hence the most popular, even among world leaders.",True,False,False
上海-外滩-0130,外滩,上海,城市风光,the bund | waitan | 外滩,外滩,https://images.unsplash.com/photo-1718427778421-ad719f965738?crop=entropy&cs=tinysrgb&fit=max&fm=jpg&ixid=M3w4NTgxMzd8MHwxfHNlYXJjaHwxfHwlRTUlQTQlOTYlRTYlQkIlQTl8ZW58MXwwfHx8MTc3Mzg0NTAzNnww&ixlib=rb-4.1.0&q=80&w=1080,a view of a large city with tall buildings,False,False,True,外滩 Shanghai,https://images.unsplash.com/photo-1592311800804-1b72948c1a99?crop=entropy&cs=tinysrgb&fit=max&fm=jpg&ixid=M3w4NTgxMzd8MHwxfHNlYXJjaHwyfHwlRTUlQTQlOTYlRTYlQkIlQTklMjBTaGFuZ2hhaXxlbnwxfDB8fHwxNzczODQ2NTM1fDA&ixlib=rb-4.1.0&q=80&w=1080,"The Bund
外滩",True,False,False
上海-东方明珠-0131,东方明珠,上海,城市风光,oriental pearl | 东方明珠,东方明珠,https://images.unsplash.com/photo-1508742066636-3b9fb738ee0e?crop=entropy&cs=tinysrgb&fit=max&fm=jpg&ixid=M3w4NTgxMzd8MHwxfHNlYXJjaHwxfHwlRTQlQjglOUMlRTYlOTYlQjklRTYlOTglOEUlRTclOEYlQTB8ZW58MXwwfHx8MTc3Mzg4MzQxOHww&ixlib=rb-4.1.0&q=80&w=1080,body of water beside city,False,False,True,东方明珠 Shanghai,https://images.unsplash.com/photo-1509189692239-6c2bb03eac8a?crop=entropy&cs=tinysrgb&fit=max&fm=jpg&ixid=M3w4NTgxMzd8MHwxfHNlYXJjaHwxMHx8JUU0JUI4JTlDJUU2JTk2JUI5JUU2JTk4JThFJUU3JThGJUEwJTIwU2hhbmdoYWl8ZW58MXwwfHx8MTc3Mzg4MzQyMXww&ixlib=rb-4.1.0&q=80&w=1080,上海东方明珠,True,False,False
上海-迪士尼乐园-0132,迪士尼乐园,上海,休闲,disney | disneyland | 迪士尼,迪士尼乐园,,,False,True,False,迪士尼乐园 Shanghai China,https://images.unsplash.com/photo-1506660889812-c5ba0c735d91?crop=entropy&cs=tinysrgb&fit=max&fm=jpg&ixid=M3w4NTgxMzd8MHwxfHNlYXJjaHw5fHwlRTglQkYlQUElRTUlQTMlQUIlRTUlQjAlQkMlRTQlQjklOTAlRTUlOUIlQUQlMjBTaGFuZ2hhaSUyMENoaW5hfGVufDF8MHx8fDE3NzM4ODM0Mjh8MA&ixlib=rb-4.1.0&q=80&w=1080,"2017 is Shanghai Big World 100 years
2017是上海大世界建成100周年",False,False,True
广州-广州塔-0133,广州塔,广州,城市风光,canton tower | guangzhou tower | 广州塔,广州塔,https://images.unsplash.com/photo-1530021382214-1fc6e31513d5?crop=entropy&cs=tinysrgb&fit=max&fm=jpg&ixid=M3w4NTgxMzd8MHwxfHNlYXJjaHwxfHwlRTUlQjklQkYlRTUlQjclOUUlRTUlQTElOTR8ZW58MXwwfHx8MTc3Mzg4MzQzMXww&ixlib=rb-4.1.0&q=80&w=1080,Guangzhou Tower,True,False,False,pagoda,https://images.unsplash.com/photo-1528164344705-47542687000d?crop=entropy&cs=tinysrgb&fit=max&fm=jpg&ixid=M3w4NTgxMzd8MHwxfHNlYXJjaHwyfHxwYWdvZGF8ZW58MXwwfHx8MTc3Mzg4MzQzN3ww&ixlib=rb-4.1.0&q=80&w=1080,Chureito Pagoda,False,False,True
广州-陈家祠-0134,陈家祠,广州,历史文化,chen clan | chen clan academy | 陈家祠,陈家祠,,,False,True,False,陈家祠 Guangzhou,https://images.unsplash.com/photo-1730053344240-d18b816a764d?crop=entropy&cs=tinysrgb&fit=max&fm=jpg&ixid=M3w4NTgxMzd8MHwxfHNlYXJjaHw0fHwlRTklOTklODglRTUlQUUlQjYlRTclQTUlQTAlMjBHdWFuZ3pob3V8ZW58MXwwfHx8MTc3Mzg4MzQ0M3ww&ixlib=rb-4.1.0&q=80&w=1080,a hidden gem in Guangzhou 🍃,False,False,True
广州-珠江夜游-0135,珠江夜游,广州,城市风光,pearl river | 珠江,珠江夜游,https://images.unsplash.com/photo-1560951803-8d0d8c876bff?crop=entropy&cs=tinysrgb&fit=max&fm=jpg&ixid=M3w4NTgxMzd8MHwxfHNlYXJjaHwxfHwlRTclOEYlQTAlRTYlQjElOUYlRTUlQTQlOUMlRTYlQjglQjh8ZW58MXwwfHx8MTc3Mzg4MzQ0N3ww&ixlib=rb-4.1.0&q=80&w=1080,body of water near buildings,False,False,True,珠江夜游 Guangzhou,https://images.unsplash.com/photo-1535391879778-3bae11d29a24?crop=entropy&cs=tinysrgb&fit=max&fm=jpg&ixid=M3w4NTgxMzd8MHwxfHNlYXJjaHwyfHwlRTclOEYlQTAlRTYlQjElOUYlRTUlQTQlOUMlRTYlQjglQjglMjBHdWFuZ3pob3V8ZW58MXwwfHx8MTc3Mzg4MzQ1MHww&ixlib=rb-4.1.0&q=80&w=1080,night mood in guangzhou,False,False,True
深圳-世界之窗-0136,世界之窗,深圳,休闲,window of the world | 世界之窗,世界之窗,https://images.unsplash.com/photo-1707813130463-31d492f072ea?crop=entropy&cs=tinysrgb&fit=max&fm=jpg&ixid=M3w4NTgxMzd8MHwxfHNlYXJjaHwxfHwlRTQlQjglOTYlRTclOTUlOEMlRTQlQjklOEIlRTclQUElOTd8ZW58MXwwfHx8MTc3Mzg4MzQ1M3ww&ixlib=rb-4.1.0&q=80&w=1080,a very large and colorful object with many lights,False,False,True,世界之窗 Shenzhen China landmark,https://images.unsplash.com/photo-1684745339800-c4dcd382da98?crop=entropy&cs=tinysrgb&fit=max&fm=jpg&ixid=M3w4NTgxMzd8MHwxfHNlYXJjaHw3fHwlRTQlQjglOTYlRTclOTUlOEMlRTQlQjklOEIlRTclQUElOTclMjBTaGVuemhlbiUyMENoaW5hJTIwbGFuZG1hcmt8ZW58MXwwfHx8MTc3Mzg4MzQ1OXww&ixlib=rb-4.1.0&q=80&w=1080,"Greener Cities. Li Xiang Park is located in the heart of Nanshan District, Shenzhen, facing Shennan Avenue in the north, Nanshan District Committee Building in the south, Kirin Road in the east, and Sunshine Lijing Building Group in the west, with a total area of 220,000 square meters.",False,False,True
深圳-深圳湾公园-0137,深圳湾公园,深圳,自然风光,shenzhen bay | 深圳湾,深圳湾公园,https://images.unsplash.com/photo-1651932509246-3a1296cae2f0?crop=entropy&cs=tinysrgb&fit=max&fm=jpg&ixid=M3w4NTgxMzd8MHwxfHNlYXJjaHwxfHwlRTYlQjclQjElRTUlOUMlQjMlRTYlQjklQkUlRTUlODUlQUMlRTUlOUIlQUR8ZW58MXwwfHx8MTc3Mzg4MzQ2MHww&ixlib=rb-4.1.0&q=80&w=1080,Birds  in 深圳湾公园,True,False,False,,,,False,True,False
成都-锦里-0138,锦里,成都,历史文化,jinli | 锦里,锦里,,,False,True,False,,,,False,True,False
成都-宽窄巷子-0139,宽窄巷子,成都,历史文化,kuanzhai alley | 宽窄巷子,宽窄巷子,,,False,True,False,,,,False,True,False
成都-成都大熊猫繁育研究基地-0140,成都大熊猫繁育研究基地,成都,自然风光,panda | chengdu research base | 熊猫,成都大熊猫繁育研究基地,,,False,True,False,Chengdu Research Base of Giant Panda Breeding Chengdu China,https://images.unsplash.com/photo-1504713721722-f73b4ccdfe6a?crop=entropy&cs=tinysrgb&fit=max&fm=jpg&ixid=M3w4NTgxMzd8MHwxfHNlYXJjaHwxMHx8Q2hlbmdkdSUyMFJlc2VhcmNoJTIwQmFzZSUyMG9mJTIwR2lhbnQlMjBQYW5kYSUyMEJyZWVkaW5nJTIwQ2hlbmdkdSUyMENoaW5hfGVufDF8MHx8fDE3NzM4NDY1NDZ8MA&ixlib=rb-4.1.0&q=80&w=1080,"A giant panda cub chilling in a tree at the Chengdu Research Base of Giant Panda Breeding. It was such a fun visit, with the cubs running around and playing with each other and the adults gluttonously eating loads of bamboo.",True,False,False
杭州-西湖-0141,西湖,杭州,自然风光,west lake | 西湖,西湖,,,False,True,False,,,,False,True,False
杭州-灵隐寺-0142,灵隐寺,杭州,历史文化,lingyin | lingyin temple | 灵隐寺,灵隐寺,,,False,True,False,,,,False,True,False
南京-夫子庙-0143,夫子庙,南京,历史文化,confucius temple | 夫子庙,夫子庙,,,False,True,False,,,,False,True,False
南京-中山陵-0144,中山陵,南京,历史文化,sun yat-sen mausoleum | 中山陵,中山陵,,,False,True,False,,,,False,True,False
苏州-拙政园-0145,拙政园,苏州,历史文化,humble administrator's garden | 拙政园,拙政园,,,False,True,False,,,,False,True,False
苏州-平江路-0146,平江路,苏州,历史文化,pingjiang road | 平江路,平江路,,,False,True,False,,,,False,True,False
武汉-黄鹤楼-0147,黄鹤楼,武汉,历史文化,yellow crane tower | 黄鹤楼,黄鹤楼,,,False,True,False,,,,False,True,False
武汉-东湖-0148,东湖,武汉,自然风光,east lake | donghu | 东湖,东湖,,,False,True,False,,,,False,True,False
西安-兵马俑-0149,兵马俑,西安,历史文化,terracotta | terracotta army | 兵马俑,兵马俑,,,False,True,False,Terracotta Army,https://images.unsplash.com/photo-1527922891260-918d42a4efc8?crop=entropy&cs=tinysrgb&fit=max&fm=jpg&ixid=M3w4NTgxMzd8MHwxfHNlYXJjaHwxfHxUZXJyYWNvdHRhJTIwQXJteXxlbnwxfDB8fHwxNzczODQ2NTQwfDA&ixlib=rb-4.1.0&q=80&w=1080,"In today’s world of easy access information and increasingly amazing imagery you can often be left underwhelmed when seeing something in reality, It was a plesant surprise to find the Terracotta Army did not just live up to the hype but thoroughly exceeded it, a truly awe inspiring site that they have only just scratched the surface of  

The scale of the site and in particular what is still under the ground is mind bending",True,False,False
西安-大雁塔-0150,大雁塔,西安,历史文化,giant wild goose pagoda | 大雁塔,大雁塔,,,False,True,False,,,,False,True,False
北京-故宫-0151,故宫,北京,历史文化,forbidden city | palace museum | 故宫 | 紫禁城,故宫,https://images.unsplash.com/photo-1636550230446-7632d97d1e77?crop=entropy&cs=tinysrgb&fit=max&fm=jpg&ixid=M3w4NTgxMzd8MHwxfHNlYXJjaHwxfHwlRTYlOTUlODUlRTUlQUUlQUJ8ZW58MXwwfHx8MTc3Mzg0NTAyM3ww&ixlib=rb-4.1.0&q=80&w=1080,故宫雪景,True,False,False,故宫 北京,https://images.unsplash.com/photo-1620826502427-9e8faa18d3f0?crop=entropy&cs=tinysrgb&fit=max&fm=jpg&ixid=M3w4NTgxMzd8MHwxfHNlYXJjaHwxMHx8JUU2JTk1JTg1JUU1JUFFJUFCJTIwJUU1JThDJTk3JUU0JUJBJUFDfGVufDF8MHx8fDE3NzM4NDUwMjd8MA&ixlib=rb-4.1.0&q=80&w=1080,北京故宫博物院,True,False,False
北京-天坛-0152,天坛,北京,历史文化,temple of heaven | 天坛,天坛,https://images.unsplash.com/photo-1584872589930-e99fe5bf4408?crop=entropy&cs=tinysrgb&fit=max&fm=jpg&ixid=M3w4NTgxMzd8MHwxfHNlYXJjaHwxfHwlRTUlQTQlQTklRTUlOUQlOUJ8ZW58MXwwfHx8MTc3Mzg0NTAzMHww&ixlib=rb-4.1.0&q=80&w=1080,"The Temple of Heaven, Beijing, China.",True,False,False,天坛 北京,https://images.unsplash.com/photo-1620033370499-c85e0122f1fc?crop=entropy&cs=tinysrgb&fit=max&fm=jpg&ixid=M3w4NTgxMzd8MHwxfHNlYXJjaHw3fHwlRTUlQTQlQTklRTUlOUQlOUIlMjAlRTUlOEMlOTclRTQlQkElQUN8ZW58MXwwfHx8MTc3Mzg0NTAzNHww&ixlib=rb-4.1.0&q=80&w=1080,北京天坛公园,True,False,False
北京-颐和园-0153,颐和园,北京,历史文化,summer palace | 颐和园,颐和园,https://images.unsplash.com/photo-1669382485231-ef86d9fa986f?crop=entropy&cs=tinysrgb&fit=max&fm=jpg&ixid=M3w4NTgxMzd8MHwxfHNlYXJjaHwxfHwlRTklQTIlOTAlRTUlOTIlOEMlRTUlOUIlQUR8ZW58MXwwfHx8MTc3Mzg4MzM5M3ww&ixlib=rb-4.1.0&q=80&w=1080,北京颐和园,True,False,False,颐和园 北京,https://images.unsplash.com/photo-1620822102340-47c32da50fef?crop=entropy&cs=tinysrgb&fit=max&fm=jpg&ixid=M3w4NTgxMzd8MHwxfHNlYXJjaHwyfHwlRTklQTIlOTAlRTUlOTIlOEMlRTUlOUIlQUQlMjAlRTUlOEMlOTclRTQlQkElQUN8ZW58MXwwfHx8MTc3Mzg4MzM5NHww&ixlib=rb-4.1.0&q=80&w=1080,北京颐和园,True,False,False
北京-八达岭长城-0154,八达岭长城,北京,历史文化,great wall | badaling | 长城,八达岭长城,,,False,True,False,Great Wall Beijing China,https://images.unsplash.com/photo-1724076202408-bfa5548a2b1d?crop=entropy&cs=tinysrgb&fit=max&fm=jpg&ixid=M3w4NTgxMzd8MHwxfHNlYXJjaHw2fHxHcmVhdCUyMFdhbGwlMjBCZWlqaW5nJTIwQ2hpbmF8ZW58MXwwfHx8MTc3Mzg4MzQwOHww&ixlib=rb-4.1.0&q=80&w=1080,"The Great Wall is a must for a China tour, while Badaling is a must for a Great Wall tour. Badaling Great Wall in Beijing is the best-preserved and most complete section among the various, hence the most popular, even among world leaders.",True,False,False
上海-外滩-0155,外滩,上海,城市风光,the bund | waitan | 外滩,外滩,https://images.unsplash.com/photo-1718427778421-ad719f965738?crop=entropy&cs=tinysrgb&fit=max&fm=jpg&ixid=M3w4NTgxMzd8MHwxfHNlYXJjaHwxfHwlRTUlQTQlOTYlRTYlQkIlQTl8ZW58MXwwfHx8MTc3Mzg0NTAzNnww&ixlib=rb-4.1.0&q=80&w=1080,a view of a large city with tall buildings,False,False,True,外滩 Shanghai,https://images.unsplash.com/photo-1592311800804-1b72948c1a99?crop=entropy&cs=tinysrgb&fit=max&fm=jpg&ixid=M3w4NTgxMzd8MHwxfHNlYXJjaHwyfHwlRTUlQTQlOTYlRTYlQkIlQTklMjBTaGFuZ2hhaXxlbnwxfDB8fHwxNzczODQ2NTM1fDA&ixlib=rb-4.1.0&q=80&w=1080,"The Bund
外滩",True,False,False
上海-东方明珠-0156,东方明珠,上海,城市风光,oriental pearl | 东方明珠,东方明珠,https://images.unsplash.com/photo-1508742066636-3b9fb738ee0e?crop=entropy&cs=tinysrgb&fit=max&fm=jpg&ixid=M3w4NTgxMzd8MHwxfHNlYXJjaHwxfHwlRTQlQjglOUMlRTYlOTYlQjklRTYlOTglOEUlRTclOEYlQTB8ZW58MXwwfHx8MTc3Mzg4MzQxOHww&ixlib=rb-4.1.0&q=80&w=1080,body of water beside city,False,False,True,东方明珠 Shanghai,https://images.unsplash.com/photo-1509189692239-6c2bb03eac8a?crop=entropy&cs=tinysrgb&fit=max&fm=jpg&ixid=M3w4NTgxMzd8MHwxfHNlYXJjaHwxMHx8JUU0JUI4JTlDJUU2JTk2JUI5JUU2JTk4JThFJUU3JThGJUEwJTIwU2hhbmdoYWl8ZW58MXwwfHx8MTc3Mzg4MzQyMXww&ixlib=rb-4.1.0&q=80&w=1080,上海东方明珠,True,False,False
上海-迪士尼乐园-0157,迪士尼乐园,上海,休闲,disney | disneyland | 迪士尼,迪士尼乐园,,,False,True,False,迪士尼乐园 Shanghai China,https://images.unsplash.com/photo-1506660889812-c5ba0c735d91?crop=entropy&cs=tinysrgb&fit=max&fm=jpg&ixid=M3w4NTgxMzd8MHwxfHNlYXJjaHw5fHwlRTglQkYlQUElRTUlQTMlQUIlRTUlQjAlQkMlRTQlQjklOTAlRTUlOUIlQUQlMjBTaGFuZ2hhaSUyMENoaW5hfGVufDF8MHx8fDE3NzM4ODM0Mjh8MA&ixlib=rb-4.1.0&q=80&w=1080,"2017 is Shanghai Big World 100 years
2017是上海大世界建成100周年",False,False,True
广州-广州塔-0158,广州塔,广州,城市风光,canton tower | guangzhou tower | 广州塔,广州塔,https://images.unsplash.com/photo-1530021382214-1fc6e31513d5?crop=entropy&cs=tinysrgb&fit=max&fm=jpg&ixid=M3w4NTgxMzd8MHwxfHNlYXJjaHwxfHwlRTUlQjklQkYlRTUlQjclOUUlRTUlQTElOTR8ZW58MXwwfHx8MTc3Mzg4MzQzMXww&ixlib=rb-4.1.0&q=80&w=1080,Guangzhou Tower,True,False,False,pagoda,https://images.unsplash.com/photo-1528164344705-47542687000d?crop=entropy&cs=tinysrgb&fit=max&fm=jpg&ixid=M3w4NTgxMzd8MHwxfHNlYXJjaHwyfHxwYWdvZGF8ZW58MXwwfHx8MTc3Mzg4MzQzN3ww&ixlib=rb-4.1.0&q=80&w=1080,Chureito Pagoda,False,False,True
广州-陈家祠-0159,陈家祠,广州,历史文化,chen clan | chen clan academy | 陈家祠,陈家祠,,,False,True,False,陈家祠 Guangzhou,https://images.unsplash.com/photo-1730053344240-d18b816a764d?crop=entropy&cs=tinysrgb&fit=max&fm=jpg&ixid=M3w4NTgxMzd8MHwxfHNlYXJjaHw0fHwlRTklOTklODglRTUlQUUlQjYlRTclQTUlQTAlMjBHdWFuZ3pob3V8ZW58MXwwfHx8MTc3Mzg4MzQ0M3ww&ixlib=rb-4.1.0&q=80&w=1080,a hidden gem in Guangzhou 🍃,False,False,True
广州-珠江夜游-0160,珠江夜游,广州,城市风光,pearl river | 珠江,珠江夜游,https://images.unsplash.com/photo-1560951803-8d0d8c876bff?crop=entropy&cs=tinysrgb&fit=max&fm=jpg&ixid=M3w4NTgxMzd8MHwxfHNlYXJjaHwxfHwlRTclOEYlQTAlRTYlQjElOUYlRTUlQTQlOUMlRTYlQjglQjh8ZW58MXwwfHx8MTc3Mzg4MzQ0N3ww&ixlib=rb-4.1.0&q=80&w=1080,body of water near buildings,False,False,True,珠江夜游 Guangzhou,https://images.unsplash.com/photo-1535391879778-3bae11d29a24?crop=entropy&cs=tinysrgb&fit=max&fm=jpg&ixid=M3w4NTgxMzd8MHwxfHNlYXJjaHwyfHwlRTclOEYlQTAlRTYlQjElOUYlRTUlQTQlOUMlRTYlQjglQjglMjBHdWFuZ3pob3V8ZW58MXwwfHx8MTc3Mzg4MzQ1MHww&ixlib=rb-4.1.0&q=80&w=1080,night mood in guangzhou,False,False,True
深圳-世界之窗-0161,世界之窗,深圳,休闲,window of the world | 世界之窗,世界之窗,https://images.unsplash.com/photo-1707813130463-31d492f072ea?crop=entropy&cs=tinysrgb&fit=max&fm=jpg&ixid=M3w4NTgxMzd8MHwxfHNlYXJjaHwxfHwlRTQlQjglOTYlRTclOTUlOEMlRTQlQjklOEIlRTclQUElOTd8ZW58MXwwfHx8MTc3Mzg4MzQ1M3ww&ixlib=rb-4.1.0&q=80&w=1080,a very large and colorful object with many lights,False,False,True,世界之窗 Shenzhen China landmark,https://images.unsplash.com/photo-1684745339800-c4dcd382da98?crop=entropy&cs=tinysrgb&fit=max&fm=jpg&ixid=M3w4NTgxMzd8MHwxfHNlYXJjaHw3fHwlRTQlQjglOTYlRTclOTUlOEMlRTQlQjklOEIlRTclQUElOTclMjBTaGVuemhlbiUyMENoaW5hJTIwbGFuZG1hcmt8ZW58MXwwfHx8MTc3Mzg4MzQ1OXww&ixlib=rb-4.1.0&q=80&w=1080,"Greener Cities. Li Xiang Park is located in the heart of Nanshan District, Shenzhen, facing Shennan Avenue in the north, Nanshan District Committee Building in the south, Kirin Road in the east, and Sunshine Lijing Building Group in the west, with a total area of 220,000 square meters.",False,False,True
深圳-深圳湾公园-0162,深圳湾公园,深圳,自然风光,shenzhen bay | 深圳湾,深圳湾公园,https://images.unsplash.com/photo-1651932509246-3a1296cae2f0?crop=entropy&cs=tinysrgb&fit=max&fm=jpg&ixid=M3w4NTgxMzd8MHwxfHNlYXJjaHwxfHwlRTYlQjclQjElRTUlOUMlQjMlRTYlQjklQkUlRTUlODUlQUMlRTUlOUIlQUR8ZW58MXwwfHx8MTc3Mzg4MzQ2MHww&ixlib=rb-4.1.0&q=80&w=1080,Birds  in 深圳湾公园,True,False,False,,,,False,True,False
成都-锦里-0163,锦里,成都,历史文化,jinli | 锦里,锦里,,,False,True,False,,,,False,True,False
成都-宽窄巷子-0164,宽窄巷子,成都,历史文化,kuanzhai alley | 宽窄巷子,宽窄巷子,,,False,True,False,,,,False,True,False
成都-成都大熊猫繁育研究基地-0165,成都大熊猫繁育研究基地,成都,自然风光,panda | chengdu research base | 熊猫,成都大熊猫繁育研究基地,,,False,True,False,Chengdu Research Base of Giant Panda Breeding Chengdu China,https://images.unsplash.com/photo-1504713721722-f73b4ccdfe6a?crop=entropy&cs=tinysrgb&fit=max&fm=jpg&ixid=M3w4NTgxMzd8MHwxfHNlYXJjaHwxMHx8Q2hlbmdkdSUyMFJlc2VhcmNoJTIwQmFzZSUyMG9mJTIwR2lhbnQlMjBQYW5kYSUyMEJyZWVkaW5nJTIwQ2hlbmdkdSUyMENoaW5hfGVufDF8MHx8fDE3NzM4NDY1NDZ8MA&ixlib=rb-4.1.0&q=80&w=1080,"A giant panda cub chilling in a tree at the Chengdu Research Base of Giant Panda Breeding. It was such a fun visit, with the cubs running around and playing with each other and the adults gluttonously eating loads of bamboo.",True,False,False
杭州-西湖-0166,西湖,杭州,自然风光,west lake | 西湖,西湖,,,False,True,False,,,,False,True,False
杭州-灵隐寺-0167,灵隐寺,杭州,历史文化,lingyin | lingyin temple | 灵隐寺,灵隐寺,,,False,True,False,,,,False,True,False
南京-夫子庙-0168,夫子庙,南京,历史文化,confucius temple | 夫子庙,夫子庙,,,False,True,False,,,,False,True,False
南京-中山陵-0169,中山陵,南京,历史文化,sun yat-sen mausoleum | 中山陵,中山陵,,,False,True,False,,,,False,True,False
苏州-拙政园-0170,拙政园,苏州,历史文化,humble administrator's garden | 拙政园,拙政园,,,False,True,False,,,,False,True,False
苏州-平江路-0171,平江路,苏州,历史文化,pingjiang road | 平江路,平江路,,,False,True,False,,,,False,True,False
武汉-黄鹤楼-0172,黄鹤楼,武汉,历史文化,yellow crane tower | 黄鹤楼,黄鹤楼,,,False,True,False,,,,False,True,False
武汉-东湖-0173,东湖,武汉,自然风光,east lake | donghu | 东湖,东湖,,,False,True,False,,,,False,True,False
西安-兵马俑-0174,兵马俑,西安,历史文化,terracotta | terracotta army | 兵马俑,兵马俑,,,False,True,False,Terracotta Army,https://images.unsplash.com/photo-1527922891260-918d42a4efc8?crop=entropy&cs=tinysrgb&fit=max&fm=jpg&ixid=M3w4NTgxMzd8MHwxfHNlYXJjaHwxfHxUZXJyYWNvdHRhJTIwQXJteXxlbnwxfDB8fHwxNzczODQ2NTQwfDA&ixlib=rb-4.1.0&q=80&w=1080,"In today’s world of easy access information and increasingly amazing imagery you can often be left underwhelmed when seeing something in reality, It was a plesant surprise to find the Terracotta Army did not just live up to the hype but thoroughly exceeded it, a truly awe inspiring site that they have only just scratched the surface of  

The scale of the site and in particular what is still under the ground is mind bending",True,False,False
西安-大雁塔-0175,大雁塔,西安,历史文化,giant wild goose pagoda | 大雁塔,大雁塔,,,False,True,False,,,,False,True,False
北京-故宫-0176,故宫,北京,历史文化,forbidden city | palace museum | 故宫 | 紫禁城,故宫,https://images.unsplash.com/photo-1636550230446-7632d97d1e77?crop=entropy&cs=tinysrgb&fit=max&fm=jpg&ixid=M3w4NTgxMzd8MHwxfHNlYXJjaHwxfHwlRTYlOTUlODUlRTUlQUUlQUJ8ZW58MXwwfHx8MTc3Mzg0NTAyM3ww&ixlib=rb-4.1.0&q=80&w=1080,故宫雪景,True,False,False,故宫 北京,https://images.unsplash.com/photo-1620826502427-9e8faa18d3f0?crop=entropy&cs=tinysrgb&fit=max&fm=jpg&ixid=M3w4NTgxMzd8MHwxfHNlYXJjaHwxMHx8JUU2JTk1JTg1JUU1JUFFJUFCJTIwJUU1JThDJTk3JUU0JUJBJUFDfGVufDF8MHx8fDE3NzM4NDUwMjd8MA&ixlib=rb-4.1.0&q=80&w=1080,北京故宫博物院,True,False,False
北京-天坛-0177,天坛,北京,历史文化,temple of heaven | 天坛,天坛,https://images.unsplash.com/photo-1584872589930-e99fe5bf4408?crop=entropy&cs=tinysrgb&fit=max&fm=jpg&ixid=M3w4NTgxMzd8MHwxfHNlYXJjaHwxfHwlRTUlQTQlQTklRTUlOUQlOUJ8ZW58MXwwfHx8MTc3Mzg0NTAzMHww&ixlib=rb-4.1.0&q=80&w=1080,"The Temple of Heaven, Beijing, China.",True,False,False,天坛 北京,https://images.unsplash.com/photo-1620033370499-c85e0122f1fc?crop=entropy&cs=tinysrgb&fit=max&fm=jpg&ixid=M3w4NTgxMzd8MHwxfHNlYXJjaHw3fHwlRTUlQTQlQTklRTUlOUQlOUIlMjAlRTUlOEMlOTclRTQlQkElQUN8ZW58MXwwfHx8MTc3Mzg0NTAzNHww&ixlib=rb-4.1.0&q=80&w=1080,北京天坛公园,True,False,False
北京-颐和园-0178,颐和园,北京,历史文化,summer palace | 颐和园,颐和园,https://images.unsplash.com/photo-1669382485231-ef86d9fa986f?crop=entropy&cs=tinysrgb&fit=max&fm=jpg&ixid=M3w4NTgxMzd8MHwxfHNlYXJjaHwxfHwlRTklQTIlOTAlRTUlOTIlOEMlRTUlOUIlQUR8ZW58MXwwfHx8MTc3Mzg4MzM5M3ww&ixlib=rb-4.1.0&q=80&w=1080,北京颐和园,True,False,False,颐和园 北京,https://images.unsplash.com/photo-1620822102340-47c32da50fef?crop=entropy&cs=tinysrgb&fit=max&fm=jpg&ixid=M3w4NTgxMzd8MHwxfHNlYXJjaHwyfHwlRTklQTIlOTAlRTUlOTIlOEMlRTUlOUIlQUQlMjAlRTUlOEMlOTclRTQlQkElQUN8ZW58MXwwfHx8MTc3Mzg4MzM5NHww&ixlib=rb-4.1.0&q=80&w=1080,北京颐和园,True,False,False
北京-八达岭长城-0179,八达岭长城,北京,历史文化,great wall | badaling | 长城,八达岭长城,,,False,True,False,Great Wall Beijing China,https://images.unsplash.com/photo-1724076202408-bfa5548a2b1d?crop=entropy&cs=tinysrgb&fit=max&fm=jpg&ixid=M3w4NTgxMzd8MHwxfHNlYXJjaHw2fHxHcmVhdCUyMFdhbGwlMjBCZWlqaW5nJTIwQ2hpbmF8ZW58MXwwfHx8MTc3Mzg4MzQwOHww&ixlib=rb-4.1.0&q=80&w=1080,"The Great Wall is a must for a China tour, while Badaling is a must for a Great Wall tour. Badaling Great Wall in Beijing is the best-preserved and most complete section among the various, hence the most popular, even among world leaders.",True,False,False
上海-外滩-0180,外滩,上海,城市风光,the bund | waitan | 外滩,外滩,https://images.unsplash.com/photo-1718427778421-ad719f965738?crop=entropy&cs=tinysrgb&fit=max&fm=jpg&ixid=M3w4NTgxMzd8MHwxfHNlYXJjaHwxfHwlRTUlQTQlOTYlRTYlQkIlQTl8ZW58MXwwfHx8MTc3Mzg0NTAzNnww&ixlib=rb-4.1.0&q=80&w=1080,a view of a large city with tall buildings,False,False,True,外滩 Shanghai,https://images.unsplash.com/photo-1592311800804-1b72948c1a99?crop=entropy&cs=tinysrgb&fit=max&fm=jpg&ixid=M3w4NTgxMzd8MHwxfHNlYXJjaHwyfHwlRTUlQTQlOTYlRTYlQkIlQTklMjBTaGFuZ2hhaXxlbnwxfDB8fHwxNzczODQ2NTM1fDA&ixlib=rb-4.1.0&q=80&w=1080,"The Bund
外滩",True,False,False
上海-东方明珠-0181,东方明珠,上海,城市风光,oriental pearl | 东方明珠,东方明珠,https://images.unsplash.com/photo-1508742066636-3b9fb738ee0e?crop=entropy&cs=tinysrgb&fit=max&fm=jpg&ixid=M3w4NTgxMzd8MHwxfHNlYXJjaHwxfHwlRTQlQjglOUMlRTYlOTYlQjklRTYlOTglOEUlRTclOEYlQTB8ZW58MXwwfHx8MTc3Mzg4MzQxOHww&ixlib=rb-4.1.0&q=80&w=1080,body of water beside city,False,False,True,东方明珠 Shanghai,https://images.unsplash.com/photo-1509189692239-6c2bb03eac8a?crop=entropy&cs=tinysrgb&fit=max&fm=jpg&ixid=M3w4NTgxMzd8MHwxfHNlYXJjaHwxMHx8JUU0JUI4JTlDJUU2JTk2JUI5JUU2JTk4JThFJUU3JThGJUEwJTIwU2hhbmdoYWl8ZW58MXwwfHx8MTc3Mzg4MzQyMXww&ixlib=rb-4.1.0&q=80&w=1080,上海东方明珠,True,False,False
上海-迪士尼乐园-0182,迪士尼乐园,上海,休闲,disney | disneyland | 迪士尼,迪士尼乐园,,,False,True,False,迪士尼乐园 Shanghai China,https://images.unsplash.com/photo-1506660889812-c5ba0c735d91?crop=entropy&cs=tinysrgb&fit=max&fm=jpg&ixid=M3w4NTgxMzd8MHwxfHNlYXJjaHw5fHwlRTglQkYlQUElRTUlQTMlQUIlRTUlQjAlQkMlRTQlQjklOTAlRTUlOUIlQUQlMjBTaGFuZ2hhaSUyMENoaW5hfGVufDF8MHx8fDE3NzM4ODM0Mjh8MA&ixlib=rb-4.1.0&q=80&w=1080,"2017 is Shanghai Big World 100 years
2017是上海大世界建成100周年",False,False,True
广州-广州塔-0183,广州塔,广州,城市风光,canton tower | guangzhou tower | 广州塔,广州塔,https://images.unsplash.com/photo-1530021382214-1fc6e31513d5?crop=entropy&cs=tinysrgb&fit=max&fm=jpg&ixid=M3w4NTgxMzd8MHwxfHNlYXJjaHwxfHwlRTUlQjklQkYlRTUlQjclOUUlRTUlQTElOTR8ZW58MXwwfHx8MTc3Mzg4MzQzMXww&ixlib=rb-4.1.0&q=80&w=1080,Guangzhou Tower,True,False,False,pagoda,https://images.unsplash.com/photo-1528164344705-47542687000d?crop=entropy&cs=tinysrgb&fit=max&fm=jpg&ixid=M3w4NTgxMzd8MHwxfHNlYXJjaHwyfHxwYWdvZGF8ZW58MXwwfHx8MTc3Mzg4MzQzN3ww&ixlib=rb-4.1.0&q=80&w=1080,Chureito Pagoda,False,False,True
广州-陈家祠-0184,陈家祠,广州,历史文化,chen clan | chen clan academy | 陈家祠,陈家祠,,,False,True,False,陈家祠 Guangzhou,https://images.unsplash.com/photo-1730053344240-d18b816a764d?crop=entropy&cs=tinysrgb&fit=max&fm=jpg&ixid=M3w4NTgxMzd8MHwxfHNlYXJjaHw0fHwlRTklOTklODglRTUlQUUlQjYlRTclQTUlQTAlMjBHdWFuZ3pob3V8ZW58MXwwfHx8MTc3Mzg4MzQ0M3ww&ixlib=rb-4.1.0&q=80&w=1080,a hidden gem in Guangzhou 🍃,False,False,True
广州-珠江夜游-0185,珠江夜游,广州,城市风光,pearl river | 珠江,珠江夜游,https://images.unsplash.com/photo-1560951803-8d0d8c876bff?crop=entropy&cs=tinysrgb&fit=max&fm=jpg&ixid=M3w4NTgxMzd8MHwxfHNlYXJjaHwxfHwlRTclOEYlQTAlRTYlQjElOUYlRTUlQTQlOUMlRTYlQjglQjh8ZW58MXwwfHx8MTc3Mzg4MzQ0N3ww&ixlib=rb-4.1.0&q=80&w=1080,body of water near buildings,False,False,True,珠江夜游 Guangzhou,https://images.unsplash.com/photo-1535391879778-3bae11d29a24?crop=entropy&cs=tinysrgb&fit=max&fm=jpg&ixid=M3w4NTgxMzd8MHwxfHNlYXJjaHwyfHwlRTclOEYlQTAlRTYlQjElOUYlRTUlQTQlOUMlRTYlQjglQjglMjBHdWFuZ3pob3V8ZW58MXwwfHx8MTc3Mzg4MzQ1MHww&ixlib=rb-4.1.0&q=80&w=1080,night mood in guangzhou,False,False,True
深圳-世界之窗-0186,世界之窗,深圳,休闲,window of the world | 世界之窗,世界之窗,https://images.unsplash.com/photo-1707813130463-31d492f072ea?crop=entropy&cs=tinysrgb&fit=max&fm=jpg&ixid=M3w4NTgxMzd8MHwxfHNlYXJjaHwxfHwlRTQlQjglOTYlRTclOTUlOEMlRTQlQjklOEIlRTclQUElOTd8ZW58MXwwfHx8MTc3Mzg4MzQ1M3ww&ixlib=rb-4.1.0&q=80&w=1080,a very large and colorful object with many lights,False,False,True,世界之窗 Shenzhen China landmark,https://images.unsplash.com/photo-1684745339800-c4dcd382da98?crop=entropy&cs=tinysrgb&fit=max&fm=jpg&ixid=M3w4NTgxMzd8MHwxfHNlYXJjaHw3fHwlRTQlQjglOTYlRTclOTUlOEMlRTQlQjklOEIlRTclQUElOTclMjBTaGVuemhlbiUyMENoaW5hJTIwbGFuZG1hcmt8ZW58MXwwfHx8MTc3Mzg4MzQ1OXww&ixlib=rb-4.1.0&q=80&w=1080,"Greener Cities. Li Xiang Park is located in the heart of Nanshan District, Shenzhen, facing Shennan Avenue in the north, Nanshan District Committee Building in the south, Kirin Road in the east, and Sunshine Lijing Building Group in the west, with a total area of 220,000 square meters.",False,False,True
深圳-深圳湾公园-0187,深圳湾公园,深圳,自然风光,shenzhen bay | 深圳湾,深圳湾公园,https://images.unsplash.com/photo-1651932509246-3a1296cae2f0?crop=entropy&cs=tinysrgb&fit=max&fm=jpg&ixid=M3w4NTgxMzd8MHwxfHNlYXJjaHwxfHwlRTYlQjclQjElRTUlOUMlQjMlRTYlQjklQkUlRTUlODUlQUMlRTUlOUIlQUR8ZW58MXwwfHx8MTc3Mzg4MzQ2MHww&ixlib=rb-4.1.0&q=80&w=1080,Birds  in 深圳湾公园,True,False,False,,,,False,True,False
成都-锦里-0188,锦里,成都,历史文化,jinli | 锦里,锦里,,,False,True,False,,,,False,True,False
成都-宽窄巷子-0189,宽窄巷子,成都,历史文化,kuanzhai alley | 宽窄巷子,宽窄巷子,,,False,True,False,,,,False,True,False
成都-成都大熊猫繁育研究基地-0190,成都大熊猫繁育研究基地,成都,自然风光,panda | chengdu research base | 熊猫,成都大熊猫繁育研究基地,,,False,True,False,Chengdu Research Base of Giant Panda Breeding Chengdu China,https://images.unsplash.com/photo-1504713721722-f73b4ccdfe6a?crop=entropy&cs=tinysrgb&fit=max&fm=jpg&ixid=M3w4NTgxMzd8MHwxfHNlYXJjaHwxMHx8Q2hlbmdkdSUyMFJlc2VhcmNoJTIwQmFzZSUyMG9mJTIwR2lhbnQlMjBQYW5kYSUyMEJyZWVkaW5nJTIwQ2hlbmdkdSUyMENoaW5hfGVufDF8MHx8fDE3NzM4NDY1NDZ8MA&ixlib=rb-4.1.0&q=80&w=1080,"A giant panda cub chilling in a tree at the Chengdu Research Base of Giant Panda Breeding. It was such a fun visit, with the cubs running around and playing with each other and the adults gluttonously eating loads of bamboo.",True,False,False
杭州-西湖-0191,西湖,杭州,自然风光,west lake | 西湖,西湖,,,False,True,False,,,,False,True,False
杭州-灵隐寺-0192,灵隐寺,杭州,历史文化,lingyin | lingyin temple | 灵隐寺,灵隐寺,,,False,True,False,,,,False,True,False
南京-夫子庙-0193,夫子庙,南京,历史文化,confucius temple | 夫子庙,夫子庙,,,False,True,False,,,,False,True,False
南京-中山陵-0194,中山陵,南京,历史文化,sun yat-sen mausoleum | 中山陵,中山陵,,,False,True,False,,,,False,True,False
苏州-拙政园-0195,拙政园,苏州,历史文化,humble administrator's garden | 拙政园,拙政园,,,False,True,False,,,,False,True,False
苏州-平江路-0196,平江路,苏州,历史文化,pingjiang road | 平江路,平江路,,,False,True,False,,,,False,True,False
武汉-黄鹤楼-0197,黄鹤楼,武汉,历史文化,yellow crane tower | 黄鹤楼,黄鹤楼,,,False,True,False,,,,False,True,False
武汉-东湖-0198,东湖,武汉,自然风光,east lake | donghu | 东湖,东湖,,,False,True,False,,,,False,True,False
西安-兵马俑-0199,兵马俑,西安,历史文化,terracotta | terracotta army | 兵马俑,兵马俑,,,False,True,False,Terracotta Army,https://images.unsplash.com/photo-1527922891260-918d42a4efc8?crop=entropy&cs=tinysrgb&fit=max&fm=jpg&ixid=M3w4NTgxMzd8MHwxfHNlYXJjaHwxfHxUZXJyYWNvdHRhJTIwQXJteXxlbnwxfDB8fHwxNzczODQ2NTQwfDA&ixlib=rb-4.1.0&q=80&w=1080,"In today’s world of easy access information and increasingly amazing imagery you can often be left underwhelmed when seeing something in reality, It was a plesant surprise to find the Terracotta Army did not just live up to the hype but thoroughly exceeded it, a truly awe inspiring site that they have only just scratched the surface of  

The scale of the site and in particular what is still under the ground is mind bending",True,False,False
西安-大雁塔-0200,大雁塔,西安,历史文化,giant wild goose pagoda | 大雁塔,大雁塔,,,False,True,False,,,,False,True,False
北京-故宫-0201,故宫,北京,历史文化,forbidden city | palace museum | 故宫 | 紫禁城,故宫,https://images.unsplash.com/photo-1636550230446-7632d97d1e77?crop=entropy&cs=tinysrgb&fit=max&fm=jpg&ixid=M3w4NTgxMzd8MHwxfHNlYXJjaHwxfHwlRTYlOTUlODUlRTUlQUUlQUJ8ZW58MXwwfHx8MTc3Mzg0NTAyM3ww&ixlib=rb-4.1.0&q=80&w=1080,故宫雪景,True,False,False,故宫 北京,https://images.unsplash.com/photo-1620826502427-9e8faa18d3f0?crop=entropy&cs=tinysrgb&fit=max&fm=jpg&ixid=M3w4NTgxMzd8MHwxfHNlYXJjaHwxMHx8JUU2JTk1JTg1JUU1JUFFJUFCJTIwJUU1JThDJTk3JUU0JUJBJUFDfGVufDF8MHx8fDE3NzM4NDUwMjd8MA&ixlib=rb-4.1.0&q=80&w=1080,北京故宫博物院,True,False,False
北京-天坛-0202,天坛,北京,历史文化,temple of heaven | 天坛,天坛,https://images.unsplash.com/photo-1584872589930-e99fe5bf4408?crop=entropy&cs=tinysrgb&fit=max&fm=jpg&ixid=M3w4NTgxMzd8MHwxfHNlYXJjaHwxfHwlRTUlQTQlQTklRTUlOUQlOUJ8ZW58MXwwfHx8MTc3Mzg0NTAzMHww&ixlib=rb-4.1.0&q=80&w=1080,"The Temple of Heaven, Beijing, China.",True,False,False,天坛 北京,https://images.unsplash.com/photo-1620033370499-c85e0122f1fc?crop=entropy&cs=tinysrgb&fit=max&fm=jpg&ixid=M3w4NTgxMzd8MHwxfHNlYXJjaHw3fHwlRTUlQTQlQTklRTUlOUQlOUIlMjAlRTUlOEMlOTclRTQlQkElQUN8ZW58MXwwfHx8MTc3Mzg0NTAzNHww&ixlib=rb-4.1.0&q=80&w=1080,北京天坛公园,True,False,False
北京-颐和园-0203,颐和园,北京,历史文化,summer palace | 颐和园,颐和园,https://images.unsplash.com/photo-1669382485231-ef86d9fa986f?crop=entropy&cs=tinysrgb&fit=max&fm=jpg&ixid=M3w4NTgxMzd8MHwxfHNlYXJjaHwxfHwlRTklQTIlOTAlRTUlOTIlOEMlRTUlOUIlQUR8ZW58MXwwfHx8MTc3Mzg4MzM5M3ww&ixlib=rb-4.1.0&q=80&w=1080,北京颐和园,True,False,False,颐和园 北京,https://images.unsplash.com/photo-1620822102340-47c32da50fef?crop=entropy&cs=tinysrgb&fit=max&fm=jpg&ixid=M3w4NTgxMzd8MHwxfHNlYXJjaHwyfHwlRTklQTIlOTAlRTUlOTIlOEMlRTUlOUIlQUQlMjAlRTUlOEMlOTclRTQlQkElQUN8ZW58MXwwfHx8MTc3Mzg4MzM5NHww&ixlib=rb-4.1.0&q=80&w=1080,北京颐和园,True,False,False
北京-八达岭长城-0204,八达岭长城,北京,历史文化,great wall | badaling | 长城,八达岭长城,,,False,True,False,Great Wall Beijing China,https://images.unsplash.com/photo-1724076202408-bfa5548a2b1d?crop=entropy&cs=tinysrgb&fit=max&fm=jpg&ixid=M3w4NTgxMzd8MHwxfHNlYXJjaHw2fHxHcmVhdCUyMFdhbGwlMjBCZWlqaW5nJTIwQ2hpbmF8ZW58MXwwfHx8MTc3Mzg4MzQwOHww&ixlib=rb-4.1.0&q=80&w=1080,"The Great Wall is a must for a China tour, while Badaling is a must for a Great Wall tour. Badaling Great Wall in Beijing is the best-preserved and most complete section among the various, hence the most popular, even among world leaders.",True,False,False
上海-外滩-0205,外滩,上海,城市风光,the bund | waitan | 外滩,外滩,https://images.unsplash.com/photo-1718427778421-ad719f965738?crop=entropy&cs=tinysrgb&fit=max&fm=jpg&ixid=M3w4NTgxMzd8MHwxfHNlYXJjaHwxfHwlRTUlQTQlOTYlRTYlQkIlQTl8ZW58MXwwfHx8MTc3Mzg0NTAzNnww&ixlib=rb-4.1.0&q=80&w=1080,a view of a large city with tall buildings,False,False,True,外滩 Shanghai,https://images.unsplash.com/photo-1592311800804-1b72948c1a99?crop=entropy&cs=tinysrgb&fit=max&fm=jpg&ixid=M3w4NTgxMzd8MHwxfHNlYXJjaHwyfHwlRTUlQTQlOTYlRTYlQkIlQTklMjBTaGFuZ2hhaXxlbnwxfDB8fHwxNzczODQ2NTM1fDA&ixlib=rb-4.1.0&q=80&w=1080,"The Bund
外滩",True,False,False
上海-东方明珠-0206,东方明珠,上海,城市风光,oriental pearl | 东方明珠,东方明珠,https://images.unsplash.com/photo-1508742066636-3b9fb738ee0e?crop=entropy&cs=tinysrgb&fit=max&fm=jpg&ixid=M3w4NTgxMzd8MHwxfHNlYXJjaHwxfHwlRTQlQjglOUMlRTYlOTYlQjklRTYlOTglOEUlRTclOEYlQTB8ZW58MXwwfHx8MTc3Mzg4MzQxOHww&ixlib=rb-4.1.0&q=80&w=1080,body of water beside city,False,False,True,东方明珠 Shanghai,https://images.unsplash.com/photo-1509189692239-6c2bb03eac8a?crop=entropy&cs=tinysrgb&fit=max&fm=jpg&ixid=M3w4NTgxMzd8MHwxfHNlYXJjaHwxMHx8JUU0JUI4JTlDJUU2JTk2JUI5JUU2JTk4JThFJUU3JThGJUEwJTIwU2hhbmdoYWl8ZW58MXwwfHx8MTc3Mzg4MzQyMXww&ixlib=rb-4.1.0&q=80&w=1080,上海东方明珠,True,False,False
上海-迪士尼乐园-0207,迪士尼乐园,上海,休闲,disney | disneyland | 迪士尼,迪士尼乐园,,,False,True,False,迪士尼乐园 Shanghai China,https://images.unsplash.com/photo-1506660889812-c5ba0c735d91?crop=entropy&cs=tinysrgb&fit=max&fm=jpg&ixid=M3w4NTgxMzd8MHwxfHNlYXJjaHw5fHwlRTglQkYlQUElRTUlQTMlQUIlRTUlQjAlQkMlRTQlQjklOTAlRTUlOUIlQUQlMjBTaGFuZ2hhaSUyMENoaW5hfGVufDF8MHx8fDE3NzM4ODM0Mjh8MA&ixlib=rb-4.1.0&q=80&w=1080,"2017 is Shanghai Big World 100 years
2017是上海大世界建成100周年",False,False,True
广州-广州塔-0208,广州塔,广州,城市风光,canton tower | guangzhou tower | 广州塔,广州塔,https://images.unsplash.com/photo-1530021382214-1fc6e31513d5?crop=entropy&cs=tinysrgb&fit=max&fm=jpg&ixid=M3w4NTgxMzd8MHwxfHNlYXJjaHwxfHwlRTUlQjklQkYlRTUlQjclOUUlRTUlQTElOTR8ZW58MXwwfHx8MTc3Mzg4MzQzMXww&ixlib=rb-4.1.0&q=80&w=1080,Guangzhou Tower,True,False,False,pagoda,https://images.unsplash.com/photo-1528164344705-47542687000d?crop=entropy&cs=tinysrgb&fit=max&fm=jpg&ixid=M3w4NTgxMzd8MHwxfHNlYXJjaHwyfHxwYWdvZGF8ZW58MXwwfHx8MTc3Mzg4MzQzN3ww&ixlib=rb-4.1.0&q=80&w=1080,Chureito Pagoda,False,False,True
广州-陈家祠-0209,陈家祠,广州,历史文化,chen clan | chen clan academy | 陈家祠,陈家祠,,,False,True,False,陈家祠 Guangzhou,https://images.unsplash.com/photo-1730053344240-d18b816a764d?crop=entropy&cs=tinysrgb&fit=max&fm=jpg&ixid=M3w4NTgxMzd8MHwxfHNlYXJjaHw0fHwlRTklOTklODglRTUlQUUlQjYlRTclQTUlQTAlMjBHdWFuZ3pob3V8ZW58MXwwfHx8MTc3Mzg4MzQ0M3ww&ixlib=rb-4.1.0&q=80&w=1080,a hidden gem in Guangzhou 🍃,False,False,True
广州-珠江夜游-0210,珠江夜游,广州,城市风光,pearl river | 珠江,珠江夜游,https://images.unsplash.com/photo-1560951803-8d0d8c876bff?crop=entropy&cs=tinysrgb&fit=max&fm=jpg&ixid=M3w4NTgxMzd8MHwxfHNlYXJjaHwxfHwlRTclOEYlQTAlRTYlQjElOUYlRTUlQTQlOUMlRTYlQjglQjh8ZW58MXwwfHx8MTc3Mzg4MzQ0N3ww&ixlib=rb-4.1.0&q=80&w=1080,body of water near buildings,False,False,True,珠江夜游 Guangzhou,https://images.unsplash.com/photo-1535391879778-3bae11d29a24?crop=entropy&cs=tinysrgb&fit=max&fm=jpg&ixid=M3w4NTgxMzd8MHwxfHNlYXJjaHwyfHwlRTclOEYlQTAlRTYlQjElOUYlRTUlQTQlOUMlRTYlQjglQjglMjBHdWFuZ3pob3V8ZW58MXwwfHx8MTc3Mzg4MzQ1MHww&ixlib=rb-4.1.0&q=80&w=1080,night mood in guangzhou,False,False,True
深圳-世界之窗-0211,世界之窗,深圳,休闲,window of the world | 世界之窗,世界之窗,https://images.unsplash.com/photo-1707813130463-31d492f072ea?crop=entropy&cs=tinysrgb&fit=max&fm=jpg&ixid=M3w4NTgxMzd8MHwxfHNlYXJjaHwxfHwlRTQlQjglOTYlRTclOTUlOEMlRTQlQjklOEIlRTclQUElOTd8ZW58MXwwfHx8MTc3Mzg4MzQ1M3ww&ixlib=rb-4.1.0&q=80&w=1080,a very large and colorful object with many lights,False,False,True,世界之窗 Shenzhen China landmark,https://images.unsplash.com/photo-1684745339800-c4dcd382da98?crop=entropy&cs=tinysrgb&fit=max&fm=jpg&ixid=M3w4NTgxMzd8MHwxfHNlYXJjaHw3fHwlRTQlQjglOTYlRTclOTUlOEMlRTQlQjklOEIlRTclQUElOTclMjBTaGVuemhlbiUyMENoaW5hJTIwbGFuZG1hcmt8ZW58MXwwfHx8MTc3Mzg4MzQ1OXww&ixlib=rb-4.1.0&q=80&w=1080,"Greener Cities. Li Xiang Park is located in the heart of Nanshan District, Shenzhen, facing Shennan Avenue in the north, Nanshan District Committee Building in the south, Kirin Road in the east, and Sunshine Lijing Building Group in the west, with a total area of 220,000 square meters.",False,False,True
深圳-深圳湾公园-0212,深圳湾公园,深圳,自然风光,shenzhen bay | 深圳湾,深圳湾公园,https://images.unsplash.com/photo-1651932509246-3a1296cae2f0?crop=entropy&cs=tinysrgb&fit=max&fm=jpg&ixid=M3w4NTgxMzd8MHwxfHNlYXJjaHwxfHwlRTYlQjclQjElRTUlOUMlQjMlRTYlQjklQkUlRTUlODUlQUMlRTUlOUIlQUR8ZW58MXwwfHx8MTc3Mzg4MzQ2MHww&ixlib=rb-4.1.0&q=80&w=1080,Birds  in 深圳湾公园,True,False,False,,,,False,True,False
成都-锦里-0213,锦里,成都,历史文化,jinli | 锦里,锦里,,,False,True,False,,,,False,True,False
成都-宽窄巷子-0214,宽窄巷子,成都,历史文化,kuanzhai alley | 宽窄巷子,宽窄巷子,,,False,True,False,,,,False,True,False
成都-成都大熊猫繁育研究基地-0215,成都大熊猫繁育研究基地,成都,自然风光,panda | chengdu research base | 熊猫,成都大熊猫繁育研究基地,,,False,True,False,Chengdu Research Base of Giant Panda Breeding Chengdu China,https://images.unsplash.com/photo-1504713721722-f73b4ccdfe6a?crop=entropy&cs=tinysrgb&fit=max&fm=jpg&ixid=M3w4NTgxMzd8MHwxfHNlYXJjaHwxMHx8Q2hlbmdkdSUyMFJlc2VhcmNoJTIwQmFzZSUyMG9mJTIwR2lhbnQlMjBQYW5kYSUyMEJyZWVkaW5nJTIwQ2hlbmdkdSUyMENoaW5hfGVufDF8MHx8fDE3NzM4NDY1NDZ8MA&ixlib=rb-4.1.0&q=80&w=1080,"A giant panda cub chilling in a tree at the Chengdu Research Base of Giant Panda Breeding. It was such a fun visit, with the cubs running around and playing with each other and the adults gluttonously eating loads of bamboo.",True,False,False
杭州-西湖-0216,西湖,杭州,自然风光,west lake | 西湖,西湖,,,False,True,False,,,,False,True,False
杭州-灵隐寺-0217,灵隐寺,杭州,历史文化,lingyin | lingyin temple | 灵隐寺,灵隐寺,,,False,True,False,,,,False,True,False
南京-夫子庙-0218,夫子庙,南京,历史文化,confucius temple | 夫子庙,夫子庙,,,False,True,False,,,,False,True,False
南京-中山陵-0219,中山陵,南京,历史文化,sun yat-sen mausoleum | 中山陵,中山陵,,,False,True,False,,,,False,True,False
苏州-拙政园-0220,拙政园,苏州,历史文化,humble administrator's garden | 拙政园,拙政园,,,False,True,False,,,,False,True,False
苏州-平江路-0221,平江路,苏州,历史文化,pingjiang road | 平江路,平江路,,,False,True,False,,,,False,True,False
武汉-黄鹤楼-0222,黄鹤楼,武汉,历史文化,yellow crane tower | 黄鹤楼,黄鹤楼,,,False,True,False,,,,False,True,False
武汉-东湖-0223,东湖,武汉,自然风光,east lake | donghu | 东湖,东湖,,,False,True,False,,,,False,True,False
西安-兵马俑-0224,兵马俑,西安,历史文化,terracotta | terracotta army | 兵马俑,兵马俑,,,False,True,False,Terracotta Army,https://images.unsplash.com/photo-1527922891260-918d42a4efc8?crop=entropy&cs=tinysrgb&fit=max&fm=jpg&ixid=M3w4NTgxMzd8MHwxfHNlYXJjaHwxfHxUZXJyYWNvdHRhJTIwQXJteXxlbnwxfDB8fHwxNzczODQ2NTQwfDA&ixlib=rb-4.1.0&q=80&w=1080,"In today’s world of easy access information and increasingly amazing imagery you can often be left underwhelmed when seeing something in reality, It was a plesant surprise to find the Terracotta Army did not just live up to the hype but thoroughly exceeded it, a truly awe inspiring site that they have only just scratched the surface of  

The scale of the site and in particular what is still under the ground is mind bending",True,False,False
西安-大雁塔-0225,大雁塔,西安,历史文化,giant wild goose pagoda | 大雁塔,大雁塔,,,False,True,False,,,,False,True,False
北京-故宫-0226,故宫,北京,历史文化,forbidden city | palace museum | 故宫 | 紫禁城,故宫,https://images.unsplash.com/photo-1636550230446-7632d97d1e77?crop=entropy&cs=tinysrgb&fit=max&fm=jpg&ixid=M3w4NTgxMzd8MHwxfHNlYXJjaHwxfHwlRTYlOTUlODUlRTUlQUUlQUJ8ZW58MXwwfHx8MTc3Mzg0NTAyM3ww&ixlib=rb-4.1.0&q=80&w=1080,故宫雪景,True,False,False,故宫 北京,https://images.unsplash.com/photo-1620826502427-9e8faa18d3f0?crop=entropy&cs=tinysrgb&fit=max&fm=jpg&ixid=M3w4NTgxMzd8MHwxfHNlYXJjaHwxMHx8JUU2JTk1JTg1JUU1JUFFJUFCJTIwJUU1JThDJTk3JUU0JUJBJUFDfGVufDF8MHx8fDE3NzM4NDUwMjd8MA&ixlib=rb-4.1.0&q=80&w=1080,北京故宫博物院,True,False,False
北京-天坛-0227,天坛,北京,历史文化,temple of heaven | 天坛,天坛,https://images.unsplash.com/photo-1584872589930-e99fe5bf4408?crop=entropy&cs=tinysrgb&fit=max&fm=jpg&ixid=M3w4NTgxMzd8MHwxfHNlYXJjaHwxfHwlRTUlQTQlQTklRTUlOUQlOUJ8ZW58MXwwfHx8MTc3Mzg0NTAzMHww&ixlib=rb-4.1.0&q=80&w=1080,"The Temple of Heaven, Beijing, China.",True,False,False,天坛 北京,https://images.unsplash.com/photo-1620033370499-c85e0122f1fc?crop=entropy&cs=tinysrgb&fit=max&fm=jpg&ixid=M3w4NTgxMzd8MHwxfHNlYXJjaHw3fHwlRTUlQTQlQTklRTUlOUQlOUIlMjAlRTUlOEMlOTclRTQlQkElQUN8ZW58MXwwfHx8MTc3Mzg0NTAzNHww&ixlib=rb-4.1.0&q=80&w=1080,北京天坛公园,True,False,False
北京-颐和园-0228,颐和园,北京,历史文化,summer palace | 颐和园,颐和园,https://images.unsplash.com/photo-1669382485231-ef86d9fa986f?crop=entropy&cs=tinysrgb&fit=max&fm=jpg&ixid=M3w4NTgxMzd8MHwxfHNlYXJjaHwxfHwlRTklQTIlOTAlRTUlOTIlOEMlRTUlOUIlQUR8ZW58MXwwfHx8MTc3Mzg4MzM5M3ww&ixlib=rb-4.1.0&q=80&w=1080,北京颐和园,True,False,False,颐和园 北京,https://images.unsplash.com/photo-1620822102340-47c32da50fef?crop=entropy&cs=tinysrgb&fit=max&fm=jpg&ixid=M3w4NTgxMzd8MHwxfHNlYXJjaHwyfHwlRTklQTIlOTAlRTUlOTIlOEMlRTUlOUIlQUQlMjAlRTUlOEMlOTclRTQlQkElQUN8ZW58MXwwfHx8MTc3Mzg4MzM5NHww&ixlib=rb-4.1.0&q=80&w=1080,北京颐和园,True,False,False
北京-八达岭长城-0229,八达岭长城,北京,历史文化,great wall | badaling | 长城,八达岭长城,,,False,True,False,Great Wall Beijing China,https://images.unsplash.com/photo-1724076202408-bfa5548a2b1d?crop=entropy&cs=tinysrgb&fit=max&fm=jpg&ixid=M3w4NTgxMzd8MHwxfHNlYXJjaHw2fHxHcmVhdCUyMFdhbGwlMjBCZWlqaW5nJTIwQ2hpbmF8ZW58MXwwfHx8MTc3Mzg4MzQwOHww&ixlib=rb-4.1.0&q=80&w=1080,"The Great Wall is a must for a China tour, while Badaling is a must for a Great Wall tour. Badaling Great Wall in Beijing is the best-preserved and most complete section among the various, hence the most popular, even among world leaders.",True,False,False
上海-外滩-0230,外滩,上海,城市风光,the bund | waitan | 外滩,外滩,https://images.unsplash.com/photo-1718427778421-ad719f965738?crop=entropy&cs=tinysrgb&fit=max&fm=jpg&ixid=M3w4NTgxMzd8MHwxfHNlYXJjaHwxfHwlRTUlQTQlOTYlRTYlQkIlQTl8ZW58MXwwfHx8MTc3Mzg0NTAzNnww&ixlib=rb-4.1.0&q=80&w=1080,a view of a large city with tall buildings,False,False,True,外滩 Shanghai,https://images.unsplash.com/photo-1592311800804-1b72948c1a99?crop=entropy&cs=tinysrgb&fit=max&fm=jpg&ixid=M3w4NTgxMzd8MHwxfHNlYXJjaHwyfHwlRTUlQTQlOTYlRTYlQkIlQTklMjBTaGFuZ2hhaXxlbnwxfDB8fHwxNzczODQ2NTM1fDA&ixlib=rb-4.1.0&q=80&w=1080,"The Bund
外滩",True,False,False
上海-东方明珠-0231,东方明珠,上海,城市风光,oriental pearl | 东方明珠,东方明珠,https://images.unsplash.com/photo-1508742066636-3b9fb738ee0e?crop=entropy&cs=tinysrgb&fit=max&fm=jpg&ixid=M3w4NTgxMzd8MHwxfHNlYXJjaHwxfHwlRTQlQjglOUMlRTYlOTYlQjklRTYlOTglOEUlRTclOEYlQTB8ZW58MXwwfHx8MTc3Mzg4MzQxOHww&ixlib=rb-4.1.0&q=80&w=1080,body of water beside city,False,False,True,东方明珠 Shanghai,https://images.unsplash.com/photo-1509189692239-6c2bb03eac8a?crop=entropy&cs=tinysrgb&fit=max&fm=jpg&ixid=M3w4NTgxMzd8MHwxfHNlYXJjaHwxMHx8JUU0JUI4JTlDJUU2JTk2JUI5JUU2JTk4JThFJUU3JThGJUEwJTIwU2hhbmdoYWl8ZW58MXwwfHx8MTc3Mzg4MzQyMXww&ixlib=rb-4.1.0&q=80&w=1080,上海东方明珠,True,False,False
上海-迪士尼乐园-0232,迪士尼乐园,上海,休闲,disney | disneyland | 迪士尼,迪士尼乐园,,,False,True,False,迪士尼乐园 Shanghai China,https://images.unsplash.com/photo-1506660889812-c5ba0c735d91?crop=entropy&cs=tinysrgb&fit=max&fm=jpg&ixid=M3w4NTgxMzd8MHwxfHNlYXJjaHw5fHwlRTglQkYlQUElRTUlQTMlQUIlRTUlQjAlQkMlRTQlQjklOTAlRTUlOUIlQUQlMjBTaGFuZ2hhaSUyMENoaW5hfGVufDF8MHx8fDE3NzM4ODM0Mjh8MA&ixlib=rb-4.1.0&q=80&w=1080,"2017 is Shanghai Big World 100 years
2017是上海大世界建成100周年",False,False,True
广州-广州塔-0233,广州塔,广州,城市风光,canton tower | guangzhou tower | 广州塔,广州塔,https://images.unsplash.com/photo-1530021382214-1fc6e31513d5?crop=entropy&cs=tinysrgb&fit=max&fm=jpg&ixid=M3w4NTgxMzd8MHwxfHNlYXJjaHwxfHwlRTUlQjklQkYlRTUlQjclOUUlRTUlQTElOTR8ZW58MXwwfHx8MTc3Mzg4MzQzMXww&ixlib=rb-4.1.0&q=80&w=1080,Guangzhou Tower,True,False,False,pagoda,https://images.unsplash.com/photo-1528164344705-47542687000d?crop=entropy&cs=tinysrgb&fit=max&fm=jpg&ixid=M3w4NTgxMzd8MHwxfHNlYXJjaHwyfHxwYWdvZGF8ZW58MXwwfHx8MTc3Mzg4MzQzN3ww&ixlib=rb-4.1.0&q=80&w=1080,Chureito Pagoda,False,False,True
广州-陈家祠-0234,陈家祠,广州,历史文化,chen clan | chen clan academy | 陈家祠,陈家祠,,,False,True,False,陈家祠 Guangzhou,https://images.unsplash.com/photo-1730053344240-d18b816a764d?crop=entropy&cs=tinysrgb&fit=max&fm=jpg&ixid=M3w4NTgxMzd8MHwxfHNlYXJjaHw0fHwlRTklOTklODglRTUlQUUlQjYlRTclQTUlQTAlMjBHdWFuZ3pob3V8ZW58MXwwfHx8MTc3Mzg4MzQ0M3ww&ixlib=rb-4.1.0&q=80&w=1080,a hidden gem in Guangzhou 🍃,False,False,True
广州-珠江夜游-0235,珠江夜游,广州,城市风光,pearl river | 珠江,珠江夜游,https://images.unsplash.com/photo-1560951803-8d0d8c876bff?crop=entropy&cs=tinysrgb&fit=max&fm=jpg&ixid=M3w4NTgxMzd8MHwxfHNlYXJjaHwxfHwlRTclOEYlQTAlRTYlQjElOUYlRTUlQTQlOUMlRTYlQjglQjh8ZW58MXwwfHx8MTc3Mzg4MzQ0N3ww&ixlib=rb-4.1.0&q=80&w=1080,body of water near buildings,False,False,True,珠江夜游 Guangzhou,https://images.unsplash.com/photo-1535391879778-3bae11d29a24?crop=entropy&cs=tinysrgb&fit=max&fm=jpg&ixid=M3w4NTgxMzd8MHwxfHNlYXJjaHwyfHwlRTclOEYlQTAlRTYlQjElOUYlRTUlQTQlOUMlRTYlQjglQjglMjBHdWFuZ3pob3V8ZW58MXwwfHx8MTc3Mzg4MzQ1MHww&ixlib=rb-4.1.0&q=80&w=1080,night mood in guangzhou,False,False,True
深圳-世界之窗-0236,世界之窗,深圳,休闲,window of the world | 世界之窗,世界之窗,https://images.unsplash.com/photo-1707813130463-31d492f072ea?crop=entropy&cs=tinysrgb&fit=max&fm=jpg&ixid=M3w4NTgxMzd8MHwxfHNlYXJjaHwxfHwlRTQlQjglOTYlRTclOTUlOEMlRTQlQjklOEIlRTclQUElOTd8ZW58MXwwfHx8MTc3Mzg4MzQ1M3ww&ixlib=rb-4.1.0&q=80&w=1080,a very large and colorful object with many lights,False,False,True,世界之窗 Shenzhen China landmark,https://images.unsplash.com/photo-1684745339800-c4dcd382da98?crop=entropy&cs=tinysrgb&fit=max&fm=jpg&ixid=M3w4NTgxMzd8MHwxfHNlYXJjaHw3fHwlRTQlQjglOTYlRTclOTUlOEMlRTQlQjklOEIlRTclQUElOTclMjBTaGVuemhlbiUyMENoaW5hJTIwbGFuZG1hcmt8ZW58MXwwfHx8MTc3Mzg4MzQ1OXww&ixlib=rb-4.1.0&q=80&w=1080,"Greener Cities. Li Xiang Park is located in the heart of Nanshan District, Shenzhen, facing Shennan Avenue in the north, Nanshan District Committee Building in the south, Kirin Road in the east, and Sunshine Lijing Building Group in the west, with a total area of 220,000 square meters.",False,False,True
深圳-深圳湾公园-0237,深圳湾公园,深圳,自然风光,shenzhen bay | 深圳湾,深圳湾公园,https://images.unsplash.com/photo-1651932509246-3a1296cae2f0?crop=entropy&cs=tinysrgb&fit=max&fm=jpg&ixid=M3w4NTgxMzd8MHwxfHNlYXJjaHwxfHwlRTYlQjclQjElRTUlOUMlQjMlRTYlQjklQkUlRTUlODUlQUMlRTUlOUIlQUR8ZW58MXwwfHx8MTc3Mzg4MzQ2MHww&ixlib=rb-4.1.0&q=80&w=1080,Birds  in 深圳湾公园,True,False,False,,,,False,True,False
成都-锦里-0238,锦里,成都,历史文化,jinli | 锦里,锦里,,,False,True,False,,,,False,True,False
成都-宽窄巷子-0239,宽窄巷子,成都,历史文化,kuanzhai alley | 宽窄巷子,宽窄巷子,,,False,True,False,,,,False,True,False
成都-成都大熊猫繁育研究基地-0240,成都大熊猫繁育研究基地,成都,自然风光,panda | chengdu research base | 熊猫,成都大熊猫繁育研究基地,,,False,True,False,Chengdu Research Base of Giant Panda Breeding Chengdu China,https://images.unsplash.com/photo-1504713721722-f73b4ccdfe6a?crop=entropy&cs=tinysrgb&fit=max&fm=jpg&ixid=M3w4NTgxMzd8MHwxfHNlYXJjaHwxMHx8Q2hlbmdkdSUyMFJlc2VhcmNoJTIwQmFzZSUyMG9mJTIwR2lhbnQlMjBQYW5kYSUyMEJyZWVkaW5nJTIwQ2hlbmdkdSUyMENoaW5hfGVufDF8MHx8fDE3NzM4NDY1NDZ8MA&ixlib=rb-4.1.0&q=80&w=1080,"A giant panda cub chilling in a tree at the Chengdu Research Base of Giant Panda Breeding. It was such a fun visit, with the cubs running around and playing with each other and the adults gluttonously eating loads of bamboo.",True,False,False
杭州-西湖-0241,西湖,杭州,自然风光,west lake | 西湖,西湖,,,False,True,False,,,,False,True,False
杭州-灵隐寺-0242,灵隐寺,杭州,历史文化,lingyin | lingyin temple | 灵隐寺,灵隐寺,,,False,True,False,,,,False,True,False
南京-夫子庙-0243,夫子庙,南京,历史文化,confucius temple | 夫子庙,夫子庙,,,False,True,False,,,,False,True,False
南京-中山陵-0244,中山陵,南京,历史文化,sun yat-sen mausoleum | 中山陵,中山陵,,,False,True,False,,,,False,True,False
苏州-拙政园-0245,拙政园,苏州,历史文化,humble administrator's garden | 拙政园,拙政园,,,False,True,False,,,,False,True,False
苏州-平江路-0246,平江路,苏州,历史文化,pingjiang road | 平江路,平江路,,,False,True,False,,,,False,True,False
武汉-黄鹤楼-0247,黄鹤楼,武汉,历史文化,yellow crane tower | 黄鹤楼,黄鹤楼,,,False,True,False,,,,False,True,False
武汉-东湖-0248,东湖,武汉,自然风光,east lake | donghu | 东湖,东湖,,,False,True,False,,,,False,True,False
西安-兵马俑-0249,兵马俑,西安,历史文化,terracotta | terracotta army | 兵马俑,兵马俑,,,False,True,False,Terracotta Army,https://images.unsplash.com/photo-1527922891260-918d42a4efc8?crop=entropy&cs=tinysrgb&fit=max&fm=jpg&ixid=M3w4NTgxMzd8MHwxfHNlYXJjaHwxfHxUZXJyYWNvdHRhJTIwQXJteXxlbnwxfDB8fHwxNzczODQ2NTQwfDA&ixlib=rb-4.1.0&q=80&w=1080,"In today’s world of easy access information and increasingly amazing imagery you can often be left underwhelmed when seeing something in reality, It was a plesant surprise to find the Terracotta Army did not just live up to the hype but thoroughly exceeded it, a truly awe inspiring site that they have only just scratched the surface of  

The scale of the site and in particular what is still under the ground is mind bending",True,False,False
西安-大雁塔-0250,大雁塔,西安,历史文化,giant wild goose pagoda | 大雁塔,大雁塔,,,False,True,False,,,,False,True,False
北京-故宫-0251,故宫,北京,历史文化,forbidden city | palace museum | 故宫 | 紫禁城,故宫,https://images.unsplash.com/photo-1636550230446-7632d97d1e77?crop=entropy&cs=tinysrgb&fit=max&fm=jpg&ixid=M3w4NTgxMzd8MHwxfHNlYXJjaHwxfHwlRTYlOTUlODUlRTUlQUUlQUJ8ZW58MXwwfHx8MTc3Mzg0NTAyM3ww&ixlib=rb-4.1.0&q=80&w=1080,故宫雪景,True,False,False,故宫 北京,https://images.unsplash.com/photo-1620826502427-9e8faa18d3f0?crop=entropy&cs=tinysrgb&fit=max&fm=jpg&ixid=M3w4NTgxMzd8MHwxfHNlYXJjaHwxMHx8JUU2JTk1JTg1JUU1JUFFJUFCJTIwJUU1JThDJTk3JUU0JUJBJUFDfGVufDF8MHx8fDE3NzM4NDUwMjd8MA&ixlib=rb-4.1.0&q=80&w=1080,北京故宫博物院,True,False,False
北京-天坛-0252,天坛,北京,历史文化,temple of heaven | 天坛,天坛,https://images.unsplash.com/photo-1584872589930-e99fe5bf4408?crop=entropy&cs=tinysrgb&fit=max&fm=jpg&ixid=M3w4NTgxMzd8MHwxfHNlYXJjaHwxfHwlRTUlQTQlQTklRTUlOUQlOUJ8ZW58MXwwfHx8MTc3Mzg0NTAzMHww&ixlib=rb-4.1.0&q=80&w=1080,"The Temple of Heaven, Beijing, China.",True,False,False,天坛 北京,https://images.unsplash.com/photo-1620033370499-c85e0122f1fc?crop=entropy&cs=tinysrgb&fit=max&fm=jpg&ixid=M3w4NTgxMzd8MHwxfHNlYXJjaHw3fHwlRTUlQTQlQTklRTUlOUQlOUIlMjAlRTUlOEMlOTclRTQlQkElQUN8ZW58MXwwfHx8MTc3Mzg0NTAzNHww&ixlib=rb-4.1.0&q=80&w=1080,北京天坛公园,True,False,False
北京-颐和园-0253,颐和园,北京,历史文化,summer palace | 颐和园,颐和园,https://images.unsplash.com/photo-1669382485231-ef86d9fa986f?crop=entropy&cs=tinysrgb&fit=max&fm=jpg&ixid=M3w4NTgxMzd8MHwxfHNlYXJjaHwxfHwlRTklQTIlOTAlRTUlOTIlOEMlRTUlOUIlQUR8ZW58MXwwfHx8MTc3Mzg4MzM5M3ww&ixlib=rb-4.1.0&q=80&w=1080,北京颐和园,True,False,False,颐和园 北京,https://images.unsplash.com/photo-1620822102340-47c32da50fef?crop=entropy&cs=tinysrgb&fit=max&fm=jpg&ixid=M3w4NTgxMzd8MHwxfHNlYXJjaHwyfHwlRTklQTIlOTAlRTUlOTIlOEMlRTUlOUIlQUQlMjAlRTUlOEMlOTclRTQlQkElQUN8ZW58MXwwfHx8MTc3Mzg4MzM5NHww&ixlib=rb-4.1.0&q=80&w=1080,北京颐和园,True,False,False
北京-八达岭长城-0254,八达岭长城,北京,历史文化,great wall | badaling | 长城,八达岭长城,,,False,True,False,Great Wall Beijing China,https://images.unsplash.com/photo-1724076202408-bfa5548a2b1d?crop=entropy&cs=tinysrgb&fit=max&fm=jpg&ixid=M3w4NTgxMzd8MHwxfHNlYXJjaHw2fHxHcmVhdCUyMFdhbGwlMjBCZWlqaW5nJTIwQ2hpbmF8ZW58MXwwfHx8MTc3Mzg4MzQwOHww&ixlib=rb-4.1.0&q=80&w=1080,"The Great Wall is a must for a China tour, while Badaling is a must for a Great Wall tour. Badaling Great Wall in Beijing is the best-preserved and most complete section among the various, hence the most popular, even among world leaders.",True,False,False
上海-外滩-0255,外滩,上海,城市风光,the bund | waitan | 外滩,外滩,https://images.unsplash.com/photo-1718427778421-ad719f965738?crop=entropy&cs=tinysrgb&fit=max&fm=jpg&ixid=M3w4NTgxMzd8MHwxfHNlYXJjaHwxfHwlRTUlQTQlOTYlRTYlQkIlQTl8ZW58MXwwfHx8MTc3Mzg0NTAzNnww&ixlib=rb-4.1.0&q=80&w=1080,a view of a large city with tall buildings,False,False,True,外滩 Shanghai,https://images.unsplash.com/photo-1592311800804-1b72948c1a99?crop=entropy&cs=tinysrgb&fit=max&fm=jpg&ixid=M3w4NTgxMzd8MHwxfHNlYXJjaHwyfHwlRTUlQTQlOTYlRTYlQkIlQTklMjBTaGFuZ2hhaXxlbnwxfDB8fHwxNzczODQ2NTM1fDA&ixlib=rb-4.1.0&q=80&w=1080,"The Bund
外滩",True,False,False
上海-东方明珠-0256,东方明珠,上海,城市风光,oriental pearl | 东方明珠,东方明珠,https://images.unsplash.com/photo-1508742066636-3b9fb738ee0e?crop=entropy&cs=tinysrgb&fit=max&fm=jpg&ixid=M3w4NTgxMzd8MHwxfHNlYXJjaHwxfHwlRTQlQjglOUMlRTYlOTYlQjklRTYlOTglOEUlRTclOEYlQTB8ZW58MXwwfHx8MTc3Mzg4MzQxOHww&ixlib=rb-4.1.0&q=80&w=1080,body of water beside city,False,False,True,东方明珠 Shanghai,https://images.unsplash.com/photo-1509189692239-6c2bb03eac8a?crop=entropy&cs=tinysrgb&fit=max&fm=jpg&ixid=M3w4NTgxMzd8MHwxfHNlYXJjaHwxMHx8JUU0JUI4JTlDJUU2JTk2JUI5JUU2JTk4JThFJUU3JThGJUEwJTIwU2hhbmdoYWl8ZW58MXwwfHx8MTc3Mzg4MzQyMXww&ixlib=rb-4.1.0&q=80&w=1080,上海东方明珠,True,False,False
上海-迪士尼乐园-0257,迪士尼乐园,上海,休闲,disney | disneyland | 迪士尼,迪士尼乐园,,,False,True,False,迪士尼乐园 Shanghai China,https://images.unsplash.com/photo-1506660889812-c5ba0c735d91?crop=entropy&cs=tinysrgb&fit=max&fm=jpg&ixid=M3w4NTgxMzd8MHwxfHNlYXJjaHw5fHwlRTglQkYlQUElRTUlQTMlQUIlRTUlQjAlQkMlRTQlQjklOTAlRTUlOUIlQUQlMjBTaGFuZ2hhaSUyMENoaW5hfGVufDF8MHx8fDE3NzM4ODM0Mjh8MA&ixlib=rb-4.1.0&q=80&w=1080,"2017 is Shanghai Big World 100 years
2017是上海大世界建成100周年",False,False,True
广州-广州塔-0258,广州塔,广州,城市风光,canton tower | guangzhou tower | 广州塔,广州塔,https://images.unsplash.com/photo-1530021382214-1fc6e31513d5?crop=entropy&cs=tinysrgb&fit=max&fm=jpg&ixid=M3w4NTgxMzd8MHwxfHNlYXJjaHwxfHwlRTUlQjklQkYlRTUlQjclOUUlRTUlQTElOTR8ZW58MXwwfHx8MTc3Mzg4MzQzMXww&ixlib=rb-4.1.0&q=80&w=1080,Guangzhou Tower,True,False,False,pagoda,https://images.unsplash.com/photo-1528164344705-47542687000d?crop=entropy&cs=tinysrgb&fit=max&fm=jpg&ixid=M3w4NTgxMzd8MHwxfHNlYXJjaHwyfHxwYWdvZGF8ZW58MXwwfHx8MTc3Mzg4MzQzN3ww&ixlib=rb-4.1.0&q=80&w=1080,Chureito Pagoda,False,False,True
广州-陈家祠-0259,陈家祠,广州,历史文化,chen clan | chen clan academy | 陈家祠,陈家祠,,,False,True,False,陈家祠 Guangzhou,https://images.unsplash.com/photo-1730053344240-d18b816a764d?crop=entropy&cs=tinysrgb&fit=max&fm=jpg&ixid=M3w4NTgxMzd8MHwxfHNlYXJjaHw0fHwlRTklOTklODglRTUlQUUlQjYlRTclQTUlQTAlMjBHdWFuZ3pob3V8ZW58MXwwfHx8MTc3Mzg4MzQ0M3ww&ixlib=rb-4.1.0&q=80&w=1080,a hidden gem in Guangzhou 🍃,False,False,True
广州-珠江夜游-0260,珠江夜游,广州,城市风光,pearl river | 珠江,珠江夜游,https://images.unsplash.com/photo-1560951803-8d0d8c876bff?crop=entropy&cs=tinysrgb&fit=max&fm=jpg&ixid=M3w4NTgxMzd8MHwxfHNlYXJjaHwxfHwlRTclOEYlQTAlRTYlQjElOUYlRTUlQTQlOUMlRTYlQjglQjh8ZW58MXwwfHx8MTc3Mzg4MzQ0N3ww&ixlib=rb-4.1.0&q=80&w=1080,body of water near buildings,False,False,True,珠江夜游 Guangzhou,https://images.unsplash.com/photo-1535391879778-3bae11d29a24?crop=entropy&cs=tinysrgb&fit=max&fm=jpg&ixid=M3w4NTgxMzd8MHwxfHNlYXJjaHwyfHwlRTclOEYlQTAlRTYlQjElOUYlRTUlQTQlOUMlRTYlQjglQjglMjBHdWFuZ3pob3V8ZW58MXwwfHx8MTc3Mzg4MzQ1MHww&ixlib=rb-4.1.0&q=80&w=1080,night mood in guangzhou,False,False,True
深圳-世界之窗-0261,世界之窗,深圳,休闲,window of the world | 世界之窗,世界之窗,https://images.unsplash.com/photo-1707813130463-31d492f072ea?crop=entropy&cs=tinysrgb&fit=max&fm=jpg&ixid=M3w4NTgxMzd8MHwxfHNlYXJjaHwxfHwlRTQlQjglOTYlRTclOTUlOEMlRTQlQjklOEIlRTclQUElOTd8ZW58MXwwfHx8MTc3Mzg4MzQ1M3ww&ixlib=rb-4.1.0&q=80&w=1080,a very large and colorful object with many lights,False,False,True,世界之窗 Shenzhen China landmark,https://images.unsplash.com/photo-1684745339800-c4dcd382da98?crop=entropy&cs=tinysrgb&fit=max&fm=jpg&ixid=M3w4NTgxMzd8MHwxfHNlYXJjaHw3fHwlRTQlQjglOTYlRTclOTUlOEMlRTQlQjklOEIlRTclQUElOTclMjBTaGVuemhlbiUyMENoaW5hJTIwbGFuZG1hcmt8ZW58MXwwfHx8MTc3Mzg4MzQ1OXww&ixlib=rb-4.1.0&q=80&w=1080,"Greener Cities. Li Xiang Park is located in the heart of Nanshan District, Shenzhen, facing Shennan Avenue in the north, Nanshan District Committee Building in the south, Kirin Road in the east, and Sunshine Lijing Building Group in the west, with a total area of 220,000 square meters.",False,False,True
深圳-深圳湾公园-0262,深圳湾公园,深圳,自然风光,shenzhen bay | 深圳湾,深圳湾公园,https://images.unsplash.com/photo-1651932509246-3a1296cae2f0?crop=entropy&cs=tinysrgb&fit=max&fm=jpg&ixid=M3w4NTgxMzd8MHwxfHNlYXJjaHwxfHwlRTYlQjclQjElRTUlOUMlQjMlRTYlQjklQkUlRTUlODUlQUMlRTUlOUIlQUR8ZW58MXwwfHx8MTc3Mzg4MzQ2MHww&ixlib=rb-4.1.0&q=80&w=1080,Birds  in 深圳湾公园,True,False,False,,,,False,True,False
成都-锦里-0263,锦里,成都,历史文化,jinli | 锦里,锦里,,,False,True,False,,,,False,True,False
成都-宽窄巷子-0264,宽窄巷子,成都,历史文化,kuanzhai alley | 宽窄巷子,宽窄巷子,,,False,True,False,,,,False,True,False
成都-成都大熊猫繁育研究基地-0265,成都大熊猫繁育研究基地,成都,自然风光,panda | chengdu research base | 熊猫,成都大熊猫繁育研究基地,,,False,True,False,Chengdu Research Base of Giant Panda Breeding Chengdu China,https://images.unsplash.com/photo-1504713721722-f73b4ccdfe6a?crop=entropy&cs=tinysrgb&fit=max&fm=jpg&ixid=M3w4NTgxMzd8MHwxfHNlYXJjaHwxMHx8Q2hlbmdkdSUyMFJlc2VhcmNoJTIwQmFzZSUyMG9mJTIwR2lhbnQlMjBQYW5kYSUyMEJyZWVkaW5nJTIwQ2hlbmdkdSUyMENoaW5hfGVufDF8MHx8fDE3NzM4NDY1NDZ8MA&ixlib=rb-4.1.0&q=80&w=1080,"A giant panda cub chilling in a tree at the Chengdu Research Base of Giant Panda Breeding. It was such a fun visit, with the cubs running around and playing with each other and the adults gluttonously eating loads of bamboo.",True,False,False
杭州-西湖-0266,西湖,杭州,自然风光,west lake | 西湖,西湖,,,False,True,False,,,,False,True,False
杭州-灵隐寺-0267,灵隐寺,杭州,历史文化,lingyin | lingyin temple | 灵隐寺,灵隐寺,,,False,True,False,,,,False,True,False
南京-夫子庙-0268,夫子庙,南京,历史文化,confucius temple | 夫子庙,夫子庙,,,False,True,False,,,,False,True,False
南京-中山陵-0269,中山陵,南京,历史文化,sun yat-sen mausoleum | 中山陵,中山陵,,,False,True,False,,,,False,True,False
苏州-拙政园-0270,拙政园,苏州,历史文化,humble administrator's garden | 拙政园,拙政园,,,False,True,False,,,,False,True,False
苏州-平江路-0271,平江路,苏州,历史文化,pingjiang road | 平江路,平江路,,,False,True,False,,,,False,True,False
武汉-黄鹤楼-0272,黄鹤楼,武汉,历史文化,yellow crane tower | 黄鹤楼,黄鹤楼,,,False,True,False,,,,False,True,False
武汉-东湖-0273,东湖,武汉,自然风光,east lake | donghu | 东湖,东湖,,,False,True,False,,,,False,True,False
西安-兵马俑-0274,兵马俑,西安,历史文化,terracotta | terracotta army | 兵马俑,兵马俑,,,False,True,False,Terracotta Army,https://images.unsplash.com/photo-1527922891260-918d42a4efc8?crop=entropy&cs=tinysrgb&fit=max&fm=jpg&ixid=M3w4NTgxMzd8MHwxfHNlYXJjaHwxfHxUZXJyYWNvdHRhJTIwQXJteXxlbnwxfDB8fHwxNzczODQ2NTQwfDA&ixlib=rb-4.1.0&q=80&w=1080,"In today’s world of easy access information and increasingly amazing imagery you can often be left underwhelmed when seeing something in reality, It was a plesant surprise to find the Terracotta Army did not just live up to the hype but thoroughly exceeded it, a truly awe inspiring site that they have only just scratched the surface of  

The scale of the site and in particular what is still under the ground is mind bending",True,False,False
西安-大雁塔-0275,大雁塔,西安,历史文化,giant wild goose pagoda | 大雁塔,大雁塔,,,False,True,False,,,,False,True,False
北京-故宫-0276,故宫,北京,历史文化,forbidden city | palace museum | 故宫 | 紫禁城,故宫,https://images.unsplash.com/photo-1636550230446-7632d97d1e77?crop=entropy&cs=tinysrgb&fit=max&fm=jpg&ixid=M3w4NTgxMzd8MHwxfHNlYXJjaHwxfHwlRTYlOTUlODUlRTUlQUUlQUJ8ZW58MXwwfHx8MTc3Mzg0NTAyM3ww&ixlib=rb-4.1.0&q=80&w=1080,故宫雪景,True,False,False,故宫 北京,https://images.unsplash.com/photo-1620826502427-9e8faa18d3f0?crop=entropy&cs=tinysrgb&fit=max&fm=jpg&ixid=M3w4NTgxMzd8MHwxfHNlYXJjaHwxMHx8JUU2JTk1JTg1JUU1JUFFJUFCJTIwJUU1JThDJTk3JUU0JUJBJUFDfGVufDF8MHx8fDE3NzM4NDUwMjd8MA&ixlib=rb-4.1.0&q=80&w=1080,北京故宫博物院,True,False,False
北京-天坛-0277,天坛,北京,历史文化,temple of heaven | 天坛,天坛,https://images.unsplash.com/photo-1584872589930-e99fe5bf4408?crop=entropy&cs=tinysrgb&fit=max&fm=jpg&ixid=M3w4NTgxMzd8MHwxfHNlYXJjaHwxfHwlRTUlQTQlQTklRTUlOUQlOUJ8ZW58MXwwfHx8MTc3Mzg0NTAzMHww&ixlib=rb-4.1.0&q=80&w=1080,"The Temple of Heaven, Beijing, China.",True,False,False,天坛 北京,https://images.unsplash.com/photo-1620033370499-c85e0122f1fc?crop=entropy&cs=tinysrgb&fit=max&fm=jpg&ixid=M3w4NTgxMzd8MHwxfHNlYXJjaHw3fHwlRTUlQTQlQTklRTUlOUQlOUIlMjAlRTUlOEMlOTclRTQlQkElQUN8ZW58MXwwfHx8MTc3Mzg0NTAzNHww&ixlib=rb-4.1.0&q=80&w=1080,北京天坛公园,True,False,False
北京-颐和园-0278,颐和园,北京,历史文化,summer palace | 颐和园,颐和园,https://images.unsplash.com/photo-1669382485231-ef86d9fa986f?crop=entropy&cs=tinysrgb&fit=max&fm=jpg&ixid=M3w4NTgxMzd8MHwxfHNlYXJjaHwxfHwlRTklQTIlOTAlRTUlOTIlOEMlRTUlOUIlQUR8ZW58MXwwfHx8MTc3Mzg4MzM5M3ww&ixlib=rb-4.1.0&q=80&w=1080,北京颐和园,True,False,False,颐和园 北京,https://images.unsplash.com/photo-1620822102340-47c32da50fef?crop=entropy&cs=tinysrgb&fit=max&fm=jpg&ixid=M3w4NTgxMzd8MHwxfHNlYXJjaHwyfHwlRTklQTIlOTAlRTUlOTIlOEMlRTUlOUIlQUQlMjAlRTUlOEMlOTclRTQlQkElQUN8ZW58MXwwfHx8MTc3Mzg4MzM5NHww&ixlib=rb-4.1.0&q=80&w=1080,北京颐和园,True,False,False
北京-八达岭长城-0279,八达岭长城,北京,历史文化,great wall | badaling | 长城,八达岭长城,,,False,True,False,Great Wall Beijing China,https://images.unsplash.com/photo-1724076202408-bfa5548a2b1d?crop=entropy&cs=tinysrgb&fit=max&fm=jpg&ixid=M3w4NTgxMzd8MHwxfHNlYXJjaHw2fHxHcmVhdCUyMFdhbGwlMjBCZWlqaW5nJTIwQ2hpbmF8ZW58MXwwfHx8MTc3Mzg4MzQwOHww&ixlib=rb-4.1.0&q=80&w=1080,"The Great Wall is a must for a China tour, while Badaling is a must for a Great Wall tour. Badaling Great Wall in Beijing is the best-preserved and most complete section among the various, hence the most popular, even among world leaders.",True,False,False
上海-外滩-0280,外滩,上海,城市风光,the bund | waitan | 外滩,外滩,https://images.unsplash.com/photo-1718427778421-ad719f965738?crop=entropy&cs=tinysrgb&fit=max&fm=jpg&ixid=M3w4NTgxMzd8MHwxfHNlYXJjaHwxfHwlRTUlQTQlOTYlRTYlQkIlQTl8ZW58MXwwfHx8MTc3Mzg0NTAzNnww&ixlib=rb-4.1.0&q=80&w=1080,a view of a large city with tall buildings,False,False,True,外滩 Shanghai,https://images.unsplash.com/photo-1592311800804-1b72948c1a99?crop=entropy&cs=tinysrgb&fit=max&fm=jpg&ixid=M3w4NTgxMzd8MHwxfHNlYXJjaHwyfHwlRTUlQTQlOTYlRTYlQkIlQTklMjBTaGFuZ2hhaXxlbnwxfDB8fHwxNzczODQ2NTM1fDA&ixlib=rb-4.1.0&q=80&w=1080,"The Bund
外滩",True,False,False
上海-东方明珠-0281,东方明珠,上海,城市风光,oriental pearl | 东方明珠,东方明珠,https://images.unsplash.com/photo-1508742066636-3b9fb738ee0e?crop=entropy&cs=tinysrgb&fit=max&fm=jpg&ixid=M3w4NTgxMzd8MHwxfHNlYXJjaHwxfHwlRTQlQjglOUMlRTYlOTYlQjklRTYlOTglOEUlRTclOEYlQTB8ZW58MXwwfHx8MTc3Mzg4MzQxOHww&ixlib=rb-4.1.0&q=80&w=1080,body of water beside city,False,False,True,东方明珠 Shanghai,https://images.unsplash.com/photo-1509189692239-6c2bb03eac8a?crop=entropy&cs=tinysrgb&fit=max&fm=jpg&ixid=M3w4NTgxMzd8MHwxfHNlYXJjaHwxMHx8JUU0JUI4JTlDJUU2JTk2JUI5JUU2JTk4JThFJUU3JThGJUEwJTIwU2hhbmdoYWl8ZW58MXwwfHx8MTc3Mzg4MzQyMXww&ixlib=rb-4.1.0&q=80&w=1080,上海东方明珠,True,False,False
上海-迪士尼乐园-0282,迪士尼乐园,上海,休闲,disney | disneyland | 迪士尼,迪士尼乐园,,,False,True,False,迪士尼乐园 Shanghai China,https://images.unsplash.com/photo-1506660889812-c5ba0c735d91?crop=entropy&cs=tinysrgb&fit=max&fm=jpg&ixid=M3w4NTgxMzd8MHwxfHNlYXJjaHw5fHwlRTglQkYlQUElRTUlQTMlQUIlRTUlQjAlQkMlRTQlQjklOTAlRTUlOUIlQUQlMjBTaGFuZ2hhaSUyMENoaW5hfGVufDF8MHx8fDE3NzM4ODM0Mjh8MA&ixlib=rb-4.1.0&q=80&w=1080,"2017 is Shanghai Big World 100 years
2017是上海大世界建成100周年",False,False,True
广州-广州塔-0283,广州塔,广州,城市风光,canton tower | guangzhou tower | 广州塔,广州塔,https://images.unsplash.com/photo-1530021382214-1fc6e31513d5?crop=entropy&cs=tinysrgb&fit=max&fm=jpg&ixid=M3w4NTgxMzd8MHwxfHNlYXJjaHwxfHwlRTUlQjklQkYlRTUlQjclOUUlRTUlQTElOTR8ZW58MXwwfHx8MTc3Mzg4MzQzMXww&ixlib=rb-4.1.0&q=80&w=1080,Guangzhou Tower,True,False,False,pagoda,https://images.unsplash.com/photo-1528164344705-47542687000d?crop=entropy&cs=tinysrgb&fit=max&fm=jpg&ixid=M3w4NTgxMzd8MHwxfHNlYXJjaHwyfHxwYWdvZGF8ZW58MXwwfHx8MTc3Mzg4MzQzN3ww&ixlib=rb-4.1.0&q=80&w=1080,Chureito Pagoda,False,False,True
广州-陈家祠-0284,陈家祠,广州,历史文化,chen clan | chen clan academy | 陈家祠,陈家祠,,,False,True,False,陈家祠 Guangzhou,https://images.unsplash.com/photo-1730053344240-d18b816a764d?crop=entropy&cs=tinysrgb&fit=max&fm=jpg&ixid=M3w4NTgxMzd8MHwxfHNlYXJjaHw0fHwlRTklOTklODglRTUlQUUlQjYlRTclQTUlQTAlMjBHdWFuZ3pob3V8ZW58MXwwfHx8MTc3Mzg4MzQ0M3ww&ixlib=rb-4.1.0&q=80&w=1080,a hidden gem in Guangzhou 🍃,False,False,True
广州-珠江夜游-0285,珠江夜游,广州,城市风光,pearl river | 珠江,珠江夜游,https://images.unsplash.com/photo-1560951803-8d0d8c876bff?crop=entropy&cs=tinysrgb&fit=max&fm=jpg&ixid=M3w4NTgxMzd8MHwxfHNlYXJjaHwxfHwlRTclOEYlQTAlRTYlQjElOUYlRTUlQTQlOUMlRTYlQjglQjh8ZW58MXwwfHx8MTc3Mzg4MzQ0N3ww&ixlib=rb-4.1.0&q=80&w=1080,body of water near buildings,False,False,True,珠江夜游 Guangzhou,https://images.unsplash.com/photo-1535391879778-3bae11d29a24?crop=entropy&cs=tinysrgb&fit=max&fm=jpg&ixid=M3w4NTgxMzd8MHwxfHNlYXJjaHwyfHwlRTclOEYlQTAlRTYlQjElOUYlRTUlQTQlOUMlRTYlQjglQjglMjBHdWFuZ3pob3V8ZW58MXwwfHx8MTc3Mzg4MzQ1MHww&ixlib=rb-4.1.0&q=80&w=1080,night mood in guangzhou,False,False,True
深圳-世界之窗-0286,世界之窗,深圳,休闲,window of the world | 世界之窗,世界之窗,https://images.unsplash.com/photo-1707813130463-31d492f072ea?crop=entropy&cs=tinysrgb&fit=max&fm=jpg&ixid=M3w4NTgxMzd8MHwxfHNlYXJjaHwxfHwlRTQlQjglOTYlRTclOTUlOEMlRTQlQjklOEIlRTclQUElOTd8ZW58MXwwfHx8MTc3Mzg4MzQ1M3ww&ixlib=rb-4.1.0&q=80&w=1080,a very large and colorful object with many lights,False,False,True,世界之窗 Shenzhen China landmark,https://images.unsplash.com/photo-1684745339800-c4dcd382da98?crop=entropy&cs=tinysrgb&fit=max&fm=jpg&ixid=M3w4NTgxMzd8MHwxfHNlYXJjaHw3fHwlRTQlQjglOTYlRTclOTUlOEMlRTQlQjklOEIlRTclQUElOTclMjBTaGVuemhlbiUyMENoaW5hJTIwbGFuZG1hcmt8ZW58MXwwfHx8MTc3Mzg4MzQ1OXww&ixlib=rb-4.1.0&q=80&w=1080,"Greener Cities. Li Xiang Park is located in the heart of Nanshan District, Shenzhen, facing Shennan Avenue in the north, Nanshan District Committee Building in the south, Kirin Road in the east, and Sunshine Lijing Building Group in the west, with a total area of 220,000 square meters.",False,False,True
深圳-深圳湾公园-0287,深圳湾公园,深圳,自然风光,shenzhen bay | 深圳湾,深圳湾公园,https://images.unsplash.com/photo-1651932509246-3a1296cae2f0?crop=entropy&cs=tinysrgb&fit=max&fm=jpg&ixid=M3w4NTgxMzd8MHwxfHNlYXJjaHwxfHwlRTYlQjclQjElRTUlOUMlQjMlRTYlQjklQkUlRTUlODUlQUMlRTUlOUIlQUR8ZW58MXwwfHx8MTc3Mzg4MzQ2MHww&ixlib=rb-4.1.0&q=80&w=1080,Birds  in 深圳湾公园,True,False,False,,,,False,True,False
成都-锦里-0288,锦里,成都,历史文化,jinli | 锦里,锦里,,,False,True,False,,,,False,True,False
成都-宽窄巷子-0289,宽窄巷子,成都,历史文化,kuanzhai alley | 宽窄巷子,宽窄巷子,,,False,True,False,,,,False,True,False
成都-成都大熊猫繁育研究基地-0290,成都大熊猫繁育研究基地,成都,自然风光,panda | chengdu research base | 熊猫,成都大熊猫繁育研究基地,,,False,True,False,Chengdu Research Base of Giant Panda Breeding Chengdu China,https://images.unsplash.com/photo-1504713721722-f73b4ccdfe6a?crop=entropy&cs=tinysrgb&fit=max&fm=jpg&ixid=M3w4NTgxMzd8MHwxfHNlYXJjaHwxMHx8Q2hlbmdkdSUyMFJlc2VhcmNoJTIwQmFzZSUyMG9mJTIwR2lhbnQlMjBQYW5kYSUyMEJyZWVkaW5nJTIwQ2hlbmdkdSUyMENoaW5hfGVufDF8MHx8fDE3NzM4NDY1NDZ8MA&ixlib=rb-4.1.0&q=80&w=1080,"A giant panda cub chilling in a tree at the Chengdu Research Base of Giant Panda Breeding. It was such a fun visit, with the cubs running around and playing with each other and the adults gluttonously eating loads of bamboo.",True,False,False
杭州-西湖-0291,西湖,杭州,自然风光,west lake | 西湖,西湖,,,False,True,False,,,,False,True,False
杭州-灵隐寺-0292,灵隐寺,杭州,历史文化,lingyin | lingyin temple | 灵隐寺,灵隐寺,,,False,True,False,,,,False,True,False
南京-夫子庙-0293,夫子庙,南京,历史文化,confucius temple | 夫子庙,夫子庙,,,False,True,False,,,,False,True,False
南京-中山陵-0294,中山陵,南京,历史文化,sun yat-sen mausoleum | 中山陵,中山陵,,,False,True,False,,,,False,True,False
苏州-拙政园-0295,拙政园,苏州,历史文化,humble administrator's garden | 拙政园,拙政园,,,False,True,False,,,,False,True,False
苏州-平江路-0296,平江路,苏州,历史文化,pingjiang road | 平江路,平江路,,,False,True,False,,,,False,True,False
武汉-黄鹤楼-0297,黄鹤楼,武汉,历史文化,yellow crane tower | 黄鹤楼,黄鹤楼,,,False,True,False,,,,False,True,False
武汉-东湖-0298,东湖,武汉,自然风光,east lake | donghu | 东湖,东湖,,,False,True,False,,,,False,True,False
西安-兵马俑-0299,兵马俑,西安,历史文化,terracotta | terracotta army | 兵马俑,兵马俑,,,False,True,False,Terracotta Army,https://images.unsplash.com/photo-1527922891260-918d42a4efc8?crop=entropy&cs=tinysrgb&fit=max&fm=jpg&ixid=M3w4NTgxMzd8MHwxfHNlYXJjaHwxfHxUZXJyYWNvdHRhJTIwQXJteXxlbnwxfDB8fHwxNzczODQ2NTQwfDA&ixlib=rb-4.1.0&q=80&w=1080,"In today’s world of easy access information and increasingly amazing imagery you can often be left underwhelmed when seeing something in reality, It was a plesant surprise to find the Terracotta Army did not just live up to the hype but thoroughly exceeded it, a truly awe inspiring site that they have only just scratched the surface of  

The scale of the site and in particular what is still under the ground is mind bending",True,False,False
西安-大雁塔-0300,大雁塔,西安,历史文化,giant wild goose pagoda | 大雁塔,大雁塔,,,False,True,False,,,,False,True,False
北京-故宫-0301,故宫,北京,历史文化,forbidden city | palace museum | 故宫 | 紫禁城,故宫,https://images.unsplash.com/photo-1636550230446-7632d97d1e77?crop=entropy&cs=tinysrgb&fit=max&fm=jpg&ixid=M3w4NTgxMzd8MHwxfHNlYXJjaHwxfHwlRTYlOTUlODUlRTUlQUUlQUJ8ZW58MXwwfHx8MTc3Mzg0NTAyM3ww&ixlib=rb-4.1.0&q=80&w=1080,故宫雪景,True,False,False,故宫 北京,https://images.unsplash.com/photo-1620826502427-9e8faa18d3f0?crop=entropy&cs=tinysrgb&fit=max&fm=jpg&ixid=M3w4NTgxMzd8MHwxfHNlYXJjaHwxMHx8JUU2JTk1JTg1JUU1JUFFJUFCJTIwJUU1JThDJTk3JUU0JUJBJUFDfGVufDF8MHx8fDE3NzM4NDUwMjd8MA&ixlib=rb-4.1.0&q=80&w=1080,北京故宫博物院,True,False,False
北京-天坛-0302,天坛,北京,历史文化,temple of heaven | 天坛,天坛,https://images.unsplash.com/photo-1584872589930-e99fe5bf4408?crop=entropy&cs=tinysrgb&fit=max&fm=jpg&ixid=M3w4NTgxMzd8MHwxfHNlYXJjaHwxfHwlRTUlQTQlQTklRTUlOUQlOUJ8ZW58MXwwfHx8MTc3Mzg0NTAzMHww&ixlib=rb-4.1.0&q=80&w=1080,"The Temple of Heaven, Beijing, China.",True,False,False,天坛 北京,https://images.unsplash.com/photo-1620033370499-c85e0122f1fc?crop=entropy&cs=tinysrgb&fit=max&fm=jpg&ixid=M3w4NTgxMzd8MHwxfHNlYXJjaHw3fHwlRTUlQTQlQTklRTUlOUQlOUIlMjAlRTUlOEMlOTclRTQlQkElQUN8ZW58MXwwfHx8MTc3Mzg0NTAzNHww&ixlib=rb-4.1.0&q=80&w=1080,北京天坛公园,True,False,False
北京-颐和园-0303,颐和园,北京,历史文化,summer palace | 颐和园,颐和园,https://images.unsplash.com/photo-1669382485231-ef86d9fa986f?crop=entropy&cs=tinysrgb&fit=max&fm=jpg&ixid=M3w4NTgxMzd8MHwxfHNlYXJjaHwxfHwlRTklQTIlOTAlRTUlOTIlOEMlRTUlOUIlQUR8ZW58MXwwfHx8MTc3Mzg4MzM5M3ww&ixlib=rb-4.1.0&q=80&w=1080,北京颐和园,True,False,False,颐和园 北京,https://images.unsplash.com/photo-1620822102340-47c32da50fef?crop=entropy&cs=tinysrgb&fit=max&fm=jpg&ixid=M3w4NTgxMzd8MHwxfHNlYXJjaHwyfHwlRTklQTIlOTAlRTUlOTIlOEMlRTUlOUIlQUQlMjAlRTUlOEMlOTclRTQlQkElQUN8ZW58MXwwfHx8MTc3Mzg4MzM5NHww&ixlib=rb-4.1.0&q=80&w=1080,北京颐和园,True,False,False
北京-八达岭长城-0304,八达岭长城,北京,历史文化,great wall | badaling | 长城,八达岭长城,,,False,True,False,Great Wall Beijing China,https://images.unsplash.com/photo-1724076202408-bfa5548a2b1d?crop=entropy&cs=tinysrgb&fit=max&fm=jpg&ixid=M3w4NTgxMzd8MHwxfHNlYXJjaHw2fHxHcmVhdCUyMFdhbGwlMjBCZWlqaW5nJTIwQ2hpbmF8ZW58MXwwfHx8MTc3Mzg4MzQwOHww&ixlib=rb-4.1.0&q=80&w=1080,"The Great Wall is a must for a China tour, while Badaling is a must for a Great Wall tour. Badaling Great Wall in Beijing is the best-preserved and most complete section among the various, hence the most popular, even among world leaders.",True,False,False
上海-外滩-0305,外滩,上海,城市风光,the bund | waitan | 外滩,外滩,https://images.unsplash.com/photo-1718427778421-ad719f965738?crop=entropy&cs=tinysrgb&fit=max&fm=jpg&ixid=M3w4NTgxMzd8MHwxfHNlYXJjaHwxfHwlRTUlQTQlOTYlRTYlQkIlQTl8ZW58MXwwfHx8MTc3Mzg0NTAzNnww&ixlib=rb-4.1.0&q=80&w=1080,a view of a large city with tall buildings,False,False,True,外滩 Shanghai,https://images.unsplash.com/photo-1592311800804-1b72948c1a99?crop=entropy&cs=tinysrgb&fit=max&fm=jpg&ixid=M3w4NTgxMzd8MHwxfHNlYXJjaHwyfHwlRTUlQTQlOTYlRTYlQkIlQTklMjBTaGFuZ2hhaXxlbnwxfDB8fHwxNzczODQ2NTM1fDA&ixlib=rb-4.1.0&q=80&w=1080,"The Bund
外滩",True,False,False
上海-东方明珠-0306,东方明珠,上海,城市风光,oriental pearl | 东方明珠,东方明珠,https://images.unsplash.com/photo-1508742066636-3b9fb738ee0e?crop=entropy&cs=tinysrgb&fit=max&fm=jpg&ixid=M3w4NTgxMzd8MHwxfHNlYXJjaHwxfHwlRTQlQjglOUMlRTYlOTYlQjklRTYlOTglOEUlRTclOEYlQTB8ZW58MXwwfHx8MTc3Mzg4MzQxOHww&ixlib=rb-4.1.0&q=80&w=1080,body of water beside city,False,False,True,东方明珠 Shanghai,https://images.unsplash.com/photo-1509189692239-6c2bb03eac8a?crop=entropy&cs=tinysrgb&fit=max&fm=jpg&ixid=M3w4NTgxMzd8MHwxfHNlYXJjaHwxMHx8JUU0JUI4JTlDJUU2JTk2JUI5JUU2JTk4JThFJUU3JThGJUEwJTIwU2hhbmdoYWl8ZW58MXwwfHx8MTc3Mzg4MzQyMXww&ixlib=rb-4.1.0&q=80&w=1080,上海东方明珠,True,False,False
上海-迪士尼乐园-0307,迪士尼乐园,上海,休闲,disney | disneyland | 迪士尼,迪士尼乐园,,,False,True,False,迪士尼乐园 Shanghai China,https://images.unsplash.com/photo-1506660889812-c5ba0c735d91?crop=entropy&cs=tinysrgb&fit=max&fm=jpg&ixid=M3w4NTgxMzd8MHwxfHNlYXJjaHw5fHwlRTglQkYlQUElRTUlQTMlQUIlRTUlQjAlQkMlRTQlQjklOTAlRTUlOUIlQUQlMjBTaGFuZ2hhaSUyMENoaW5hfGVufDF8MHx8fDE3NzM4ODM0Mjh8MA&ixlib=rb-4.1.0&q=80&w=1080,"2017 is Shanghai Big World 100 years
2017是上海大世界建成100周年",False,False,True
广州-广州塔-0308,广州塔,广州,城市风光,canton tower | guangzhou tower | 广州塔,广州塔,https://images.unsplash.com/photo-1530021382214-1fc6e31513d5?crop=entropy&cs=tinysrgb&fit=max&fm=jpg&ixid=M3w4NTgxMzd8MHwxfHNlYXJjaHwxfHwlRTUlQjklQkYlRTUlQjclOUUlRTUlQTElOTR8ZW58MXwwfHx8MTc3Mzg4MzQzMXww&ixlib=rb-4.1.0&q=80&w=1080,Guangzhou Tower,True,False,False,pagoda,https://images.unsplash.com/photo-1528164344705-47542687000d?crop=entropy&cs=tinysrgb&fit=max&fm=jpg&ixid=M3w4NTgxMzd8MHwxfHNlYXJjaHwyfHxwYWdvZGF8ZW58MXwwfHx8MTc3Mzg4MzQzN3ww&ixlib=rb-4.1.0&q=80&w=1080,Chureito Pagoda,False,False,True
广州-陈家祠-0309,陈家祠,广州,历史文化,chen clan | chen clan academy | 陈家祠,陈家祠,,,False,True,False,陈家祠 Guangzhou,https://images.unsplash.com/photo-1730053344240-d18b816a764d?crop=entropy&cs=tinysrgb&fit=max&fm=jpg&ixid=M3w4NTgxMzd8MHwxfHNlYXJjaHw0fHwlRTklOTklODglRTUlQUUlQjYlRTclQTUlQTAlMjBHdWFuZ3pob3V8ZW58MXwwfHx8MTc3Mzg4MzQ0M3ww&ixlib=rb-4.1.0&q=80&w=1080,a hidden gem in Guangzhou 🍃,False,False,True
广州-珠江夜游-0310,珠江夜游,广州,城市风光,pearl river | 珠江,珠江夜游,https://images.unsplash.com/photo-1560951803-8d0d8c876bff?crop=entropy&cs=tinysrgb&fit=max&fm=jpg&ixid=M3w4NTgxMzd8MHwxfHNlYXJjaHwxfHwlRTclOEYlQTAlRTYlQjElOUYlRTUlQTQlOUMlRTYlQjglQjh8ZW58MXwwfHx8MTc3Mzg4MzQ0N3ww&ixlib=rb-4.1.0&q=80&w=1080,body of water near buildings,False,False,True,珠江夜游 Guangzhou,https://images.unsplash.com/photo-1535391879778-3bae11d29a24?crop=entropy&cs=tinysrgb&fit=max&fm=jpg&ixid=M3w4NTgxMzd8MHwxfHNlYXJjaHwyfHwlRTclOEYlQTAlRTYlQjElOUYlRTUlQTQlOUMlRTYlQjglQjglMjBHdWFuZ3pob3V8ZW58MXwwfHx8MTc3Mzg4MzQ1MHww&ixlib=rb-4.1.0&q=80&w=1080,night mood in guangzhou,False,False,True
深圳-世界之窗-0311,世界之窗,深圳,休闲,window of the world | 世界之窗,世界之窗,https://images.unsplash.com/photo-1707813130463-31d492f072ea?crop=entropy&cs=tinysrgb&fit=max&fm=jpg&ixid=M3w4NTgxMzd8MHwxfHNlYXJjaHwxfHwlRTQlQjglOTYlRTclOTUlOEMlRTQlQjklOEIlRTclQUElOTd8ZW58MXwwfHx8MTc3Mzg4MzQ1M3ww&ixlib=rb-4.1.0&q=80&w=1080,a very large and colorful object with many lights,False,False,True,世界之窗 Shenzhen China landmark,https://images.unsplash.com/photo-1684745339800-c4dcd382da98?crop=entropy&cs=tinysrgb&fit=max&fm=jpg&ixid=M3w4NTgxMzd8MHwxfHNlYXJjaHw3fHwlRTQlQjglOTYlRTclOTUlOEMlRTQlQjklOEIlRTclQUElOTclMjBTaGVuemhlbiUyMENoaW5hJTIwbGFuZG1hcmt8ZW58MXwwfHx8MTc3Mzg4MzQ1OXww&ixlib=rb-4.1.0&q=80&w=1080,"Greener Cities. Li Xiang Park is located in the heart of Nanshan District, Shenzhen, facing Shennan Avenue in the north, Nanshan District Committee Building in the south, Kirin Road in the east, and Sunshine Lijing Building Group in the west, with a total area of 220,000 square meters.",False,False,True
深圳-深圳湾公园-0312,深圳湾公园,深圳,自然风光,shenzhen bay | 深圳湾,深圳湾公园,https://images.unsplash.com/photo-1651932509246-3a1296cae2f0?crop=entropy&cs=tinysrgb&fit=max&fm=jpg&ixid=M3w4NTgxMzd8MHwxfHNlYXJjaHwxfHwlRTYlQjclQjElRTUlOUMlQjMlRTYlQjklQkUlRTUlODUlQUMlRTUlOUIlQUR8ZW58MXwwfHx8MTc3Mzg4MzQ2MHww&ixlib=rb-4.1.0&q=80&w=1080,Birds  in 深圳湾公园,True,False,False,,,,False,True,False
成都-锦里-0313,锦里,成都,历史文化,jinli | 锦里,锦里,,,False,True,False,,,,False,True,False
成都-宽窄巷子-0314,宽窄巷子,成都,历史文化,kuanzhai alley | 宽窄巷子,宽窄巷子,,,False,True,False,,,,False,True,False
成都-成都大熊猫繁育研究基地-0315,成都大熊猫繁育研究基地,成都,自然风光,panda | chengdu research base | 熊猫,成都大熊猫繁育研究基地,,,False,True,False,Chengdu Research Base of Giant Panda Breeding Chengdu China,https://images.unsplash.com/photo-1504713721722-f73b4ccdfe6a?crop=entropy&cs=tinysrgb&fit=max&fm=jpg&ixid=M3w4NTgxMzd8MHwxfHNlYXJjaHwxMHx8Q2hlbmdkdSUyMFJlc2VhcmNoJTIwQmFzZSUyMG9mJTIwR2lhbnQlMjBQYW5kYSUyMEJyZWVkaW5nJTIwQ2hlbmdkdSUyMENoaW5hfGVufDF8MHx8fDE3NzM4NDY1NDZ8MA&ixlib=rb-4.1.0&q=80&w=1080,"A giant panda cub chilling in a tree at the Chengdu Research Base of Giant Panda Breeding. It was such a fun visit, with the cubs running around and playing with each other and the adults gluttonously eating loads of bamboo.",True,False,False
杭州-西湖-0316,西湖,杭州,自然风光,west lake | 西湖,西湖,,,False,True,False,,,,False,True,False
杭州-灵隐寺-0317,灵隐寺,杭州,历史文化,lingyin | lingyin temple | 灵隐寺,灵隐寺,,,False,True,False,,,,False,True,False
南京-夫子庙-0318,夫子庙,南京,历史文化,confucius temple | 夫子庙,夫子庙,,,False,True,False,,,,False,True,False
南京-中山陵-0319,中山陵,南京,历史文化,sun yat-sen mausoleum | 中山陵,中山陵,,,False,True,False,,,,False,True,False
苏州-拙政园-0320,拙政园,苏州,历史文化,humble administrator's garden | 拙政园,拙政园,,,False,True,False,,,,False,True,False
苏州-平江路-0321,平江路,苏州,历史文化,pingjiang road | 平江路,平江路,,,False,True,False,,,,False,True,False
武汉-黄鹤楼-0322,黄鹤楼,武汉,历史文化,yellow crane tower | 黄鹤楼,黄鹤楼,,,False,True,False,,,,False,True,False
武汉-东湖-0323,东湖,武汉,自然风光,east lake | donghu | 东湖,东湖,,,False,True,False,,,,False,True,False
西安-兵马俑-0324,兵马俑,西安,历史文化,terracotta | terracotta army | 兵马俑,兵马俑,,,False,True,False,Terracotta Army,https://images.unsplash.com/photo-1527922891260-918d42a4efc8?crop=entropy&cs=tinysrgb&fit=max&fm=jpg&ixid=M3w4NTgxMzd8MHwxfHNlYXJjaHwxfHxUZXJyYWNvdHRhJTIwQXJteXxlbnwxfDB8fHwxNzczODQ2NTQwfDA&ixlib=rb-4.1.0&q=80&w=1080,"In today’s world of easy access information and increasingly amazing imagery you can often be left underwhelmed when seeing something in reality, It was a plesant surprise to find the Terracotta Army did not just live up to the hype but thoroughly exceeded it, a truly awe inspiring site that they have only just scratched the surface of  

The scale of the site and in particular what is still under the ground is mind bending",True,False,False
西安-大雁塔-0325,大雁塔,西安,历史文化,giant wild goose pagoda | 大雁塔,大雁塔,,,False,True,False,,,,False,True,False
北京-故宫-0326,故宫,北京,历史文化,forbidden city | palace museum | 故宫 | 紫禁城,故宫,https://images.unsplash.com/photo-1636550230446-7632d97d1e77?crop=entropy&cs=tinysrgb&fit=max&fm=jpg&ixid=M3w4NTgxMzd8MHwxfHNlYXJjaHwxfHwlRTYlOTUlODUlRTUlQUUlQUJ8ZW58MXwwfHx8MTc3Mzg0NTAyM3ww&ixlib=rb-4.1.0&q=80&w=1080,故宫雪景,True,False,False,故宫 北京,https://images.unsplash.com/photo-1620826502427-9e8faa18d3f0?crop=entropy&cs=tinysrgb&fit=max&fm=jpg&ixid=M3w4NTgxMzd8MHwxfHNlYXJjaHwxMHx8JUU2JTk1JTg1JUU1JUFFJUFCJTIwJUU1JThDJTk3JUU0JUJBJUFDfGVufDF8MHx8fDE3NzM4NDUwMjd8MA&ixlib=rb-4.1.0&q=80&w=1080,北京故宫博物院,True,False,False
北京-天坛-0327,天坛,北京,历史文化,temple of heaven | 天坛,天坛,https://images.unsplash.com/photo-1584872589930-e99fe5bf4408?crop=entropy&cs=tinysrgb&fit=max&fm=jpg&ixid=M3w4NTgxMzd8MHwxfHNlYXJjaHwxfHwlRTUlQTQlQTklRTUlOUQlOUJ8ZW58MXwwfHx8MTc3Mzg0NTAzMHww&ixlib=rb-4.1.0&q=80&w=1080,"The Temple of Heaven, Beijing, China.",True,False,False,天坛 北京,https://images.unsplash.com/photo-1620033370499-c85e0122f1fc?crop=entropy&cs=tinysrgb&fit=max&fm=jpg&ixid=M3w4NTgxMzd8MHwxfHNlYXJjaHw3fHwlRTUlQTQlQTklRTUlOUQlOUIlMjAlRTUlOEMlOTclRTQlQkElQUN8ZW58MXwwfHx8MTc3Mzg0NTAzNHww&ixlib=rb-4.1.0&q=80&w=1080,北京天坛公园,True,False,False
北京-颐和园-0328,颐和园,北京,历史文化,summer palace | 颐和园,颐和园,https://images.unsplash.com/photo-1669382485231-ef86d9fa986f?crop=entropy&cs=tinysrgb&fit=max&fm=jpg&ixid=M3w4NTgxMzd8MHwxfHNlYXJjaHwxfHwlRTklQTIlOTAlRTUlOTIlOEMlRTUlOUIlQUR8ZW58MXwwfHx8MTc3Mzg4MzM5M3ww&ixlib=rb-4.1.0&q=80&w=1080,北京颐和园,True,False,False,颐和园 北京,https://images.unsplash.com/photo-1620822102340-47c32da50fef?crop=entropy&cs=tinysrgb&fit=max&fm=jpg&ixid=M3w4NTgxMzd8MHwxfHNlYXJjaHwyfHwlRTklQTIlOTAlRTUlOTIlOEMlRTUlOUIlQUQlMjAlRTUlOEMlOTclRTQlQkElQUN8ZW58MXwwfHx8MTc3Mzg4MzM5NHww&ixlib=rb-4.1.0&q=80&w=1080,北京颐和园,True,False,False
北京-八达岭长城-0329,八达岭长城,北京,历史文化,great wall | badaling | 长城,八达岭长城,,,False,True,False,Great Wall Beijing China,https://images.unsplash.com/photo-1724076202408-bfa5548a2b1d?crop=entropy&cs=tinysrgb&fit=max&fm=jpg&ixid=M3w4NTgxMzd8MHwxfHNlYXJjaHw2fHxHcmVhdCUyMFdhbGwlMjBCZWlqaW5nJTIwQ2hpbmF8ZW58MXwwfHx8MTc3Mzg4MzQwOHww&ixlib=rb-4.1.0&q=80&w=1080,"The Great Wall is a must for a China tour, while Badaling is a must for a Great Wall tour. Badaling Great Wall in Beijing is the best-preserved and most complete section among the various, hence the most popular, even among world leaders.",True,False,False
上海-外滩-0330,外滩,上海,城市风光,the bund | waitan | 外滩,外滩,https://images.unsplash.com/photo-1718427778421-ad719f965738?crop=entropy&cs=tinysrgb&fit=max&fm=jpg&ixid=M3w4NTgxMzd8MHwxfHNlYXJjaHwxfHwlRTUlQTQlOTYlRTYlQkIlQTl8ZW58MXwwfHx8MTc3Mzg0NTAzNnww&ixlib=rb-4.1.0&q=80&w=1080,a view of a large city with tall buildings,False,False,True,外滩 Shanghai,https://images.unsplash.com/photo-1592311800804-1b72948c1a99?crop=entropy&cs=tinysrgb&fit=max&fm=jpg&ixid=M3w4NTgxMzd8MHwxfHNlYXJjaHwyfHwlRTUlQTQlOTYlRTYlQkIlQTklMjBTaGFuZ2hhaXxlbnwxfDB8fHwxNzczODQ2NTM1fDA&ixlib=rb-4.1.0&q=80&w=1080,"The Bund
外滩",True,False,False
上海-东方明珠-0331,东方明珠,上海,城市风光,oriental pearl | 东方明珠,东方明珠,https://images.unsplash.com/photo-1508742066636-3b9fb738ee0e?crop=entropy&cs=tinysrgb&fit=max&fm=jpg&ixid=M3w4NTgxMzd8MHwxfHNlYXJjaHwxfHwlRTQlQjglOUMlRTYlOTYlQjklRTYlOTglOEUlRTclOEYlQTB8ZW58MXwwfHx8MTc3Mzg4MzQxOHww&ixlib=rb-4.1.0&q=80&w=1080,body of water beside city,False,False,True,东方明珠 Shanghai,https://images.unsplash.com/photo-1509189692239-6c2bb03eac8a?crop=entropy&cs=tinysrgb&fit=max&fm=jpg&ixid=M3w4NTgxMzd8MHwxfHNlYXJjaHwxMHx8JUU0JUI4JTlDJUU2JTk2JUI5JUU2JTk4JThFJUU3JThGJUEwJTIwU2hhbmdoYWl8ZW58MXwwfHx8MTc3Mzg4MzQyMXww&ixlib=rb-4.1.0&q=80&w=1080,上海东方明珠,True,False,False
上海-迪士尼乐园-0332,迪士尼乐园,上海,休闲,disney | disneyland | 迪士尼,迪士尼乐园,,,False,True,False,迪士尼乐园 Shanghai China,https://images.unsplash.com/photo-1506660889812-c5ba0c735d91?crop=entropy&cs=tinysrgb&fit=max&fm=jpg&ixid=M3w4NTgxMzd8MHwxfHNlYXJjaHw5fHwlRTglQkYlQUElRTUlQTMlQUIlRTUlQjAlQkMlRTQlQjklOTAlRTUlOUIlQUQlMjBTaGFuZ2hhaSUyMENoaW5hfGVufDF8MHx8fDE3NzM4ODM0Mjh8MA&ixlib=rb-4.1.0&q=80&w=1080,"2017 is Shanghai Big World 100 years
2017是上海大世界建成100周年",False,False,True
广州-广州塔-0333,广州塔,广州,城市风光,canton tower | guangzhou tower | 广州塔,广州塔,https://images.unsplash.com/photo-1530021382214-1fc6e31513d5?crop=entropy&cs=tinysrgb&fit=max&fm=jpg&ixid=M3w4NTgxMzd8MHwxfHNlYXJjaHwxfHwlRTUlQjklQkYlRTUlQjclOUUlRTUlQTElOTR8ZW58MXwwfHx8MTc3Mzg4MzQzMXww&ixlib=rb-4.1.0&q=80&w=1080,Guangzhou Tower,True,False,False,pagoda,https://images.unsplash.com/photo-1528164344705-47542687000d?crop=entropy&cs=tinysrgb&fit=max&fm=jpg&ixid=M3w4NTgxMzd8MHwxfHNlYXJjaHwyfHxwYWdvZGF8ZW58MXwwfHx8MTc3Mzg4MzQzN3ww&ixlib=rb-4.1.0&q=80&w=1080,Chureito Pagoda,False,False,True
广州-陈家祠-0334,陈家祠,广州,历史文化,chen clan | chen clan academy | 陈家祠,陈家祠,,,False,True,False,陈家祠 Guangzhou,https://images.unsplash.com/photo-1730053344240-d18b816a764d?crop=entropy&cs=tinysrgb&fit=max&fm=jpg&ixid=M3w4NTgxMzd8MHwxfHNlYXJjaHw0fHwlRTklOTklODglRTUlQUUlQjYlRTclQTUlQTAlMjBHdWFuZ3pob3V8ZW58MXwwfHx8MTc3Mzg4MzQ0M3ww&ixlib=rb-4.1.0&q=80&w=1080,a hidden gem in Guangzhou 🍃,False,False,True
广州-珠江夜游-0335,珠江夜游,广州,城市风光,pearl river | 珠江,珠江夜游,https://images.unsplash.com/photo-1560951803-8d0d8c876bff?crop=entropy&cs=tinysrgb&fit=max&fm=jpg&ixid=M3w4NTgxMzd8MHwxfHNlYXJjaHwxfHwlRTclOEYlQTAlRTYlQjElOUYlRTUlQTQlOUMlRTYlQjglQjh8ZW58MXwwfHx8MTc3Mzg4MzQ0N3ww&ixlib=rb-4.1.0&q=80&w=1080,body of water near buildings,False,False,True,珠江夜游 Guangzhou,https://images.unsplash.com/photo-1535391879778-3bae11d29a24?crop=entropy&cs=tinysrgb&fit=max&fm=jpg&ixid=M3w4NTgxMzd8MHwxfHNlYXJjaHwyfHwlRTclOEYlQTAlRTYlQjElOUYlRTUlQTQlOUMlRTYlQjglQjglMjBHdWFuZ3pob3V8ZW58MXwwfHx8MTc3Mzg4MzQ1MHww&ixlib=rb-4.1.0&q=80&w=1080,night mood in guangzhou,False,False,True
深圳-世界之窗-0336,世界之窗,深圳,休闲,window of the world | 世界之窗,世界之窗,https://images.unsplash.com/photo-1707813130463-31d492f072ea?crop=entropy&cs=tinysrgb&fit=max&fm=jpg&ixid=M3w4NTgxMzd8MHwxfHNlYXJjaHwxfHwlRTQlQjglOTYlRTclOTUlOEMlRTQlQjklOEIlRTclQUElOTd8ZW58MXwwfHx8MTc3Mzg4MzQ1M3ww&ixlib=rb-4.1.0&q=80&w=1080,a very large and colorful object with many lights,False,False,True,世界之窗 Shenzhen China landmark,https://images.unsplash.com/photo-1684745339800-c4dcd382da98?crop=entropy&cs=tinysrgb&fit=max&fm=jpg&ixid=M3w4NTgxMzd8MHwxfHNlYXJjaHw3fHwlRTQlQjglOTYlRTclOTUlOEMlRTQlQjklOEIlRTclQUElOTclMjBTaGVuemhlbiUyMENoaW5hJTIwbGFuZG1hcmt8ZW58MXwwfHx8MTc3Mzg4MzQ1OXww&ixlib=rb-4.1.0&q=80&w=1080,"Greener Cities. Li Xiang Park is located in the heart of Nanshan District, Shenzhen, facing Shennan Avenue in the north, Nanshan District Committee Building in the south, Kirin Road in the east, and Sunshine Lijing Building Group in the west, with a total area of 220,000 square meters.",False,False,True
深圳-深圳湾公园-0337,深圳湾公园,深圳,自然风光,shenzhen bay | 深圳湾,深圳湾公园,https://images.unsplash.com/photo-1651932509246-3a1296cae2f0?crop=entropy&cs=tinysrgb&fit=max&fm=jpg&ixid=M3w4NTgxMzd8MHwxfHNlYXJjaHwxfHwlRTYlQjclQjElRTUlOUMlQjMlRTYlQjklQkUlRTUlODUlQUMlRTUlOUIlQUR8ZW58MXwwfHx8MTc3Mzg4MzQ2MHww&ixlib=rb-4.1.0&q=80&w=1080,Birds  in 深圳湾公园,True,False,False,,,,False,True,False
成都-锦里-0338,锦里,成都,历史文化,jinli | 锦里,锦里,,,False,True,False,,,,False,True,False
成都-宽窄巷子-0339,宽窄巷子,成都,历史文化,kuanzhai alley | 宽窄巷子,宽窄巷子,,,False,True,False,,,,False,True,False
成都-成都大熊猫繁育研究基地-0340,成都大熊猫繁育研究基地,成都,自然风光,panda | chengdu research base | 熊猫,成都大熊猫繁育研究基地,,,False,True,False,Chengdu Research Base of Giant Panda Breeding Chengdu China,https://images.unsplash.com/photo-1504713721722-f73b4ccdfe6a?crop=entropy&cs=tinysrgb&fit=max&fm=jpg&ixid=M3w4NTgxMzd8MHwxfHNlYXJjaHwxMHx8Q2hlbmdkdSUyMFJlc2VhcmNoJTIwQmFzZSUyMG9mJTIwR2lhbnQlMjBQYW5kYSUyMEJyZWVkaW5nJTIwQ2hlbmdkdSUyMENoaW5hfGVufDF8MHx8fDE3NzM4NDY1NDZ8MA&ixlib=rb-4.1.0&q=80&w=1080,"A giant panda cub chilling in a tree at the Chengdu Research Base of Giant Panda Breeding. It was such a fun visit, with the cubs running around and playing with each other and the adults gluttonously eating loads of bamboo.",True,False,False
杭州-西湖-0341,西湖,杭州,自然风光,west lake | 西湖,西湖,,,False,True,False,,,,False,True,False
杭州-灵隐寺-0342,灵隐寺,杭州,历史文化,lingyin | lingyin temple | 灵隐寺,灵隐寺,,,False,True,False,,,,False,True,False
南京-夫子庙-0343,夫子庙,南京,历史文化,confucius temple | 夫子庙,夫子庙,,,False,True,False,,,,False,True,False
南京-中山陵-0344,中山陵,南京,历史文化,sun yat-sen mausoleum | 中山陵,中山陵,,,False,True,False,,,,False,True,False
苏州-拙政园-0345,拙政园,苏州,历史文化,humble administrator's garden | 拙政园,拙政园,,,False,True,False,,,,False,True,False
苏州-平江路-0346,平江路,苏州,历史文化,pingjiang road | 平江路,平江路,,,False,True,False,,,,False,True,False
武汉-黄鹤楼-0347,黄鹤楼,武汉,历史文化,yellow crane tower | 黄鹤楼,黄鹤楼,,,False,True,False,,,,False,True,False
武汉-东湖-0348,东湖,武汉,自然风光,east lake | donghu | 东湖,东湖,,,False,True,False,,,,False,True,False
西安-兵马俑-0349,兵马俑,西安,历史文化,terracotta | terracotta army | 兵马俑,兵马俑,,,False,True,False,Terracotta Army,https://images.unsplash.com/photo-1527922891260-918d42a4efc8?crop=entropy&cs=tinysrgb&fit=max&fm=jpg&ixid=M3w4NTgxMzd8MHwxfHNlYXJjaHwxfHxUZXJyYWNvdHRhJTIwQXJteXxlbnwxfDB8fHwxNzczODQ2NTQwfDA&ixlib=rb-4.1.0&q=80&w=1080,"In today’s world of easy access information and increasingly amazing imagery you can often be left underwhelmed when seeing something in reality, It was a plesant surprise to find the Terracotta Army did not just live up to the hype but thoroughly exceeded it, a truly awe inspiring site that they have only just scratched the surface of  

The scale of the site and in particular what is still under the ground is mind bending",True,False,False
西安-大雁塔-0350,大雁塔,西安,历史文化,giant wild goose pagoda | 大雁塔,大雁塔,,,False,True,False,,,,False,True,False
北京-故宫-0351,故宫,北京,历史文化,forbidden city | palace museum | 故宫 | 紫禁城,故宫,https://images.unsplash.com/photo-1636550230446-7632d97d1e77?crop=entropy&cs=tinysrgb&fit=max&fm=jpg&ixid=M3w4NTgxMzd8MHwxfHNlYXJjaHwxfHwlRTYlOTUlODUlRTUlQUUlQUJ8ZW58MXwwfHx8MTc3Mzg0NTAyM3ww&ixlib=rb-4.1.0&q=80&w=1080,故宫雪景,True,False,False,故宫 北京,https://images.unsplash.com/photo-1620826502427-9e8faa18d3f0?crop=entropy&cs=tinysrgb&fit=max&fm=jpg&ixid=M3w4NTgxMzd8MHwxfHNlYXJjaHwxMHx8JUU2JTk1JTg1JUU1JUFFJUFCJTIwJUU1JThDJTk3JUU0JUJBJUFDfGVufDF8MHx8fDE3NzM4NDUwMjd8MA&ixlib=rb-4.1.0&q=80&w=1080,北京故宫博物院,True,False,False
北京-天坛-0352,天坛,北京,历史文化,temple of heaven | 天坛,天坛,https://images.unsplash.com/photo-1584872589930-e99fe5bf4408?crop=entropy&cs=tinysrgb&fit=max&fm=jpg&ixid=M3w4NTgxMzd8MHwxfHNlYXJjaHwxfHwlRTUlQTQlQTklRTUlOUQlOUJ8ZW58MXwwfHx8MTc3Mzg0NTAzMHww&ixlib=rb-4.1.0&q=80&w=1080,"The Temple of Heaven, Beijing, China.",True,False,False,天坛 北京,https://images.unsplash.com/photo-1620033370499-c85e0122f1fc?crop=entropy&cs=tinysrgb&fit=max&fm=jpg&ixid=M3w4NTgxMzd8MHwxfHNlYXJjaHw3fHwlRTUlQTQlQTklRTUlOUQlOUIlMjAlRTUlOEMlOTclRTQlQkElQUN8ZW58MXwwfHx8MTc3Mzg0NTAzNHww&ixlib=rb-4.1.0&q=80&w=1080,北京天坛公园,True,False,False
北京-颐和园-0353,颐和园,北京,历史文化,summer palace | 颐和园,颐和园,https://images.unsplash.com/photo-1669382485231-ef86d9fa986f?crop=entropy&cs=tinysrgb&fit=max&fm=jpg&ixid=M3w4NTgxMzd8MHwxfHNlYXJjaHwxfHwlRTklQTIlOTAlRTUlOTIlOEMlRTUlOUIlQUR8ZW58MXwwfHx8MTc3Mzg4MzM5M3ww&ixlib=rb-4.1.0&q=80&w=1080,北京颐和园,True,False,False,颐和园 北京,https://images.unsplash.com/photo-1620822102340-47c32da50fef?crop=entropy&cs=tinysrgb&fit=max&fm=jpg&ixid=M3w4NTgxMzd8MHwxfHNlYXJjaHwyfHwlRTklQTIlOTAlRTUlOTIlOEMlRTUlOUIlQUQlMjAlRTUlOEMlOTclRTQlQkElQUN8ZW58MXwwfHx8MTc3Mzg4MzM5NHww&ixlib=rb-4.1.0&q=80&w=1080,北京颐和园,True,False,False
北京-八达岭长城-0354,八达岭长城,北京,历史文化,great wall | badaling | 长城,八达岭长城,,,False,True,False,Great Wall Beijing China,https://images.unsplash.com/photo-1724076202408-bfa5548a2b1d?crop=entropy&cs=tinysrgb&fit=max&fm=jpg&ixid=M3w4NTgxMzd8MHwxfHNlYXJjaHw2fHxHcmVhdCUyMFdhbGwlMjBCZWlqaW5nJTIwQ2hpbmF8ZW58MXwwfHx8MTc3Mzg4MzQwOHww&ixlib=rb-4.1.0&q=80&w=1080,"The Great Wall is a must for a China tour, while Badaling is a must for a Great Wall tour. Badaling Great Wall in Beijing is the best-preserved and most complete section among the various, hence the most popular, even among world leaders.",True,False,False
上海-外滩-0355,外滩,上海,城市风光,the bund | waitan | 外滩,外滩,https://images.unsplash.com/photo-1718427778421-ad719f965738?crop=entropy&cs=tinysrgb&fit=max&fm=jpg&ixid=M3w4NTgxMzd8MHwxfHNlYXJjaHwxfHwlRTUlQTQlOTYlRTYlQkIlQTl8ZW58MXwwfHx8MTc3Mzg0NTAzNnww&ixlib=rb-4.1.0&q=80&w=1080,a view of a large city with tall buildings,False,False,True,外滩 Shanghai,https://images.unsplash.com/photo-1592311800804-1b72948c1a99?crop=entropy&cs=tinysrgb&fit=max&fm=jpg&ixid=M3w4NTgxMzd8MHwxfHNlYXJjaHwyfHwlRTUlQTQlOTYlRTYlQkIlQTklMjBTaGFuZ2hhaXxlbnwxfDB8fHwxNzczODQ2NTM1fDA&ixlib=rb-4.1.0&q=80&w=1080,"The Bund
外滩",True,False,False
上海-东方明珠-0356,东方明珠,上海,城市风光,oriental pearl | 东方明珠,东方明珠,https://images.unsplash.com/photo-1508742066636-3b9fb738ee0e?crop=entropy&cs=tinysrgb&fit=max&fm=jpg&ixid=M3w4NTgxMzd8MHwxfHNlYXJjaHwxfHwlRTQlQjglOUMlRTYlOTYlQjklRTYlOTglOEUlRTclOEYlQTB8ZW58MXwwfHx8MTc3Mzg4MzQxOHww&ixlib=rb-4.1.0&q=80&w=1080,body of water beside city,False,False,True,东方明珠 Shanghai,https://images.unsplash.com/photo-1509189692239-6c2bb03eac8a?crop=entropy&cs=tinysrgb&fit=max&fm=jpg&ixid=M3w4NTgxMzd8MHwxfHNlYXJjaHwxMHx8JUU0JUI4JTlDJUU2JTk2JUI5JUU2JTk4JThFJUU3JThGJUEwJTIwU2hhbmdoYWl8ZW58MXwwfHx8MTc3Mzg4MzQyMXww&ixlib=rb-4.1.0&q=80&w=1080,上海东方明珠,True,False,False
上海-迪士尼乐园-0357,迪士尼乐园,上海,休闲,disney | disneyland | 迪士尼,迪士尼乐园,,,False,True,False,迪士尼乐园 Shanghai China,https://images.unsplash.com/photo-1506660889812-c5ba0c735d91?crop=entropy&cs=tinysrgb&fit=max&fm=jpg&ixid=M3w4NTgxMzd8MHwxfHNlYXJjaHw5fHwlRTglQkYlQUElRTUlQTMlQUIlRTUlQjAlQkMlRTQlQjklOTAlRTUlOUIlQUQlMjBTaGFuZ2hhaSUyMENoaW5hfGVufDF8MHx8fDE3NzM4ODM0Mjh8MA&ixlib=rb-4.1.0&q=80&w=1080,"2017 is Shanghai Big World 100 years
2017是上海大世界建成100周年",False,False,True
广州-广州塔-0358,广州塔,广州,城市风光,canton tower | guangzhou tower | 广州塔,广州塔,https://images.unsplash.com/photo-1530021382214-1fc6e31513d5?crop=entropy&cs=tinysrgb&fit=max&fm=jpg&ixid=M3w4NTgxMzd8MHwxfHNlYXJjaHwxfHwlRTUlQjklQkYlRTUlQjclOUUlRTUlQTElOTR8ZW58MXwwfHx8MTc3Mzg4MzQzMXww&ixlib=rb-4.1.0&q=80&w=1080,Guangzhou Tower,True,False,False,pagoda,https://images.unsplash.com/photo-1528164344705-47542687000d?crop=entropy&cs=tinysrgb&fit=max&fm=jpg&ixid=M3w4NTgxMzd8MHwxfHNlYXJjaHwyfHxwYWdvZGF8ZW58MXwwfHx8MTc3Mzg4MzQzN3ww&ixlib=rb-4.1.0&q=80&w=1080,Chureito Pagoda,False,False,True
广州-陈家祠-0359,陈家祠,广州,历史文化,chen clan | chen clan academy | 陈家祠,陈家祠,,,False,True,False,陈家祠 Guangzhou,https://images.unsplash.com/photo-1730053344240-d18b816a764d?crop=entropy&cs=tinysrgb&fit=max&fm=jpg&ixid=M3w4NTgxMzd8MHwxfHNlYXJjaHw0fHwlRTklOTklODglRTUlQUUlQjYlRTclQTUlQTAlMjBHdWFuZ3pob3V8ZW58MXwwfHx8MTc3Mzg4MzQ0M3ww&ixlib=rb-4.1.0&q=80&w=1080,a hidden gem in Guangzhou 🍃,False,False,True
广州-珠江夜游-0360,珠江夜游,广州,城市风光,pearl river | 珠江,珠江夜游,https://images.unsplash.com/photo-1560951803-8d0d8c876bff?crop=entropy&cs=tinysrgb&fit=max&fm=jpg&ixid=M3w4NTgxMzd8MHwxfHNlYXJjaHwxfHwlRTclOEYlQTAlRTYlQjElOUYlRTUlQTQlOUMlRTYlQjglQjh8ZW58MXwwfHx8MTc3Mzg4MzQ0N3ww&ixlib=rb-4.1.0&q=80&w=1080,body of water near buildings,False,False,True,珠江夜游 Guangzhou,https://images.unsplash.com/photo-1535391879778-3bae11d29a24?crop=entropy&cs=tinysrgb&fit=max&fm=jpg&ixid=M3w4NTgxMzd8MHwxfHNlYXJjaHwyfHwlRTclOEYlQTAlRTYlQjElOUYlRTUlQTQlOUMlRTYlQjglQjglMjBHdWFuZ3pob3V8ZW58MXwwfHx8MTc3Mzg4MzQ1MHww&ixlib=rb-4.1.0&q=80&w=1080,night mood in guangzhou,False,False,True
深圳-世界之窗-0361,世界之窗,深圳,休闲,window of the world | 世界之窗,世界之窗,https://images.unsplash.com/photo-1707813130463-31d492f072ea?crop=entropy&cs=tinysrgb&fit=max&fm=jpg&ixid=M3w4NTgxMzd8MHwxfHNlYXJjaHwxfHwlRTQlQjglOTYlRTclOTUlOEMlRTQlQjklOEIlRTclQUElOTd8ZW58MXwwfHx8MTc3Mzg4MzQ1M3ww&ixlib=rb-4.1.0&q=80&w=1080,a very large and colorful object with many lights,False,False,True,世界之窗 Shenzhen China landmark,https://images.unsplash.com/photo-1684745339800-c4dcd382da98?crop=entropy&cs=tinysrgb&fit=max&fm=jpg&ixid=M3w4NTgxMzd8MHwxfHNlYXJjaHw3fHwlRTQlQjglOTYlRTclOTUlOEMlRTQlQjklOEIlRTclQUElOTclMjBTaGVuemhlbiUyMENoaW5hJTIwbGFuZG1hcmt8ZW58MXwwfHx8MTc3Mzg4MzQ1OXww&ixlib=rb-4.1.0&q=80&w=1080,"Greener Cities. Li Xiang Park is located in the heart of Nanshan District, Shenzhen, facing Shennan Avenue in the north, Nanshan District Committee Building in the south, Kirin Road in the east, and Sunshine Lijing Building Group in the west, with a total area of 220,000 square meters.",False,False,True
深圳-深圳湾公园-0362,深圳湾公园,深圳,自然风光,shenzhen bay | 深圳湾,深圳湾公园,https://images.unsplash.com/photo-1651932509246-3a1296cae2f0?crop=entropy&cs=tinysrgb&fit=max&fm=jpg&ixid=M3w4NTgxMzd8MHwxfHNlYXJjaHwxfHwlRTYlQjclQjElRTUlOUMlQjMlRTYlQjklQkUlRTUlODUlQUMlRTUlOUIlQUR8ZW58MXwwfHx8MTc3Mzg4MzQ2MHww&ixlib=rb-4.1.0&q=80&w=1080,Birds  in 深圳湾公园,True,False,False,,,,False,True,False
成都-锦里-0363,锦里,成都,历史文化,jinli | 锦里,锦里,,,False,True,False,,,,False,True,False
成都-宽窄巷子-0364,宽窄巷子,成都,历史文化,kuanzhai alley | 宽窄巷子,宽窄巷子,,,False,True,False,,,,False,True,False
成都-成都大熊猫繁育研究基地-0365,成都大熊猫繁育研究基地,成都,自然风光,panda | chengdu research base | 熊猫,成都大熊猫繁育研究基地,,,False,True,False,Chengdu Research Base of Giant Panda Breeding Chengdu China,https://images.unsplash.com/photo-1504713721722-f73b4ccdfe6a?crop=entropy&cs=tinysrgb&fit=max&fm=jpg&ixid=M3w4NTgxMzd8MHwxfHNlYXJjaHwxMHx8Q2hlbmdkdSUyMFJlc2VhcmNoJTIwQmFzZSUyMG9mJTIwR2lhbnQlMjBQYW5kYSUyMEJyZWVkaW5nJTIwQ2hlbmdkdSUyMENoaW5hfGVufDF8MHx8fDE3NzM4NDY1NDZ8MA&ixlib=rb-4.1.0&q=80&w=1080,"A giant panda cub chilling in a tree at the Chengdu Research Base of Giant Panda Breeding. It was such a fun visit, with the cubs running around and playing with each other and the adults gluttonously eating loads of bamboo.",True,False,False
杭州-西湖-0366,西湖,杭州,自然风光,west lake | 西湖,西湖,,,False,True,False,,,,False,True,False
杭州-灵隐寺-0367,灵隐寺,杭州,历史文化,lingyin | lingyin temple | 灵隐寺,灵隐寺,,,False,True,False,,,,False,True,False
南京-夫子庙-0368,夫子庙,南京,历史文化,confucius temple | 夫子庙,夫子庙,,,False,True,False,,,,False,True,False
南京-中山陵-0369,中山陵,南京,历史文化,sun yat-sen mausoleum | 中山陵,中山陵,,,False,True,False,,,,False,True,False
苏州-拙政园-0370,拙政园,苏州,历史文化,humble administrator's garden | 拙政园,拙政园,,,False,True,False,,,,False,True,False
苏州-平江路-0371,平江路,苏州,历史文化,pingjiang road | 平江路,平江路,,,False,True,False,,,,False,True,False
武汉-黄鹤楼-0372,黄鹤楼,武汉,历史文化,yellow crane tower | 黄鹤楼,黄鹤楼,,,False,True,False,,,,False,True,False
武汉-东湖-0373,东湖,武汉,自然风光,east lake | donghu | 东湖,东湖,,,False,True,False,,,,False,True,False
西安-兵马俑-0374,兵马俑,西安,历史文化,terracotta | terracotta army | 兵马俑,兵马俑,,,False,True,False,Terracotta Army,https://images.unsplash.com/photo-1527922891260-918d42a4efc8?crop=entropy&cs=tinysrgb&fit=max&fm=jpg&ixid=M3w4NTgxMzd8MHwxfHNlYXJjaHwxfHxUZXJyYWNvdHRhJTIwQXJteXxlbnwxfDB8fHwxNzczODQ2NTQwfDA&ixlib=rb-4.1.0&q=80&w=1080,"In today’s world of easy access information and increasingly amazing imagery you can often be left underwhelmed when seeing something in reality, It was a plesant surprise to find the Terracotta Army did not just live up to the hype but thoroughly exceeded it, a truly awe inspiring site that they have only just scratched the surface of  

The scale of the site and in particular what is still under the ground is mind bending",True,False,False
西安-大雁塔-0375,大雁塔,西安,历史文化,giant wild goose pagoda | 大雁塔,大雁塔,,,False,True,False,,,,False,True,False
北京-故宫-0376,故宫,北京,历史文化,forbidden city | palace museum | 故宫 | 紫禁城,故宫,https://images.unsplash.com/photo-1636550230446-7632d97d1e77?crop=entropy&cs=tinysrgb&fit=max&fm=jpg&ixid=M3w4NTgxMzd8MHwxfHNlYXJjaHwxfHwlRTYlOTUlODUlRTUlQUUlQUJ8ZW58MXwwfHx8MTc3Mzg0NTAyM3ww&ixlib=rb-4.1.0&q=80&w=1080,故宫雪景,True,False,False,故宫 北京,https://images.unsplash.com/photo-1620826502427-9e8faa18d3f0?crop=entropy&cs=tinysrgb&fit=max&fm=jpg&ixid=M3w4NTgxMzd8MHwxfHNlYXJjaHwxMHx8JUU2JTk1JTg1JUU1JUFFJUFCJTIwJUU1JThDJTk3JUU0JUJBJUFDfGVufDF8MHx8fDE3NzM4NDUwMjd8MA&ixlib=rb-4.1.0&q=80&w=1080,北京故宫博物院,True,False,False
北京-天坛-0377,天坛,北京,历史文化,temple of heaven | 天坛,天坛,https://images.unsplash.com/photo-1584872589930-e99fe5bf4408?crop=entropy&cs=tinysrgb&fit=max&fm=jpg&ixid=M3w4NTgxMzd8MHwxfHNlYXJjaHwxfHwlRTUlQTQlQTklRTUlOUQlOUJ8ZW58MXwwfHx8MTc3Mzg0NTAzMHww&ixlib=rb-4.1.0&q=80&w=1080,"The Temple of Heaven, Beijing, China.",True,False,False,天坛 北京,https://images.unsplash.com/photo-1620033370499-c85e0122f1fc?crop=entropy&cs=tinysrgb&fit=max&fm=jpg&ixid=M3w4NTgxMzd8MHwxfHNlYXJjaHw3fHwlRTUlQTQlQTklRTUlOUQlOUIlMjAlRTUlOEMlOTclRTQlQkElQUN8ZW58MXwwfHx8MTc3Mzg0NTAzNHww&ixlib=rb-4.1.0&q=80&w=1080,北京天坛公园,True,False,False
北京-颐和园-0378,颐和园,北京,历史文化,summer palace | 颐和园,颐和园,https://images.unsplash.com/photo-1669382485231-ef86d9fa986f?crop=entropy&cs=tinysrgb&fit=max&fm=jpg&ixid=M3w4NTgxMzd8MHwxfHNlYXJjaHwxfHwlRTklQTIlOTAlRTUlOTIlOEMlRTUlOUIlQUR8ZW58MXwwfHx8MTc3Mzg4MzM5M3ww&ixlib=rb-4.1.0&q=80&w=1080,北京颐和园,True,False,False,颐和园 北京,https://images.unsplash.com/photo-1620822102340-47c32da50fef?crop=entropy&cs=tinysrgb&fit=max&fm=jpg&ixid=M3w4NTgxMzd8MHwxfHNlYXJjaHwyfHwlRTklQTIlOTAlRTUlOTIlOEMlRTUlOUIlQUQlMjAlRTUlOEMlOTclRTQlQkElQUN8ZW58MXwwfHx8MTc3Mzg4MzM5NHww&ixlib=rb-4.1.0&q=80&w=1080,北京颐和园,True,False,False
北京-八达岭长城-0379,八达岭长城,北京,历史文化,great wall | badaling | 长城,八达岭长城,,,False,True,False,Great Wall Beijing China,https://images.unsplash.com/photo-1724076202408-bfa5548a2b1d?crop=entropy&cs=tinysrgb&fit=max&fm=jpg&ixid=M3w4NTgxMzd8MHwxfHNlYXJjaHw2fHxHcmVhdCUyMFdhbGwlMjBCZWlqaW5nJTIwQ2hpbmF8ZW58MXwwfHx8MTc3Mzg4MzQwOHww&ixlib=rb-4.1.0&q=80&w=1080,"The Great Wall is a must for a China tour, while Badaling is a must for a Great Wall tour. Badaling Great Wall in Beijing is the best-preserved and most complete section among the various, hence the most popular, even among world leaders.",True,False,False
上海-外滩-0380,外滩,上海,城市风光,the bund | waitan | 外滩,外滩,https://images.unsplash.com/photo-1718427778421-ad719f965738?crop=entropy&cs=tinysrgb&fit=max&fm=jpg&ixid=M3w4NTgxMzd8MHwxfHNlYXJjaHwxfHwlRTUlQTQlOTYlRTYlQkIlQTl8ZW58MXwwfHx8MTc3Mzg0NTAzNnww&ixlib=rb-4.1.0&q=80&w=1080,a view of a large city with tall buildings,False,False,True,外滩 Shanghai,https://images.unsplash.com/photo-1592311800804-1b72948c1a99?crop=entropy&cs=tinysrgb&fit=max&fm=jpg&ixid=M3w4NTgxMzd8MHwxfHNlYXJjaHwyfHwlRTUlQTQlOTYlRTYlQkIlQTklMjBTaGFuZ2hhaXxlbnwxfDB8fHwxNzczODQ2NTM1fDA&ixlib=rb-4.1.0&q=80&w=1080,"The Bund
外滩",True,False,False
上海-东方明珠-0381,东方明珠,上海,城市风光,oriental pearl | 东方明珠,东方明珠,https://images.unsplash.com/photo-1508742066636-3b9fb738ee0e?crop=entropy&cs=tinysrgb&fit=max&fm=jpg&ixid=M3w4NTgxMzd8MHwxfHNlYXJjaHwxfHwlRTQlQjglOUMlRTYlOTYlQjklRTYlOTglOEUlRTclOEYlQTB8ZW58MXwwfHx8MTc3Mzg4MzQxOHww&ixlib=rb-4.1.0&q=80&w=1080,body of water beside city,False,False,True,东方明珠 Shanghai,https://images.unsplash.com/photo-1509189692239-6c2bb03eac8a?crop=entropy&cs=tinysrgb&fit=max&fm=jpg&ixid=M3w4NTgxMzd8MHwxfHNlYXJjaHwxMHx8JUU0JUI4JTlDJUU2JTk2JUI5JUU2JTk4JThFJUU3JThGJUEwJTIwU2hhbmdoYWl8ZW58MXwwfHx8MTc3Mzg4MzQyMXww&ixlib=rb-4.1.0&q=80&w=1080,上海东方明珠,True,False,False
上海-迪士尼乐园-0382,迪士尼乐园,上海,休闲,disney | disneyland | 迪士尼,迪士尼乐园,,,False,True,False,迪士尼乐园 Shanghai China,https://images.unsplash.com/photo-1506660889812-c5ba0c735d91?crop=entropy&cs=tinysrgb&fit=max&fm=jpg&ixid=M3w4NTgxMzd8MHwxfHNlYXJjaHw5fHwlRTglQkYlQUElRTUlQTMlQUIlRTUlQjAlQkMlRTQlQjklOTAlRTUlOUIlQUQlMjBTaGFuZ2hhaSUyMENoaW5hfGVufDF8MHx8fDE3NzM4ODM0Mjh8MA&ixlib=rb-4.1.0&q=80&w=1080,"2017 is Shanghai Big World 100 years
2017是上海大世界建成100周年",False,False,True
广州-广州塔-0383,广州塔,广州,城市风光,canton tower | guangzhou tower | 广州塔,广州塔,https://images.unsplash.com/photo-1530021382214-1fc6e31513d5?crop=entropy&cs=tinysrgb&fit=max&fm=jpg&ixid=M3w4NTgxMzd8MHwxfHNlYXJjaHwxfHwlRTUlQjklQkYlRTUlQjclOUUlRTUlQTElOTR8ZW58MXwwfHx8MTc3Mzg4MzQzMXww&ixlib=rb-4.1.0&q=80&w=1080,Guangzhou Tower,True,False,False,pagoda,https://images.unsplash.com/photo-1528164344705-47542687000d?crop=entropy&cs=tinysrgb&fit=max&fm=jpg&ixid=M3w4NTgxMzd8MHwxfHNlYXJjaHwyfHxwYWdvZGF8ZW58MXwwfHx8MTc3Mzg4MzQzN3ww&ixlib=rb-4.1.0&q=80&w=1080,Chureito Pagoda,False,False,True
广州-陈家祠-0384,陈家祠,广州,历史文化,chen clan | chen clan academy | 陈家祠,陈家祠,,,False,True,False,陈家祠 Guangzhou,https://images.unsplash.com/photo-1730053344240-d18b816a764d?crop=entropy&cs=tinysrgb&fit=max&fm=jpg&ixid=M3w4NTgxMzd8MHwxfHNlYXJjaHw0fHwlRTklOTklODglRTUlQUUlQjYlRTclQTUlQTAlMjBHdWFuZ3pob3V8ZW58MXwwfHx8MTc3Mzg4MzQ0M3ww&ixlib=rb-4.1.0&q=80&w=1080,a hidden gem in Guangzhou 🍃,False,False,True
广州-珠江夜游-0385,珠江夜游,广州,城市风光,pearl river | 珠江,珠江夜游,https://images.unsplash.com/photo-1560951803-8d0d8c876bff?crop=entropy&cs=tinysrgb&fit=max&fm=jpg&ixid=M3w4NTgxMzd8MHwxfHNlYXJjaHwxfHwlRTclOEYlQTAlRTYlQjElOUYlRTUlQTQlOUMlRTYlQjglQjh8ZW58MXwwfHx8MTc3Mzg4MzQ0N3ww&ixlib=rb-4.1.0&q=80&w=1080,body of water near buildings,False,False,True,珠江夜游 Guangzhou,https://images.unsplash.com/photo-1535391879778-3bae11d29a24?crop=entropy&cs=tinysrgb&fit=max&fm=jpg&ixid=M3w4NTgxMzd8MHwxfHNlYXJjaHwyfHwlRTclOEYlQTAlRTYlQjElOUYlRTUlQTQlOUMlRTYlQjglQjglMjBHdWFuZ3pob3V8ZW58MXwwfHx8MTc3Mzg4MzQ1MHww&ixlib=rb-4.1.0&q=80&w=1080,night mood in guangzhou,False,False,True
深圳-世界之窗-0386,世界之窗,深圳,休闲,window of the world | 世界之窗,世界之窗,https://images.unsplash.com/photo-1707813130463-31d492f072ea?crop=entropy&cs=tinysrgb&fit=max&fm=jpg&ixid=M3w4NTgxMzd8MHwxfHNlYXJjaHwxfHwlRTQlQjglOTYlRTclOTUlOEMlRTQlQjklOEIlRTclQUElOTd8ZW58MXwwfHx8MTc3Mzg4MzQ1M3ww&ixlib=rb-4.1.0&q=80&w=1080,a very large and colorful object with many lights,False,False,True,世界之窗 Shenzhen China landmark,https://images.unsplash.com/photo-1684745339800-c4dcd382da98?crop=entropy&cs=tinysrgb&fit=max&fm=jpg&ixid=M3w4NTgxMzd8MHwxfHNlYXJjaHw3fHwlRTQlQjglOTYlRTclOTUlOEMlRTQlQjklOEIlRTclQUElOTclMjBTaGVuemhlbiUyMENoaW5hJTIwbGFuZG1hcmt8ZW58MXwwfHx8MTc3Mzg4MzQ1OXww&ixlib=rb-4.1.0&q=80&w=1080,"Greener Cities. Li Xiang Park is located in the heart of Nanshan District, Shenzhen, facing Shennan Avenue in the north, Nanshan District Committee Building in the south, Kirin Road in the east, and Sunshine Lijing Building Group in the west, with a total area of 220,000 square meters.",False,False,True
深圳-深圳湾公园-0387,深圳湾公园,深圳,自然风光,shenzhen bay | 深圳湾,深圳湾公园,https://images.unsplash.com/photo-1651932509246-3a1296cae2f0?crop=entropy&cs=tinysrgb&fit=max&fm=jpg&ixid=M3w4NTgxMzd8MHwxfHNlYXJjaHwxfHwlRTYlQjclQjElRTUlOUMlQjMlRTYlQjklQkUlRTUlODUlQUMlRTUlOUIlQUR8ZW58MXwwfHx8MTc3Mzg4MzQ2MHww&ixlib=rb-4.1.0&q=80&w=1080,Birds  in 深圳湾公园,True,False,False,,,,False,True,False
成都-锦里-0388,锦里,成都,历史文化,jinli | 锦里,锦里,,,False,True,False,,,,False,True,False
成都-宽窄巷子-0389,宽窄巷子,成都,历史文化,kuanzhai alley | 宽窄巷子,宽窄巷子,,,False,True,False,,,,False,True,False
成都-成都大熊猫繁育研究基地-0390,成都大熊猫繁育研究基地,成都,自然风光,panda | chengdu research base | 熊猫,成都大熊猫繁育研究基地,,,False,True,False,Chengdu Research Base of Giant Panda Breeding Chengdu China,https://images.unsplash.com/photo-1504713721722-f73b4ccdfe6a?crop=entropy&cs=tinysrgb&fit=max&fm=jpg&ixid=M3w4NTgxMzd8MHwxfHNlYXJjaHwxMHx8Q2hlbmdkdSUyMFJlc2VhcmNoJTIwQmFzZSUyMG9mJTIwR2lhbnQlMjBQYW5kYSUyMEJyZWVkaW5nJTIwQ2hlbmdkdSUyMENoaW5hfGVufDF8MHx8fDE3NzM4NDY1NDZ8MA&ixlib=rb-4.1.0&q=80&w=1080,"A giant panda cub chilling in a tree at the Chengdu Research Base of Giant Panda Breeding. It was such a fun visit, with the cubs running around and playing with each other and the adults gluttonously eating loads of bamboo.",True,False,False
杭州-西湖-0391,西湖,杭州,自然风光,west lake | 西湖,西湖,,,False,True,False,,,,False,True,False
杭州-灵隐寺-0392,灵隐寺,杭州,历史文化,lingyin | lingyin temple | 灵隐寺,灵隐寺,,,False,True,False,,,,False,True,False
南京-夫子庙-0393,夫子庙,南京,历史文化,confucius temple | 夫子庙,夫子庙,,,False,True,False,,,,False,True,False
南京-中山陵-0394,中山陵,南京,历史文化,sun yat-sen mausoleum | 中山陵,中山陵,,,False,True,False,,,,False,True,False
苏州-拙政园-0395,拙政园,苏州,历史文化,humble administrator's garden | 拙政园,拙政园,,,False,True,False,,,,False,True,False
苏州-平江路-0396,平江路,苏州,历史文化,pingjiang road | 平江路,平江路,,,False,True,False,,,,False,True,False
武汉-黄鹤楼-0397,黄鹤楼,武汉,历史文化,yellow crane tower | 黄鹤楼,黄鹤楼,,,False,True,False,,,,False,True,False
武汉-东湖-0398,东湖,武汉,自然风光,east lake | donghu | 东湖,东湖,,,False,True,False,,,,False,True,False
西安-兵马俑-0399,兵马俑,西安,历史文化,terracotta | terracotta army | 兵马俑,兵马俑,,,False,True,False,Terracotta Army,https://images.unsplash.com/photo-1527922891260-918d42a4efc8?crop=entropy&cs=tinysrgb&fit=max&fm=jpg&ixid=M3w4NTgxMzd8MHwxfHNlYXJjaHwxfHxUZXJyYWNvdHRhJTIwQXJteXxlbnwxfDB8fHwxNzczODQ2NTQwfDA&ixlib=rb-4.1.0&q=80&w=1080,"In today’s world of easy access information and increasingly amazing imagery you can often be left underwhelmed when seeing something in reality, It was a plesant surprise to find the Terracotta Army did not just live up to the hype but thoroughly exceeded it, a truly awe inspiring site that they have only just scratched the surface of  

The scale of the site and in particular what is still under the ground is mind bending",True,False,False
西安-大雁塔-0400,大雁塔,西安,历史文化,giant wild goose pagoda | 大雁塔,大雁塔,,,False,True,False,,,,False,True,False
北京-故宫-0401,故宫,北京,历史文化,forbidden city | palace museum | 故宫 | 紫禁城,故宫,https://images.unsplash.com/photo-1636550230446-7632d97d1e77?crop=entropy&cs=tinysrgb&fit=max&fm=jpg&ixid=M3w4NTgxMzd8MHwxfHNlYXJjaHwxfHwlRTYlOTUlODUlRTUlQUUlQUJ8ZW58MXwwfHx8MTc3Mzg0NTAyM3ww&ixlib=rb-4.1.0&q=80&w=1080,故宫雪景,True,False,False,故宫 北京,https://images.unsplash.com/photo-1620826502427-9e8faa18d3f0?crop=entropy&cs=tinysrgb&fit=max&fm=jpg&ixid=M3w4NTgxMzd8MHwxfHNlYXJjaHwxMHx8JUU2JTk1JTg1JUU1JUFFJUFCJTIwJUU1JThDJTk3JUU0JUJBJUFDfGVufDF8MHx8fDE3NzM4NDUwMjd8MA&ixlib=rb-4.1.0&q=80&w=1080,北京故宫博物院,True,False,False
北京-天坛-0402,天坛,北京,历史文化,temple of heaven | 天坛,天坛,https://images.unsplash.com/photo-1584872589930-e99fe5bf4408?crop=entropy&cs=tinysrgb&fit=max&fm=jpg&ixid=M3w4NTgxMzd8MHwxfHNlYXJjaHwxfHwlRTUlQTQlQTklRTUlOUQlOUJ8ZW58MXwwfHx8MTc3Mzg0NTAzMHww&ixlib=rb-4.1.0&q=80&w=1080,"The Temple of Heaven, Beijing, China.",True,False,False,天坛 北京,https://images.unsplash.com/photo-1620033370499-c85e0122f1fc?crop=entropy&cs=tinysrgb&fit=max&fm=jpg&ixid=M3w4NTgxMzd8MHwxfHNlYXJjaHw3fHwlRTUlQTQlQTklRTUlOUQlOUIlMjAlRTUlOEMlOTclRTQlQkElQUN8ZW58MXwwfHx8MTc3Mzg0NTAzNHww&ixlib=rb-4.1.0&q=80&w=1080,北京天坛公园,True,False,False
北京-颐和园-0403,颐和园,北京,历史文化,summer palace | 颐和园,颐和园,https://images.unsplash.com/photo-1669382485231-ef86d9fa986f?crop=entropy&cs=tinysrgb&fit=max&fm=jpg&ixid=M3w4NTgxMzd8MHwxfHNlYXJjaHwxfHwlRTklQTIlOTAlRTUlOTIlOEMlRTUlOUIlQUR8ZW58MXwwfHx8MTc3Mzg4MzM5M3ww&ixlib=rb-4.1.0&q=80&w=1080,北京颐和园,True,False,False,颐和园 北京,https://images.unsplash.com/photo-1620822102340-47c32da50fef?crop=entropy&cs=tinysrgb&fit=max&fm=jpg&ixid=M3w4NTgxMzd8MHwxfHNlYXJjaHwyfHwlRTklQTIlOTAlRTUlOTIlOEMlRTUlOUIlQUQlMjAlRTUlOEMlOTclRTQlQkElQUN8ZW58MXwwfHx8MTc3Mzg4MzM5NHww&ixlib=rb-4.1.0&q=80&w=1080,北京颐和园,True,False,False
北京-八达岭长城-0404,八达岭长城,北京,历史文化,great wall | badaling | 长城,八达岭长城,,,False,True,False,Great Wall Beijing China,https://images.unsplash.com/photo-1724076202408-bfa5548a2b1d?crop=entropy&cs=tinysrgb&fit=max&fm=jpg&ixid=M3w4NTgxMzd8MHwxfHNlYXJjaHw2fHxHcmVhdCUyMFdhbGwlMjBCZWlqaW5nJTIwQ2hpbmF8ZW58MXwwfHx8MTc3Mzg4MzQwOHww&ixlib=rb-4.1.0&q=80&w=1080,"The Great Wall is a must for a China tour, while Badaling is a must for a Great Wall tour. Badaling Great Wall in Beijing is the best-preserved and most complete section among the various, hence the most popular, even among world leaders.",True,False,False
上海-外滩-0405,外滩,上海,城市风光,the bund | waitan | 外滩,外滩,https://images.unsplash.com/photo-1718427778421-ad719f965738?crop=entropy&cs=tinysrgb&fit=max&fm=jpg&ixid=M3w4NTgxMzd8MHwxfHNlYXJjaHwxfHwlRTUlQTQlOTYlRTYlQkIlQTl8ZW58MXwwfHx8MTc3Mzg0NTAzNnww&ixlib=rb-4.1.0&q=80&w=1080,a view of a large city with tall buildings,False,False,True,外滩 Shanghai,https://images.unsplash.com/photo-1592311800804-1b72948c1a99?crop=entropy&cs=tinysrgb&fit=max&fm=jpg&ixid=M3w4NTgxMzd8MHwxfHNlYXJjaHwyfHwlRTUlQTQlOTYlRTYlQkIlQTklMjBTaGFuZ2hhaXxlbnwxfDB8fHwxNzczODQ2NTM1fDA&ixlib=rb-4.1.0&q=80&w=1080,"The Bund
外滩",True,False,False
上海-东方明珠-0406,东方明珠,上海,城市风光,oriental pearl | 东方明珠,东方明珠,https://images.unsplash.com/photo-1508742066636-3b9fb738ee0e?crop=entropy&cs=tinysrgb&fit=max&fm=jpg&ixid=M3w4NTgxMzd8MHwxfHNlYXJjaHwxfHwlRTQlQjglOUMlRTYlOTYlQjklRTYlOTglOEUlRTclOEYlQTB8ZW58MXwwfHx8MTc3Mzg4MzQxOHww&ixlib=rb-4.1.0&q=80&w=1080,body of water beside city,False,False,True,东方明珠 Shanghai,https://images.unsplash.com/photo-1509189692239-6c2bb03eac8a?crop=entropy&cs=tinysrgb&fit=max&fm=jpg&ixid=M3w4NTgxMzd8MHwxfHNlYXJjaHwxMHx8JUU0JUI4JTlDJUU2JTk2JUI5JUU2JTk4JThFJUU3JThGJUEwJTIwU2hhbmdoYWl8ZW58MXwwfHx8MTc3Mzg4MzQyMXww&ixlib=rb-4.1.0&q=80&w=1080,上海东方明珠,True,False,False
上海-迪士尼乐园-0407,迪士尼乐园,上海,休闲,disney | disneyland | 迪士尼,迪士尼乐园,,,False,True,False,迪士尼乐园 Shanghai China,https://images.unsplash.com/photo-1506660889812-c5ba0c735d91?crop=entropy&cs=tinysrgb&fit=max&fm=jpg&ixid=M3w4NTgxMzd8MHwxfHNlYXJjaHw5fHwlRTglQkYlQUElRTUlQTMlQUIlRTUlQjAlQkMlRTQlQjklOTAlRTUlOUIlQUQlMjBTaGFuZ2hhaSUyMENoaW5hfGVufDF8MHx8fDE3NzM4ODM0Mjh8MA&ixlib=rb-4.1.0&q=80&w=1080,"2017 is Shanghai Big World 100 years
2017是上海大世界建成100周年",False,False,True
广州-广州塔-0408,广州塔,广州,城市风光,canton tower | guangzhou tower | 广州塔,广州塔,https://images.unsplash.com/photo-1530021382214-1fc6e31513d5?crop=entropy&cs=tinysrgb&fit=max&fm=jpg&ixid=M3w4NTgxMzd8MHwxfHNlYXJjaHwxfHwlRTUlQjklQkYlRTUlQjclOUUlRTUlQTElOTR8ZW58MXwwfHx8MTc3Mzg4MzQzMXww&ixlib=rb-4.1.0&q=80&w=1080,Guangzhou Tower,True,False,False,pagoda,https://images.unsplash.com/photo-1528164344705-47542687000d?crop=entropy&cs=tinysrgb&fit=max&fm=jpg&ixid=M3w4NTgxMzd8MHwxfHNlYXJjaHwyfHxwYWdvZGF8ZW58MXwwfHx8MTc3Mzg4MzQzN3ww&ixlib=rb-4.1.0&q=80&w=1080,Chureito Pagoda,False,False,True
广州-陈家祠-0409,陈家祠,广州,历史文化,chen clan | chen clan academy | 陈家祠,陈家祠,,,False,True,False,陈家祠 Guangzhou,https://images.unsplash.com/photo-1730053344240-d18b816a764d?crop=entropy&cs=tinysrgb&fit=max&fm=jpg&ixid=M3w4NTgxMzd8MHwxfHNlYXJjaHw0fHwlRTklOTklODglRTUlQUUlQjYlRTclQTUlQTAlMjBHdWFuZ3pob3V8ZW58MXwwfHx8MTc3Mzg4MzQ0M3ww&ixlib=rb-4.1.0&q=80&w=1080,a hidden gem in Guangzhou 🍃,False,False,True
广州-珠江夜游-0410,珠江夜游,广州,城市风光,pearl river | 珠江,珠江夜游,https://images.unsplash.com/photo-1560951803-8d0d8c876bff?crop=entropy&cs=tinysrgb&fit=max&fm=jpg&ixid=M3w4NTgxMzd8MHwxfHNlYXJjaHwxfHwlRTclOEYlQTAlRTYlQjElOUYlRTUlQTQlOUMlRTYlQjglQjh8ZW58MXwwfHx8MTc3Mzg4MzQ0N3ww&ixlib=rb-4.1.0&q=80&w=1080,body of water near buildings,False,False,True,珠江夜游 Guangzhou,https://images.unsplash.com/photo-1535391879778-3bae11d29a24?crop=entropy&cs=tinysrgb&fit=max&fm=jpg&ixid=M3w4NTgxMzd8MHwxfHNlYXJjaHwyfHwlRTclOEYlQTAlRTYlQjElOUYlRTUlQTQlOUMlRTYlQjglQjglMjBHdWFuZ3pob3V8ZW58MXwwfHx8MTc3Mzg4MzQ1MHww&ixlib=rb-4.1.0&q=80&w=1080,night mood in guangzhou,False,False,True
深圳-世界之窗-0411,世界之窗,深圳,休闲,window of the world | 世界之窗,世界之窗,https://images.unsplash.com/photo-1707813130463-31d492f072ea?crop=entropy&cs=tinysrgb&fit=max&fm=jpg&ixid=M3w4NTgxMzd8MHwxfHNlYXJjaHwxfHwlRTQlQjglOTYlRTclOTUlOEMlRTQlQjklOEIlRTclQUElOTd8ZW58MXwwfHx8MTc3Mzg4MzQ1M3ww&ixlib=rb-4.1.0&q=80&w=1080,a very large and colorful object with many lights,False,False,True,世界之窗 Shenzhen China landmark,https://images.unsplash.com/photo-1684745339800-c4dcd382da98?crop=entropy&cs=tinysrgb&fit=max&fm=jpg&ixid=M3w4NTgxMzd8MHwxfHNlYXJjaHw3fHwlRTQlQjglOTYlRTclOTUlOEMlRTQlQjklOEIlRTclQUElOTclMjBTaGVuemhlbiUyMENoaW5hJTIwbGFuZG1hcmt8ZW58MXwwfHx8MTc3Mzg4MzQ1OXww&ixlib=rb-4.1.0&q=80&w=1080,"Greener Cities. Li Xiang Park is located in the heart of Nanshan District, Shenzhen, facing Shennan Avenue in the north, Nanshan District Committee Building in the south, Kirin Road in the east, and Sunshine Lijing Building Group in the west, with a total area of 220,000 square meters.",False,False,True
深圳-深圳湾公园-0412,深圳湾公园,深圳,自然风光,shenzhen bay | 深圳湾,深圳湾公园,https://images.unsplash.com/photo-1651932509246-3a1296cae2f0?crop=entropy&cs=tinysrgb&fit=max&fm=jpg&ixid=M3w4NTgxMzd8MHwxfHNlYXJjaHwxfHwlRTYlQjclQjElRTUlOUMlQjMlRTYlQjklQkUlRTUlODUlQUMlRTUlOUIlQUR8ZW58MXwwfHx8MTc3Mzg4MzQ2MHww&ixlib=rb-4.1.0&q=80&w=1080,Birds  in 深圳湾公园,True,False,False,,,,False,True,False
成都-锦里-0413,锦里,成都,历史文化,jinli | 锦里,锦里,,,False,True,False,,,,False,True,False
成都-宽窄巷子-0414,宽窄巷子,成都,历史文化,kuanzhai alley | 宽窄巷子,宽窄巷子,,,False,True,False,,,,False,True,False
成都-成都大熊猫繁育研究基地-0415,成都大熊猫繁育研究基地,成都,自然风光,panda | chengdu research base | 熊猫,成都大熊猫繁育研究基地,,,False,True,False,Chengdu Research Base of Giant Panda Breeding Chengdu China,https://images.unsplash.com/photo-1504713721722-f73b4ccdfe6a?crop=entropy&cs=tinysrgb&fit=max&fm=jpg&ixid=M3w4NTgxMzd8MHwxfHNlYXJjaHwxMHx8Q2hlbmdkdSUyMFJlc2VhcmNoJTIwQmFzZSUyMG9mJTIwR2lhbnQlMjBQYW5kYSUyMEJyZWVkaW5nJTIwQ2hlbmdkdSUyMENoaW5hfGVufDF8MHx8fDE3NzM4NDY1NDZ8MA&ixlib=rb-4.1.0&q=80&w=1080,"A giant panda cub chilling in a tree at the Chengdu Research Base of Giant Panda Breeding. It was such a fun visit, with the cubs running around and playing with each other and the adults gluttonously eating loads of bamboo.",True,False,False
杭州-西湖-0416,西湖,杭州,自然风光,west lake | 西湖,西湖,,,False,True,False,,,,False,True,False
杭州-灵隐寺-0417,灵隐寺,杭州,历史文化,lingyin | lingyin temple | 灵隐寺,灵隐寺,,,False,True,False,,,,False,True,False
南京-夫子庙-0418,夫子庙,南京,历史文化,confucius temple | 夫子庙,夫子庙,,,False,True,False,,,,False,True,False
南京-中山陵-0419,中山陵,南京,历史文化,sun yat-sen mausoleum | 中山陵,中山陵,,,False,True,False,,,,False,True,False
苏州-拙政园-0420,拙政园,苏州,历史文化,humble administrator's garden | 拙政园,拙政园,,,False,True,False,,,,False,True,False
苏州-平江路-0421,平江路,苏州,历史文化,pingjiang road | 平江路,平江路,,,False,True,False,,,,False,True,False
武汉-黄鹤楼-0422,黄鹤楼,武汉,历史文化,yellow crane tower | 黄鹤楼,黄鹤楼,,,False,True,False,,,,False,True,False
武汉-东湖-0423,东湖,武汉,自然风光,east lake | donghu | 东湖,东湖,,,False,True,False,,,,False,True,False
西安-兵马俑-0424,兵马俑,西安,历史文化,terracotta | terracotta army | 兵马俑,兵马俑,,,False,True,False,Terracotta Army,https://images.unsplash.com/photo-1527922891260-918d42a4efc8?crop=entropy&cs=tinysrgb&fit=max&fm=jpg&ixid=M3w4NTgxMzd8MHwxfHNlYXJjaHwxfHxUZXJyYWNvdHRhJTIwQXJteXxlbnwxfDB8fHwxNzczODQ2NTQwfDA&ixlib=rb-4.1.0&q=80&w=1080,"In today’s world of easy access information and increasingly amazing imagery you can often be left underwhelmed when seeing something in reality, It was a plesant surprise to find the Terracotta Army did not just live up to the hype but thoroughly exceeded it, a truly awe inspiring site that they have only just scratched the surface of  

The scale of the site and in particular what is still under the ground is mind bending",True,False,False
西安-大雁塔-0425,大雁塔,西安,历史文化,giant wild goose pagoda | 大雁塔,大雁塔,,,False,True,False,,,,False,True,False
北京-故宫-0426,故宫,北京,历史文化,forbidden city | palace museum | 故宫 | 紫禁城,故宫,https://images.unsplash.com/photo-1636550230446-7632d97d1e77?crop=entropy&cs=tinysrgb&fit=max&fm=jpg&ixid=M3w4NTgxMzd8MHwxfHNlYXJjaHwxfHwlRTYlOTUlODUlRTUlQUUlQUJ8ZW58MXwwfHx8MTc3Mzg0NTAyM3ww&ixlib=rb-4.1.0&q=80&w=1080,故宫雪景,True,False,False,故宫 北京,https://images.unsplash.com/photo-1620826502427-9e8faa18d3f0?crop=entropy&cs=tinysrgb&fit=max&fm=jpg&ixid=M3w4NTgxMzd8MHwxfHNlYXJjaHwxMHx8JUU2JTk1JTg1JUU1JUFFJUFCJTIwJUU1JThDJTk3JUU0JUJBJUFDfGVufDF8MHx8fDE3NzM4NDUwMjd8MA&ixlib=rb-4.1.0&q=80&w=1080,北京故宫博物院,True,False,False
北京-天坛-0427,天坛,北京,历史文化,temple of heaven | 天坛,天坛,https://images.unsplash.com/photo-1584872589930-e99fe5bf4408?crop=entropy&cs=tinysrgb&fit=max&fm=jpg&ixid=M3w4NTgxMzd8MHwxfHNlYXJjaHwxfHwlRTUlQTQlQTklRTUlOUQlOUJ8ZW58MXwwfHx8MTc3Mzg0NTAzMHww&ixlib=rb-4.1.0&q=80&w=1080,"The Temple of Heaven, Beijing, China.",True,False,False,天坛 北京,https://images.unsplash.com/photo-1620033370499-c85e0122f1fc?crop=entropy&cs=tinysrgb&fit=max&fm=jpg&ixid=M3w4NTgxMzd8MHwxfHNlYXJjaHw3fHwlRTUlQTQlQTklRTUlOUQlOUIlMjAlRTUlOEMlOTclRTQlQkElQUN8ZW58MXwwfHx8MTc3Mzg0NTAzNHww&ixlib=rb-4.1.0&q=80&w=1080,北京天坛公园,True,False,False
北京-颐和园-0428,颐和园,北京,历史文化,summer palace | 颐和园,颐和园,https://images.unsplash.com/photo-1669382485231-ef86d9fa986f?crop=entropy&cs=tinysrgb&fit=max&fm=jpg&ixid=M3w4NTgxMzd8MHwxfHNlYXJjaHwxfHwlRTklQTIlOTAlRTUlOTIlOEMlRTUlOUIlQUR8ZW58MXwwfHx8MTc3Mzg4MzM5M3ww&ixlib=rb-4.1.0&q=80&w=1080,北京颐和园,True,False,False,颐和园 北京,https://images.unsplash.com/photo-1620822102340-47c32da50fef?crop=entropy&cs=tinysrgb&fit=max&fm=jpg&ixid=M3w4NTgxMzd8MHwxfHNlYXJjaHwyfHwlRTklQTIlOTAlRTUlOTIlOEMlRTUlOUIlQUQlMjAlRTUlOEMlOTclRTQlQkElQUN8ZW58MXwwfHx8MTc3Mzg4MzM5NHww&ixlib=rb-4.1.0&q=80&w=1080,北京颐和园,True,False,False
北京-八达岭长城-0429,八达岭长城,北京,历史文化,great wall | badaling | 长城,八达岭长城,,,False,True,False,Great Wall Beijing China,https://images.unsplash.com/photo-1724076202408-bfa5548a2b1d?crop=entropy&cs=tinysrgb&fit=max&fm=jpg&ixid=M3w4NTgxMzd8MHwxfHNlYXJjaHw2fHxHcmVhdCUyMFdhbGwlMjBCZWlqaW5nJTIwQ2hpbmF8ZW58MXwwfHx8MTc3Mzg4MzQwOHww&ixlib=rb-4.1.0&q=80&w=1080,"The Great Wall is a must for a China tour, while Badaling is a must for a Great Wall tour. Badaling Great Wall in Beijing is the best-preserved and most complete section among the various, hence the most popular, even among world leaders.",True,False,False
上海-外滩-0430,外滩,上海,城市风光,the bund | waitan | 外滩,外滩,https://images.unsplash.com/photo-1718427778421-ad719f965738?crop=entropy&cs=tinysrgb&fit=max&fm=jpg&ixid=M3w4NTgxMzd8MHwxfHNlYXJjaHwxfHwlRTUlQTQlOTYlRTYlQkIlQTl8ZW58MXwwfHx8MTc3Mzg0NTAzNnww&ixlib=rb-4.1.0&q=80&w=1080,a view of a large city with tall buildings,False,False,True,外滩 Shanghai,https://images.unsplash.com/photo-1592311800804-1b72948c1a99?crop=entropy&cs=tinysrgb&fit=max&fm=jpg&ixid=M3w4NTgxMzd8MHwxfHNlYXJjaHwyfHwlRTUlQTQlOTYlRTYlQkIlQTklMjBTaGFuZ2hhaXxlbnwxfDB8fHwxNzczODQ2NTM1fDA&ixlib=rb-4.1.0&q=80&w=1080,"The Bund
外滩",True,False,False
上海-东方明珠-0431,东方明珠,上海,城市风光,oriental pearl | 东方明珠,东方明珠,https://images.unsplash.com/photo-1508742066636-3b9fb738ee0e?crop=entropy&cs=tinysrgb&fit=max&fm=jpg&ixid=M3w4NTgxMzd8MHwxfHNlYXJjaHwxfHwlRTQlQjglOUMlRTYlOTYlQjklRTYlOTglOEUlRTclOEYlQTB8ZW58MXwwfHx8MTc3Mzg4MzQxOHww&ixlib=rb-4.1.0&q=80&w=1080,body of water beside city,False,False,True,东方明珠 Shanghai,https://images.unsplash.com/photo-1509189692239-6c2bb03eac8a?crop=entropy&cs=tinysrgb&fit=max&fm=jpg&ixid=M3w4NTgxMzd8MHwxfHNlYXJjaHwxMHx8JUU0JUI4JTlDJUU2JTk2JUI5JUU2JTk4JThFJUU3JThGJUEwJTIwU2hhbmdoYWl8ZW58MXwwfHx8MTc3Mzg4MzQyMXww&ixlib=rb-4.1.0&q=80&w=1080,上海东方明珠,True,False,False
上海-迪士尼乐园-0432,迪士尼乐园,上海,休闲,disney | disneyland | 迪士尼,迪士尼乐园,,,False,True,False,迪士尼乐园 Shanghai China,https://images.unsplash.com/photo-1506660889812-c5ba0c735d91?crop=entropy&cs=tinysrgb&fit=max&fm=jpg&ixid=M3w4NTgxMzd8MHwxfHNlYXJjaHw5fHwlRTglQkYlQUElRTUlQTMlQUIlRTUlQjAlQkMlRTQlQjklOTAlRTUlOUIlQUQlMjBTaGFuZ2hhaSUyMENoaW5hfGVufDF8MHx8fDE3NzM4ODM0Mjh8MA&ixlib=rb-4.1.0&q=80&w=1080,"2017 is Shanghai Big World 100 years
2017是上海大世界建成100周年",False,False,True
广州-广州塔-0433,广州塔,广州,城市风光,canton tower | guangzhou tower | 广州塔,广州塔,https://images.unsplash.com/photo-1530021382214-1fc6e31513d5?crop=entropy&cs=tinysrgb&fit=max&fm=jpg&ixid=M3w4NTgxMzd8MHwxfHNlYXJjaHwxfHwlRTUlQjklQkYlRTUlQjclOUUlRTUlQTElOTR8ZW58MXwwfHx8MTc3Mzg4MzQzMXww&ixlib=rb-4.1.0&q=80&w=1080,Guangzhou Tower,True,False,False,pagoda,https://images.unsplash.com/photo-1528164344705-47542687000d?crop=entropy&cs=tinysrgb&fit=max&fm=jpg&ixid=M3w4NTgxMzd8MHwxfHNlYXJjaHwyfHxwYWdvZGF8ZW58MXwwfHx8MTc3Mzg4MzQzN3ww&ixlib=rb-4.1.0&q=80&w=1080,Chureito Pagoda,False,False,True
广州-陈家祠-0434,陈家祠,广州,历史文化,chen clan | chen clan academy | 陈家祠,陈家祠,,,False,True,False,陈家祠 Guangzhou,https://images.unsplash.com/photo-1730053344240-d18b816a764d?crop=entropy&cs=tinysrgb&fit=max&fm=jpg&ixid=M3w4NTgxMzd8MHwxfHNlYXJjaHw0fHwlRTklOTklODglRTUlQUUlQjYlRTclQTUlQTAlMjBHdWFuZ3pob3V8ZW58MXwwfHx8MTc3Mzg4MzQ0M3ww&ixlib=rb-4.1.0&q=80&w=1080,a hidden gem in Guangzhou 🍃,False,False,True
广州-珠江夜游-0435,珠江夜游,广州,城市风光,pearl river | 珠江,珠江夜游,https://images.unsplash.com/photo-1560951803-8d0d8c876bff?crop=entropy&cs=tinysrgb&fit=max&fm=jpg&ixid=M3w4NTgxMzd8MHwxfHNlYXJjaHwxfHwlRTclOEYlQTAlRTYlQjElOUYlRTUlQTQlOUMlRTYlQjglQjh8ZW58MXwwfHx8MTc3Mzg4MzQ0N3ww&ixlib=rb-4.1.0&q=80&w=1080,body of water near buildings,False,False,True,珠江夜游 Guangzhou,https://images.unsplash.com/photo-1535391879778-3bae11d29a24?crop=entropy&cs=tinysrgb&fit=max&fm=jpg&ixid=M3w4NTgxMzd8MHwxfHNlYXJjaHwyfHwlRTclOEYlQTAlRTYlQjElOUYlRTUlQTQlOUMlRTYlQjglQjglMjBHdWFuZ3pob3V8ZW58MXwwfHx8MTc3Mzg4MzQ1MHww&ixlib=rb-4.1.0&q=80&w=1080,night mood in guangzhou,False,False,True
深圳-世界之窗-0436,世界之窗,深圳,休闲,window of the world | 世界之窗,世界之窗,https://images.unsplash.com/photo-1707813130463-31d492f072ea?crop=entropy&cs=tinysrgb&fit=max&fm=jpg&ixid=M3w4NTgxMzd8MHwxfHNlYXJjaHwxfHwlRTQlQjglOTYlRTclOTUlOEMlRTQlQjklOEIlRTclQUElOTd8ZW58MXwwfHx8MTc3Mzg4MzQ1M3ww&ixlib=rb-4.1.0&q=80&w=1080,a very large and colorful object with many lights,False,False,True,世界之窗 Shenzhen China landmark,https://images.unsplash.com/photo-1684745339800-c4dcd382da98?crop=entropy&cs=tinysrgb&fit=max&fm=jpg&ixid=M3w4NTgxMzd8MHwxfHNlYXJjaHw3fHwlRTQlQjglOTYlRTclOTUlOEMlRTQlQjklOEIlRTclQUElOTclMjBTaGVuemhlbiUyMENoaW5hJTIwbGFuZG1hcmt8ZW58MXwwfHx8MTc3Mzg4MzQ1OXww&ixlib=rb-4.1.0&q=80&w=1080,"Greener Cities. Li Xiang Park is located in the heart of Nanshan District, Shenzhen, facing Shennan Avenue in the north, Nanshan District Committee Building in the south, Kirin Road in the east, and Sunshine Lijing Building Group in the west, with a total area of 220,000 square meters.",False,False,True
深圳-深圳湾公园-0437,深圳湾公园,深圳,自然风光,shenzhen bay | 深圳湾,深圳湾公园,https://images.unsplash.com/photo-1651932509246-3a1296cae2f0?crop=entropy&cs=tinysrgb&fit=max&fm=jpg&ixid=M3w4NTgxMzd8MHwxfHNlYXJjaHwxfHwlRTYlQjclQjElRTUlOUMlQjMlRTYlQjklQkUlRTUlODUlQUMlRTUlOUIlQUR8ZW58MXwwfHx8MTc3Mzg4MzQ2MHww&ixlib=rb-4.1.0&q=80&w=1080,Birds  in 深圳湾公园,True,False,False,,,,False,True,False
成都-锦里-0438,锦里,成都,历史文化,jinli | 锦里,锦里,,,False,True,False,,,,False,True,False
成都-宽窄巷子-0439,宽窄巷子,成都,历史文化,kuanzhai alley | 宽窄巷子,宽窄巷子,,,False,True,False,,,,False,True,False
成都-成都大熊猫繁育研究基地-0440,成都大熊猫繁育研究基地,成都,自然风光,panda | chengdu research base | 熊猫,成都大熊猫繁育研究基地,,,False,True,False,Chengdu Research Base of Giant Panda Breeding Chengdu China,https://images.unsplash.com/photo-1504713721722-f73b4ccdfe6a?crop=entropy&cs=tinysrgb&fit=max&fm=jpg&ixid=M3w4NTgxMzd8MHwxfHNlYXJjaHwxMHx8Q2hlbmdkdSUyMFJlc2VhcmNoJTIwQmFzZSUyMG9mJTIwR2lhbnQlMjBQYW5kYSUyMEJyZWVkaW5nJTIwQ2hlbmdkdSUyMENoaW5hfGVufDF8MHx8fDE3NzM4NDY1NDZ8MA&ixlib=rb-4.1.0&q=80&w=1080,"A giant panda cub chilling in a tree at the Chengdu Research Base of Giant Panda Breeding. It was such a fun visit, with the cubs running around and playing with each other and the adults gluttonously eating loads of bamboo.",True,False,False
杭州-西湖-0441,西湖,杭州,自然风光,west lake | 西湖,西湖,,,False,True,False,,,,False,True,False
杭州-灵隐寺-0442,灵隐寺,杭州,历史文化,lingyin | lingyin temple | 灵隐寺,灵隐寺,,,False,True,False,,,,False,True,False
南京-夫子庙-0443,夫子庙,南京,历史文化,confucius temple | 夫子庙,夫子庙,,,False,True,False,,,,False,True,False
南京-中山陵-0444,中山陵,南京,历史文化,sun yat-sen mausoleum | 中山陵,中山陵,,,False,True,False,,,,False,True,False
苏州-拙政园-0445,拙政园,苏州,历史文化,humble administrator's garden | 拙政园,拙政园,,,False,True,False,,,,False,True,False
苏州-平江路-0446,平江路,苏州,历史文化,pingjiang road | 平江路,平江路,,,False,True,False,,,,False,True,False
武汉-黄鹤楼-0447,黄鹤楼,武汉,历史文化,yellow crane tower | 黄鹤楼,黄鹤楼,,,False,True,False,,,,False,True,False
武汉-东湖-0448,东湖,武汉,自然风光,east lake | donghu | 东湖,东湖,,,False,True,False,,,,False,True,False
西安-兵马俑-0449,兵马俑,西安,历史文化,terracotta | terracotta army | 兵马俑,兵马俑,,,False,True,False,Terracotta Army,https://images.unsplash.com/photo-1527922891260-918d42a4efc8?crop=entropy&cs=tinysrgb&fit=max&fm=jpg&ixid=M3w4NTgxMzd8MHwxfHNlYXJjaHwxfHxUZXJyYWNvdHRhJTIwQXJteXxlbnwxfDB8fHwxNzczODQ2NTQwfDA&ixlib=rb-4.1.0&q=80&w=1080,"In today’s world of easy access information and increasingly amazing imagery you can often be left underwhelmed when seeing something in reality, It was a plesant surprise to find the Terracotta Army did not just live up to the hype but thoroughly exceeded it, a truly awe inspiring site that they have only just scratched the surface of  

The scale of the site and in particular what is still under the ground is mind bending",True,False,False
西安-大雁塔-0450,大雁塔,西安,历史文化,giant wild goose pagoda | 大雁塔,大雁塔,,,False,True,False,,,,False,True,False
北京-故宫-0451,故宫,北京,历史文化,forbidden city | palace museum | 故宫 | 紫禁城,故宫,https://images.unsplash.com/photo-1636550230446-7632d97d1e77?crop=entropy&cs=tinysrgb&fit=max&fm=jpg&ixid=M3w4NTgxMzd8MHwxfHNlYXJjaHwxfHwlRTYlOTUlODUlRTUlQUUlQUJ8ZW58MXwwfHx8MTc3Mzg0NTAyM3ww&ixlib=rb-4.1.0&q=80&w=1080,故宫雪景,True,False,False,故宫 北京,https://images.unsplash.com/photo-1620826502427-9e8faa18d3f0?crop=entropy&cs=tinysrgb&fit=max&fm=jpg&ixid=M3w4NTgxMzd8MHwxfHNlYXJjaHwxMHx8JUU2JTk1JTg1JUU1JUFFJUFCJTIwJUU1JThDJTk3JUU0JUJBJUFDfGVufDF8MHx8fDE3NzM4NDUwMjd8MA&ixlib=rb-4.1.0&q=80&w=1080,北京故宫博物院,True,False,False
北京-天坛-0452,天坛,北京,历史文化,temple of heaven | 天坛,天坛,https://images.unsplash.com/photo-1584872589930-e99fe5bf4408?crop=entropy&cs=tinysrgb&fit=max&fm=jpg&ixid=M3w4NTgxMzd8MHwxfHNlYXJjaHwxfHwlRTUlQTQlQTklRTUlOUQlOUJ8ZW58MXwwfHx8MTc3Mzg0NTAzMHww&ixlib=rb-4.1.0&q=80&w=1080,"The Temple of Heaven, Beijing, China.",True,False,False,天坛 北京,https://images.unsplash.com/photo-1620033370499-c85e0122f1fc?crop=entropy&cs=tinysrgb&fit=max&fm=jpg&ixid=M3w4NTgxMzd8MHwxfHNlYXJjaHw3fHwlRTUlQTQlQTklRTUlOUQlOUIlMjAlRTUlOEMlOTclRTQlQkElQUN8ZW58MXwwfHx8MTc3Mzg0NTAzNHww&ixlib=rb-4.1.0&q=80&w=1080,北京天坛公园,True,False,False
北京-颐和园-0453,颐和园,北京,历史文化,summer palace | 颐和园,颐和园,https://images.unsplash.com/photo-1669382485231-ef86d9fa986f?crop=entropy&cs=tinysrgb&fit=max&fm=jpg&ixid=M3w4NTgxMzd8MHwxfHNlYXJjaHwxfHwlRTklQTIlOTAlRTUlOTIlOEMlRTUlOUIlQUR8ZW58MXwwfHx8MTc3Mzg4MzM5M3ww&ixlib=rb-4.1.0&q=80&w=1080,北京颐和园,True,False,False,颐和园 北京,https://images.unsplash.com/photo-1620822102340-47c32da50fef?crop=entropy&cs=tinysrgb&fit=max&fm=jpg&ixid=M3w4NTgxMzd8MHwxfHNlYXJjaHwyfHwlRTklQTIlOTAlRTUlOTIlOEMlRTUlOUIlQUQlMjAlRTUlOEMlOTclRTQlQkElQUN8ZW58MXwwfHx8MTc3Mzg4MzM5NHww&ixlib=rb-4.1.0&q=80&w=1080,北京颐和园,True,False,False
北京-八达岭长城-0454,八达岭长城,北京,历史文化,great wall | badaling | 长城,八达岭长城,,,False,True,False,Great Wall Beijing China,https://images.unsplash.com/photo-1724076202408-bfa5548a2b1d?crop=entropy&cs=tinysrgb&fit=max&fm=jpg&ixid=M3w4NTgxMzd8MHwxfHNlYXJjaHw2fHxHcmVhdCUyMFdhbGwlMjBCZWlqaW5nJTIwQ2hpbmF8ZW58MXwwfHx8MTc3Mzg4MzQwOHww&ixlib=rb-4.1.0&q=80&w=1080,"The Great Wall is a must for a China tour, while Badaling is a must for a Great Wall tour. Badaling Great Wall in Beijing is the best-preserved and most complete section among the various, hence the most popular, even among world leaders.",True,False,False
上海-外滩-0455,外滩,上海,城市风光,the bund | waitan | 外滩,外滩,https://images.unsplash.com/photo-1718427778421-ad719f965738?crop=entropy&cs=tinysrgb&fit=max&fm=jpg&ixid=M3w4NTgxMzd8MHwxfHNlYXJjaHwxfHwlRTUlQTQlOTYlRTYlQkIlQTl8ZW58MXwwfHx8MTc3Mzg0NTAzNnww&ixlib=rb-4.1.0&q=80&w=1080,a view of a large city with tall buildings,False,False,True,外滩 Shanghai,https://images.unsplash.com/photo-1592311800804-1b72948c1a99?crop=entropy&cs=tinysrgb&fit=max&fm=jpg&ixid=M3w4NTgxMzd8MHwxfHNlYXJjaHwyfHwlRTUlQTQlOTYlRTYlQkIlQTklMjBTaGFuZ2hhaXxlbnwxfDB8fHwxNzczODQ2NTM1fDA&ixlib=rb-4.1.0&q=80&w=1080,"The Bund
外滩",True,False,False
上海-东方明珠-0456,东方明珠,上海,城市风光,oriental pearl | 东方明珠,东方明珠,https://images.unsplash.com/photo-1508742066636-3b9fb738ee0e?crop=entropy&cs=tinysrgb&fit=max&fm=jpg&ixid=M3w4NTgxMzd8MHwxfHNlYXJjaHwxfHwlRTQlQjglOUMlRTYlOTYlQjklRTYlOTglOEUlRTclOEYlQTB8ZW58MXwwfHx8MTc3Mzg4MzQxOHww&ixlib=rb-4.1.0&q=80&w=1080,body of water beside city,False,False,True,东方明珠 Shanghai,https://images.unsplash.com/photo-1509189692239-6c2bb03eac8a?crop=entropy&cs=tinysrgb&fit=max&fm=jpg&ixid=M3w4NTgxMzd8MHwxfHNlYXJjaHwxMHx8JUU0JUI4JTlDJUU2JTk2JUI5JUU2JTk4JThFJUU3JThGJUEwJTIwU2hhbmdoYWl8ZW58MXwwfHx8MTc3Mzg4MzQyMXww&ixlib=rb-4.1.0&q=80&w=1080,上海东方明珠,True,False,False
上海-迪士尼乐园-0457,迪士尼乐园,上海,休闲,disney | disneyland | 迪士尼,迪士尼乐园,,,False,True,False,迪士尼乐园 Shanghai China,https://images.unsplash.com/photo-1506660889812-c5ba0c735d91?crop=entropy&cs=tinysrgb&fit=max&fm=jpg&ixid=M3w4NTgxMzd8MHwxfHNlYXJjaHw5fHwlRTglQkYlQUElRTUlQTMlQUIlRTUlQjAlQkMlRTQlQjklOTAlRTUlOUIlQUQlMjBTaGFuZ2hhaSUyMENoaW5hfGVufDF8MHx8fDE3NzM4ODM0Mjh8MA&ixlib=rb-4.1.0&q=80&w=1080,"2017 is Shanghai Big World 100 years
2017是上海大世界建成100周年",False,False,True
广州-广州塔-0458,广州塔,广州,城市风光,canton tower | guangzhou tower | 广州塔,广州塔,https://images.unsplash.com/photo-1530021382214-1fc6e31513d5?crop=entropy&cs=tinysrgb&fit=max&fm=jpg&ixid=M3w4NTgxMzd8MHwxfHNlYXJjaHwxfHwlRTUlQjklQkYlRTUlQjclOUUlRTUlQTElOTR8ZW58MXwwfHx8MTc3Mzg4MzQzMXww&ixlib=rb-4.1.0&q=80&w=1080,Guangzhou Tower,True,False,False,pagoda,https://images.unsplash.com/photo-1528164344705-47542687000d?crop=entropy&cs=tinysrgb&fit=max&fm=jpg&ixid=M3w4NTgxMzd8MHwxfHNlYXJjaHwyfHxwYWdvZGF8ZW58MXwwfHx8MTc3Mzg4MzQzN3ww&ixlib=rb-4.1.0&q=80&w=1080,Chureito Pagoda,False,False,True
广州-陈家祠-0459,陈家祠,广州,历史文化,chen clan | chen clan academy | 陈家祠,陈家祠,,,False,True,False,陈家祠 Guangzhou,https://images.unsplash.com/photo-1730053344240-d18b816a764d?crop=entropy&cs=tinysrgb&fit=max&fm=jpg&ixid=M3w4NTgxMzd8MHwxfHNlYXJjaHw0fHwlRTklOTklODglRTUlQUUlQjYlRTclQTUlQTAlMjBHdWFuZ3pob3V8ZW58MXwwfHx8MTc3Mzg4MzQ0M3ww&ixlib=rb-4.1.0&q=80&w=1080,a hidden gem in Guangzhou 🍃,False,False,True
广州-珠江夜游-0460,珠江夜游,广州,城市风光,pearl river | 珠江,珠江夜游,https://images.unsplash.com/photo-1560951803-8d0d8c876bff?crop=entropy&cs=tinysrgb&fit=max&fm=jpg&ixid=M3w4NTgxMzd8MHwxfHNlYXJjaHwxfHwlRTclOEYlQTAlRTYlQjElOUYlRTUlQTQlOUMlRTYlQjglQjh8ZW58MXwwfHx8MTc3Mzg4MzQ0N3ww&ixlib=rb-4.1.0&q=80&w=1080,body of water near buildings,False,False,True,珠江夜游 Guangzhou,https://images.unsplash.com/photo-1535391879778-3bae11d29a24?crop=entropy&cs=tinysrgb&fit=max&fm=jpg&ixid=M3w4NTgxMzd8MHwxfHNlYXJjaHwyfHwlRTclOEYlQTAlRTYlQjElOUYlRTUlQTQlOUMlRTYlQjglQjglMjBHdWFuZ3pob3V8ZW58MXwwfHx8MTc3Mzg4MzQ1MHww&ixlib=rb-4.1.0&q=80&w=1080,night mood in guangzhou,False,False,True
深圳-世界之窗-0461,世界之窗,深圳,休闲,window of the world | 世界之窗,世界之窗,https://images.unsplash.com/photo-1707813130463-31d492f072ea?crop=entropy&cs=tinysrgb&fit=max&fm=jpg&ixid=M3w4NTgxMzd8MHwxfHNlYXJjaHwxfHwlRTQlQjglOTYlRTclOTUlOEMlRTQlQjklOEIlRTclQUElOTd8ZW58MXwwfHx8MTc3Mzg4MzQ1M3ww&ixlib=rb-4.1.0&q=80&w=1080,a very large and colorful object with many lights,False,False,True,世界之窗 Shenzhen China landmark,https://images.unsplash.com/photo-1684745339800-c4dcd382da98?crop=entropy&cs=tinysrgb&fit=max&fm=jpg&ixid=M3w4NTgxMzd8MHwxfHNlYXJjaHw3fHwlRTQlQjglOTYlRTclOTUlOEMlRTQlQjklOEIlRTclQUElOTclMjBTaGVuemhlbiUyMENoaW5hJTIwbGFuZG1hcmt8ZW58MXwwfHx8MTc3Mzg4MzQ1OXww&ixlib=rb-4.1.0&q=80&w=1080,"Greener Cities. Li Xiang Park is located in the heart of Nanshan District, Shenzhen, facing Shennan Avenue in the north, Nanshan District Committee Building in the south, Kirin Road in the east, and Sunshine Lijing Building Group in the west, with a total area of 220,000 square meters.",False,False,True
深圳-深圳湾公园-0462,深圳湾公园,深圳,自然风光,shenzhen bay | 深圳湾,深圳湾公园,https://images.unsplash.com/photo-1651932509246-3a1296cae2f0?crop=entropy&cs=tinysrgb&fit=max&fm=jpg&ixid=M3w4NTgxMzd8MHwxfHNlYXJjaHwxfHwlRTYlQjclQjElRTUlOUMlQjMlRTYlQjklQkUlRTUlODUlQUMlRTUlOUIlQUR8ZW58MXwwfHx8MTc3Mzg4MzQ2MHww&ixlib=rb-4.1.0&q=80&w=1080,Birds  in 深圳湾公园,True,False,False,,,,False,True,False
成都-锦里-0463,锦里,成都,历史文化,jinli | 锦里,锦里,,,False,True,False,,,,False,True,False
成都-宽窄巷子-0464,宽窄巷子,成都,历史文化,kuanzhai alley | 宽窄巷子,宽窄巷子,,,False,True,False,,,,False,True,False
成都-成都大熊猫繁育研究基地-0465,成都大熊猫繁育研究基地,成都,自然风光,panda | chengdu research base | 熊猫,成都大熊猫繁育研究基地,,,False,True,False,Chengdu Research Base of Giant Panda Breeding Chengdu China,https://images.unsplash.com/photo-1504713721722-f73b4ccdfe6a?crop=entropy&cs=tinysrgb&fit=max&fm=jpg&ixid=M3w4NTgxMzd8MHwxfHNlYXJjaHwxMHx8Q2hlbmdkdSUyMFJlc2VhcmNoJTIwQmFzZSUyMG9mJTIwR2lhbnQlMjBQYW5kYSUyMEJyZWVkaW5nJTIwQ2hlbmdkdSUyMENoaW5hfGVufDF8MHx8fDE3NzM4NDY1NDZ8MA&ixlib=rb-4.1.0&q=80&w=1080,"A giant panda cub chilling in a tree at the Chengdu Research Base of Giant Panda Breeding. It was such a fun visit, with the cubs running around and playing with each other and the adults gluttonously eating loads of bamboo.",True,False,False
杭州-西湖-0466,西湖,杭州,自然风光,west lake | 西湖,西湖,,,False,True,False,,,,False,True,False
杭州-灵隐寺-0467,灵隐寺,杭州,历史文化,lingyin | lingyin temple | 灵隐寺,灵隐寺,,,False,True,False,,,,False,True,False
南京-夫子庙-0468,夫子庙,南京,历史文化,confucius temple | 夫子庙,夫子庙,,,False,True,False,,,,False,True,False
南京-中山陵-0469,中山陵,南京,历史文化,sun yat-sen mausoleum | 中山陵,中山陵,,,False,True,False,,,,False,True,False
苏州-拙政园-0470,拙政园,苏州,历史文化,humble administrator's garden | 拙政园,拙政园,,,False,True,False,,,,False,True,False
苏州-平江路-0471,平江路,苏州,历史文化,pingjiang road | 平江路,平江路,,,False,True,False,,,,False,True,False
武汉-黄鹤楼-0472,黄鹤楼,武汉,历史文化,yellow crane tower | 黄鹤楼,黄鹤楼,,,False,True,False,,,,False,True,False
武汉-东湖-0473,东湖,武汉,自然风光,east lake | donghu | 东湖,东湖,,,False,True,False,,,,False,True,False
西安-兵马俑-0474,兵马俑,西安,历史文化,terracotta | terracotta army | 兵马俑,兵马俑,,,False,True,False,Terracotta Army,https://images.unsplash.com/photo-1527922891260-918d42a4efc8?crop=entropy&cs=tinysrgb&fit=max&fm=jpg&ixid=M3w4NTgxMzd8MHwxfHNlYXJjaHwxfHxUZXJyYWNvdHRhJTIwQXJteXxlbnwxfDB8fHwxNzczODQ2NTQwfDA&ixlib=rb-4.1.0&q=80&w=1080,"In today’s world of easy access information and increasingly amazing imagery you can often be left underwhelmed when seeing something in reality, It was a plesant surprise to find the Terracotta Army did not just live up to the hype but thoroughly exceeded it, a truly awe inspiring site that they have only just scratched the surface of  

The scale of the site and in particular what is still under the ground is mind bending",True,False,False
西安-大雁塔-0475,大雁塔,西安,历史文化,giant wild goose pagoda | 大雁塔,大雁塔,,,False,True,False,,,,False,True,False
北京-故宫-0476,故宫,北京,历史文化,forbidden city | palace museum | 故宫 | 紫禁城,故宫,https://images.unsplash.com/photo-1636550230446-7632d97d1e77?crop=entropy&cs=tinysrgb&fit=max&fm=jpg&ixid=M3w4NTgxMzd8MHwxfHNlYXJjaHwxfHwlRTYlOTUlODUlRTUlQUUlQUJ8ZW58MXwwfHx8MTc3Mzg0NTAyM3ww&ixlib=rb-4.1.0&q=80&w=1080,故宫雪景,True,False,False,故宫 北京,https://images.unsplash.com/photo-1620826502427-9e8faa18d3f0?crop=entropy&cs=tinysrgb&fit=max&fm=jpg&ixid=M3w4NTgxMzd8MHwxfHNlYXJjaHwxMHx8JUU2JTk1JTg1JUU1JUFFJUFCJTIwJUU1JThDJTk3JUU0JUJBJUFDfGVufDF8MHx8fDE3NzM4NDUwMjd8MA&ixlib=rb-4.1.0&q=80&w=1080,北京故宫博物院,True,False,False
北京-天坛-0477,天坛,北京,历史文化,temple of heaven | 天坛,天坛,https://images.unsplash.com/photo-1584872589930-e99fe5bf4408?crop=entropy&cs=tinysrgb&fit=max&fm=jpg&ixid=M3w4NTgxMzd8MHwxfHNlYXJjaHwxfHwlRTUlQTQlQTklRTUlOUQlOUJ8ZW58MXwwfHx8MTc3Mzg0NTAzMHww&ixlib=rb-4.1.0&q=80&w=1080,"The Temple of Heaven, Beijing, China.",True,False,False,天坛 北京,https://images.unsplash.com/photo-1620033370499-c85e0122f1fc?crop=entropy&cs=tinysrgb&fit=max&fm=jpg&ixid=M3w4NTgxMzd8MHwxfHNlYXJjaHw3fHwlRTUlQTQlQTklRTUlOUQlOUIlMjAlRTUlOEMlOTclRTQlQkElQUN8ZW58MXwwfHx8MTc3Mzg0NTAzNHww&ixlib=rb-4.1.0&q=80&w=1080,北京天坛公园,True,False,False
北京-颐和园-0478,颐和园,北京,历史文化,summer palace | 颐和园,颐和园,https://images.unsplash.com/photo-1669382485231-ef86d9fa986f?crop=entropy&cs=tinysrgb&fit=max&fm=jpg&ixid=M3w4NTgxMzd8MHwxfHNlYXJjaHwxfHwlRTklQTIlOTAlRTUlOTIlOEMlRTUlOUIlQUR8ZW58MXwwfHx8MTc3Mzg4MzM5M3ww&ixlib=rb-4.1.0&q=80&w=1080,北京颐和园,True,False,False,颐和园 北京,https://images.unsplash.com/photo-1620822102340-47c32da50fef?crop=entropy&cs=tinysrgb&fit=max&fm=jpg&ixid=M3w4NTgxMzd8MHwxfHNlYXJjaHwyfHwlRTklQTIlOTAlRTUlOTIlOEMlRTUlOUIlQUQlMjAlRTUlOEMlOTclRTQlQkElQUN8ZW58MXwwfHx8MTc3Mzg4MzM5NHww&ixlib=rb-4.1.0&q=80&w=1080,北京颐和园,True,False,False
北京-八达岭长城-0479,八达岭长城,北京,历史文化,great wall | badaling | 长城,八达岭长城,,,False,True,False,Great Wall Beijing China,https://images.unsplash.com/photo-1724076202408-bfa5548a2b1d?crop=entropy&cs=tinysrgb&fit=max&fm=jpg&ixid=M3w4NTgxMzd8MHwxfHNlYXJjaHw2fHxHcmVhdCUyMFdhbGwlMjBCZWlqaW5nJTIwQ2hpbmF8ZW58MXwwfHx8MTc3Mzg4MzQwOHww&ixlib=rb-4.1.0&q=80&w=1080,"The Great Wall is a must for a China tour, while Badaling is a must for a Great Wall tour. Badaling Great Wall in Beijing is the best-preserved and most complete section among the various, hence the most popular, even among world leaders.",True,False,False
上海-外滩-0480,外滩,上海,城市风光,the bund | waitan | 外滩,外滩,https://images.unsplash.com/photo-1718427778421-ad719f965738?crop=entropy&cs=tinysrgb&fit=max&fm=jpg&ixid=M3w4NTgxMzd8MHwxfHNlYXJjaHwxfHwlRTUlQTQlOTYlRTYlQkIlQTl8ZW58MXwwfHx8MTc3Mzg0NTAzNnww&ixlib=rb-4.1.0&q=80&w=1080,a view of a large city with tall buildings,False,False,True,外滩 Shanghai,https://images.unsplash.com/photo-1592311800804-1b72948c1a99?crop=entropy&cs=tinysrgb&fit=max&fm=jpg&ixid=M3w4NTgxMzd8MHwxfHNlYXJjaHwyfHwlRTUlQTQlOTYlRTYlQkIlQTklMjBTaGFuZ2hhaXxlbnwxfDB8fHwxNzczODQ2NTM1fDA&ixlib=rb-4.1.0&q=80&w=1080,"The Bund
外滩",True,False,False
上海-东方明珠-0481,东方明珠,上海,城市风光,oriental pearl | 东方明珠,东方明珠,https://images.unsplash.com/photo-1508742066636-3b9fb738ee0e?crop=entropy&cs=tinysrgb&fit=max&fm=jpg&ixid=M3w4NTgxMzd8MHwxfHNlYXJjaHwxfHwlRTQlQjglOUMlRTYlOTYlQjklRTYlOTglOEUlRTclOEYlQTB8ZW58MXwwfHx8MTc3Mzg4MzQxOHww&ixlib=rb-4.1.0&q=80&w=1080,body of water beside city,False,False,True,东方明珠 Shanghai,https://images.unsplash.com/photo-1509189692239-6c2bb03eac8a?crop=entropy&cs=tinysrgb&fit=max&fm=jpg&ixid=M3w4NTgxMzd8MHwxfHNlYXJjaHwxMHx8JUU0JUI4JTlDJUU2JTk2JUI5JUU2JTk4JThFJUU3JThGJUEwJTIwU2hhbmdoYWl8ZW58MXwwfHx8MTc3Mzg4MzQyMXww&ixlib=rb-4.1.0&q=80&w=1080,上海东方明珠,True,False,False
上海-迪士尼乐园-0482,迪士尼乐园,上海,休闲,disney | disneyland | 迪士尼,迪士尼乐园,,,False,True,False,迪士尼乐园 Shanghai China,https://images.unsplash.com/photo-1506660889812-c5ba0c735d91?crop=entropy&cs=tinysrgb&fit=max&fm=jpg&ixid=M3w4NTgxMzd8MHwxfHNlYXJjaHw5fHwlRTglQkYlQUElRTUlQTMlQUIlRTUlQjAlQkMlRTQlQjklOTAlRTUlOUIlQUQlMjBTaGFuZ2hhaSUyMENoaW5hfGVufDF8MHx8fDE3NzM4ODM0Mjh8MA&ixlib=rb-4.1.0&q=80&w=1080,"2017 is Shanghai Big World 100 years
2017是上海大世界建成100周年",False,False,True
广州-广州塔-0483,广州塔,广州,城市风光,canton tower | guangzhou tower | 广州塔,广州塔,https://images.unsplash.com/photo-1530021382214-1fc6e31513d5?crop=entropy&cs=tinysrgb&fit=max&fm=jpg&ixid=M3w4NTgxMzd8MHwxfHNlYXJjaHwxfHwlRTUlQjklQkYlRTUlQjclOUUlRTUlQTElOTR8ZW58MXwwfHx8MTc3Mzg4MzQzMXww&ixlib=rb-4.1.0&q=80&w=1080,Guangzhou Tower,True,False,False,pagoda,https://images.unsplash.com/photo-1528164344705-47542687000d?crop=entropy&cs=tinysrgb&fit=max&fm=jpg&ixid=M3w4NTgxMzd8MHwxfHNlYXJjaHwyfHxwYWdvZGF8ZW58MXwwfHx8MTc3Mzg4MzQzN3ww&ixlib=rb-4.1.0&q=80&w=1080,Chureito Pagoda,False,False,True
广州-陈家祠-0484,陈家祠,广州,历史文化,chen clan | chen clan academy | 陈家祠,陈家祠,,,False,True,False,陈家祠 Guangzhou,https://images.unsplash.com/photo-1730053344240-d18b816a764d?crop=entropy&cs=tinysrgb&fit=max&fm=jpg&ixid=M3w4NTgxMzd8MHwxfHNlYXJjaHw0fHwlRTklOTklODglRTUlQUUlQjYlRTclQTUlQTAlMjBHdWFuZ3pob3V8ZW58MXwwfHx8MTc3Mzg4MzQ0M3ww&ixlib=rb-4.1.0&q=80&w=1080,a hidden gem in Guangzhou 🍃,False,False,True
广州-珠江夜游-0485,珠江夜游,广州,城市风光,pearl river | 珠江,珠江夜游,https://images.unsplash.com/photo-1560951803-8d0d8c876bff?crop=entropy&cs=tinysrgb&fit=max&fm=jpg&ixid=M3w4NTgxMzd8MHwxfHNlYXJjaHwxfHwlRTclOEYlQTAlRTYlQjElOUYlRTUlQTQlOUMlRTYlQjglQjh8ZW58MXwwfHx8MTc3Mzg4MzQ0N3ww&ixlib=rb-4.1.0&q=80&w=1080,body of water near buildings,False,False,True,珠江夜游 Guangzhou,https://images.unsplash.com/photo-1535391879778-3bae11d29a24?crop=entropy&cs=tinysrgb&fit=max&fm=jpg&ixid=M3w4NTgxMzd8MHwxfHNlYXJjaHwyfHwlRTclOEYlQTAlRTYlQjElOUYlRTUlQTQlOUMlRTYlQjglQjglMjBHdWFuZ3pob3V8ZW58MXwwfHx8MTc3Mzg4MzQ1MHww&ixlib=rb-4.1.0&q=80&w=1080,night mood in guangzhou,False,False,True
深圳-世界之窗-0486,世界之窗,深圳,休闲,window of the world | 世界之窗,世界之窗,https://images.unsplash.com/photo-1707813130463-31d492f072ea?crop=entropy&cs=tinysrgb&fit=max&fm=jpg&ixid=M3w4NTgxMzd8MHwxfHNlYXJjaHwxfHwlRTQlQjglOTYlRTclOTUlOEMlRTQlQjklOEIlRTclQUElOTd8ZW58MXwwfHx8MTc3Mzg4MzQ1M3ww&ixlib=rb-4.1.0&q=80&w=1080,a very large and colorful object with many lights,False,False,True,世界之窗 Shenzhen China landmark,https://images.unsplash.com/photo-1684745339800-c4dcd382da98?crop=entropy&cs=tinysrgb&fit=max&fm=jpg&ixid=M3w4NTgxMzd8MHwxfHNlYXJjaHw3fHwlRTQlQjglOTYlRTclOTUlOEMlRTQlQjklOEIlRTclQUElOTclMjBTaGVuemhlbiUyMENoaW5hJTIwbGFuZG1hcmt8ZW58MXwwfHx8MTc3Mzg4MzQ1OXww&ixlib=rb-4.1.0&q=80&w=1080,"Greener Cities. Li Xiang Park is located in the heart of Nanshan District, Shenzhen, facing Shennan Avenue in the north, Nanshan District Committee Building in the south, Kirin Road in the east, and Sunshine Lijing Building Group in the west, with a total area of 220,000 square meters.",False,False,True
深圳-深圳湾公园-0487,深圳湾公园,深圳,自然风光,shenzhen bay | 深圳湾,深圳湾公园,https://images.unsplash.com/photo-1651932509246-3a1296cae2f0?crop=entropy&cs=tinysrgb&fit=max&fm=jpg&ixid=M3w4NTgxMzd8MHwxfHNlYXJjaHwxfHwlRTYlQjclQjElRTUlOUMlQjMlRTYlQjklQkUlRTUlODUlQUMlRTUlOUIlQUR8ZW58MXwwfHx8MTc3Mzg4MzQ2MHww&ixlib=rb-4.1.0&q=80&w=1080,Birds  in 深圳湾公园,True,False,False,,,,False,True,False
成都-锦里-0488,锦里,成都,历史文化,jinli | 锦里,锦里,,,False,True,False,,,,False,True,False
成都-宽窄巷子-0489,宽窄巷子,成都,历史文化,kuanzhai alley | 宽窄巷子,宽窄巷子,,,False,True,False,,,,False,True,False
成都-成都大熊猫繁育研究基地-0490,成都大熊猫繁育研究基地,成都,自然风光,panda | chengdu research base | 熊猫,成都大熊猫繁育研究基地,,,False,True,False,Chengdu Research Base of Giant Panda Breeding Chengdu China,https://images.unsplash.com/photo-1504713721722-f73b4ccdfe6a?crop=entropy&cs=tinysrgb&fit=max&fm=jpg&ixid=M3w4NTgxMzd8MHwxfHNlYXJjaHwxMHx8Q2hlbmdkdSUyMFJlc2VhcmNoJTIwQmFzZSUyMG9mJTIwR2lhbnQlMjBQYW5kYSUyMEJyZWVkaW5nJTIwQ2hlbmdkdSUyMENoaW5hfGVufDF8MHx8fDE3NzM4NDY1NDZ8MA&ixlib=rb-4.1.0&q=80&w=1080,"A giant panda cub chilling in a tree at the Chengdu Research Base of Giant Panda Breeding. It was such a fun visit, with the cubs running around and playing with each other and the adults gluttonously eating loads of bamboo.",True,False,False
杭州-西湖-0491,西湖,杭州,自然风光,west lake | 西湖,西湖,,,False,True,False,,,,False,True,False
杭州-灵隐寺-0492,灵隐寺,杭州,历史文化,lingyin | lingyin temple | 灵隐寺,灵隐寺,,,False,True,False,,,,False,True,False
南京-夫子庙-0493,夫子庙,南京,历史文化,confucius temple | 夫子庙,夫子庙,,,False,True,False,,,,False,True,False
南京-中山陵-0494,中山陵,南京,历史文化,sun yat-sen mausoleum | 中山陵,中山陵,,,False,True,False,,,,False,True,False
苏州-拙政园-0495,拙政园,苏州,历史文化,humble administrator's garden | 拙政园,拙政园,,,False,True,False,,,,False,True,False
苏州-平江路-0496,平江路,苏州,历史文化,pingjiang road | 平江路,平江路,,,False,True,False,,,,False,True,False
武汉-黄鹤楼-0497,黄鹤楼,武汉,历史文化,yellow crane tower | 黄鹤楼,黄鹤楼,,,False,True,False,,,,False,True,False
武汉-东湖-0498,东湖,武汉,自然风光,east lake | donghu | 东湖,东湖,,,False,True,False,,,,False,True,False
西安-兵马俑-0499,兵马俑,西安,历史文化,terracotta | terracotta army | 兵马俑,兵马俑,,,False,True,False,Terracotta Army,https://images.unsplash.com/photo-1527922891260-918d42a4efc8?crop=entropy&cs=tinysrgb&fit=max&fm=jpg&ixid=M3w4NTgxMzd8MHwxfHNlYXJjaHwxfHxUZXJyYWNvdHRhJTIwQXJteXxlbnwxfDB8fHwxNzczODQ2NTQwfDA&ixlib=rb-4.1.0&q=80&w=1080,"In today’s world of easy access information and increasingly amazing imagery you can often be left underwhelmed when seeing something in reality, It was a plesant surprise to find the Terracotta Army did not just live up to the hype but thoroughly exceeded it, a truly awe inspiring site that they have only just scratched the surface of  

The scale of the site and in particular what is still under the ground is mind bending",True,False,False
西安-大雁塔-0500,大雁塔,西安,历史文化,giant wild goose pagoda | 大雁塔,大雁塔,,,False,True,False,,,,False,True,False
北京-故宫-0501,故宫,北京,历史文化,forbidden city | palace museum | 故宫 | 紫禁城,故宫,https://images.unsplash.com/photo-1636550230446-7632d97d1e77?crop=entropy&cs=tinysrgb&fit=max&fm=jpg&ixid=M3w4NTgxMzd8MHwxfHNlYXJjaHwxfHwlRTYlOTUlODUlRTUlQUUlQUJ8ZW58MXwwfHx8MTc3Mzg0NTAyM3ww&ixlib=rb-4.1.0&q=80&w=1080,故宫雪景,True,False,False,故宫 北京,https://images.unsplash.com/photo-1620826502427-9e8faa18d3f0?crop=entropy&cs=tinysrgb&fit=max&fm=jpg&ixid=M3w4NTgxMzd8MHwxfHNlYXJjaHwxMHx8JUU2JTk1JTg1JUU1JUFFJUFCJTIwJUU1JThDJTk3JUU0JUJBJUFDfGVufDF8MHx8fDE3NzM4NDUwMjd8MA&ixlib=rb-4.1.0&q=80&w=1080,北京故宫博物院,True,False,False
北京-天坛-0502,天坛,北京,历史文化,temple of heaven | 天坛,天坛,https://images.unsplash.com/photo-1584872589930-e99fe5bf4408?crop=entropy&cs=tinysrgb&fit=max&fm=jpg&ixid=M3w4NTgxMzd8MHwxfHNlYXJjaHwxfHwlRTUlQTQlQTklRTUlOUQlOUJ8ZW58MXwwfHx8MTc3Mzg0NTAzMHww&ixlib=rb-4.1.0&q=80&w=1080,"The Temple of Heaven, Beijing, China.",True,False,False,天坛 北京,https://images.unsplash.com/photo-1620033370499-c85e0122f1fc?crop=entropy&cs=tinysrgb&fit=max&fm=jpg&ixid=M3w4NTgxMzd8MHwxfHNlYXJjaHw3fHwlRTUlQTQlQTklRTUlOUQlOUIlMjAlRTUlOEMlOTclRTQlQkElQUN8ZW58MXwwfHx8MTc3Mzg0NTAzNHww&ixlib=rb-4.1.0&q=80&w=1080,北京天坛公园,True,False,False
北京-颐和园-0503,颐和园,北京,历史文化,summer palace | 颐和园,颐和园,https://images.unsplash.com/photo-1669382485231-ef86d9fa986f?crop=entropy&cs=tinysrgb&fit=max&fm=jpg&ixid=M3w4NTgxMzd8MHwxfHNlYXJjaHwxfHwlRTklQTIlOTAlRTUlOTIlOEMlRTUlOUIlQUR8ZW58MXwwfHx8MTc3Mzg4MzM5M3ww&ixlib=rb-4.1.0&q=80&w=1080,北京颐和园,True,False,False,颐和园 北京,https://images.unsplash.com/photo-1620822102340-47c32da50fef?crop=entropy&cs=tinysrgb&fit=max&fm=jpg&ixid=M3w4NTgxMzd8MHwxfHNlYXJjaHwyfHwlRTklQTIlOTAlRTUlOTIlOEMlRTUlOUIlQUQlMjAlRTUlOEMlOTclRTQlQkElQUN8ZW58MXwwfHx8MTc3Mzg4MzM5NHww&ixlib=rb-4.1.0&q=80&w=1080,北京颐和园,True,False,False
北京-八达岭长城-0504,八达岭长城,北京,历史文化,great wall | badaling | 长城,八达岭长城,,,False,True,False,Great Wall Beijing China,https://images.unsplash.com/photo-1724076202408-bfa5548a2b1d?crop=entropy&cs=tinysrgb&fit=max&fm=jpg&ixid=M3w4NTgxMzd8MHwxfHNlYXJjaHw2fHxHcmVhdCUyMFdhbGwlMjBCZWlqaW5nJTIwQ2hpbmF8ZW58MXwwfHx8MTc3Mzg4MzQwOHww&ixlib=rb-4.1.0&q=80&w=1080,"The Great Wall is a must for a China tour, while Badaling is a must for a Great Wall tour. Badaling Great Wall in Beijing is the best-preserved and most complete section among the various, hence the most popular, even among world leaders.",True,False,False
上海-外滩-0505,外滩,上海,城市风光,the bund | waitan | 外滩,外滩,https://images.unsplash.com/photo-1718427778421-ad719f965738?crop=entropy&cs=tinysrgb&fit=max&fm=jpg&ixid=M3w4NTgxMzd8MHwxfHNlYXJjaHwxfHwlRTUlQTQlOTYlRTYlQkIlQTl8ZW58MXwwfHx8MTc3Mzg0NTAzNnww&ixlib=rb-4.1.0&q=80&w=1080,a view of a large city with tall buildings,False,False,True,外滩 Shanghai,https://images.unsplash.com/photo-1592311800804-1b72948c1a99?crop=entropy&cs=tinysrgb&fit=max&fm=jpg&ixid=M3w4NTgxMzd8MHwxfHNlYXJjaHwyfHwlRTUlQTQlOTYlRTYlQkIlQTklMjBTaGFuZ2hhaXxlbnwxfDB8fHwxNzczODQ2NTM1fDA&ixlib=rb-4.1.0&q=80&w=1080,"The Bund
外滩",True,False,False
上海-东方明珠-0506,东方明珠,上海,城市风光,oriental pearl | 东方明珠,东方明珠,https://images.unsplash.com/photo-1508742066636-3b9fb738ee0e?crop=entropy&cs=tinysrgb&fit=max&fm=jpg&ixid=M3w4NTgxMzd8MHwxfHNlYXJjaHwxfHwlRTQlQjglOUMlRTYlOTYlQjklRTYlOTglOEUlRTclOEYlQTB8ZW58MXwwfHx8MTc3Mzg4MzQxOHww&ixlib=rb-4.1.0&q=80&w=1080,body of water beside city,False,False,True,东方明珠 Shanghai,https://images.unsplash.com/photo-1509189692239-6c2bb03eac8a?crop=entropy&cs=tinysrgb&fit=max&fm=jpg&ixid=M3w4NTgxMzd8MHwxfHNlYXJjaHwxMHx8JUU0JUI4JTlDJUU2JTk2JUI5JUU2JTk4JThFJUU3JThGJUEwJTIwU2hhbmdoYWl8ZW58MXwwfHx8MTc3Mzg4MzQyMXww&ixlib=rb-4.1.0&q=80&w=1080,上海东方明珠,True,False,False
上海-迪士尼乐园-0507,迪士尼乐园,上海,休闲,disney | disneyland | 迪士尼,迪士尼乐园,,,False,True,False,迪士尼乐园 Shanghai China,https://images.unsplash.com/photo-1506660889812-c5ba0c735d91?crop=entropy&cs=tinysrgb&fit=max&fm=jpg&ixid=M3w4NTgxMzd8MHwxfHNlYXJjaHw5fHwlRTglQkYlQUElRTUlQTMlQUIlRTUlQjAlQkMlRTQlQjklOTAlRTUlOUIlQUQlMjBTaGFuZ2hhaSUyMENoaW5hfGVufDF8MHx8fDE3NzM4ODM0Mjh8MA&ixlib=rb-4.1.0&q=80&w=1080,"2017 is Shanghai Big World 100 years
2017是上海大世界建成100周年",False,False,True
广州-广州塔-0508,广州塔,广州,城市风光,canton tower | guangzhou tower | 广州塔,广州塔,https://images.unsplash.com/photo-1530021382214-1fc6e31513d5?crop=entropy&cs=tinysrgb&fit=max&fm=jpg&ixid=M3w4NTgxMzd8MHwxfHNlYXJjaHwxfHwlRTUlQjklQkYlRTUlQjclOUUlRTUlQTElOTR8ZW58MXwwfHx8MTc3Mzg4MzQzMXww&ixlib=rb-4.1.0&q=80&w=1080,Guangzhou Tower,True,False,False,pagoda,https://images.unsplash.com/photo-1528164344705-47542687000d?crop=entropy&cs=tinysrgb&fit=max&fm=jpg&ixid=M3w4NTgxMzd8MHwxfHNlYXJjaHwyfHxwYWdvZGF8ZW58MXwwfHx8MTc3Mzg4MzQzN3ww&ixlib=rb-4.1.0&q=80&w=1080,Chureito Pagoda,False,False,True
广州-陈家祠-0509,陈家祠,广州,历史文化,chen clan | chen clan academy | 陈家祠,陈家祠,,,False,True,False,陈家祠 Guangzhou,https://images.unsplash.com/photo-1730053344240-d18b816a764d?crop=entropy&cs=tinysrgb&fit=max&fm=jpg&ixid=M3w4NTgxMzd8MHwxfHNlYXJjaHw0fHwlRTklOTklODglRTUlQUUlQjYlRTclQTUlQTAlMjBHdWFuZ3pob3V8ZW58MXwwfHx8MTc3Mzg4MzQ0M3ww&ixlib=rb-4.1.0&q=80&w=1080,a hidden gem in Guangzhou 🍃,False,False,True
广州-珠江夜游-0510,珠江夜游,广州,城市风光,pearl river | 珠江,珠江夜游,https://images.unsplash.com/photo-1560951803-8d0d8c876bff?crop=entropy&cs=tinysrgb&fit=max&fm=jpg&ixid=M3w4NTgxMzd8MHwxfHNlYXJjaHwxfHwlRTclOEYlQTAlRTYlQjElOUYlRTUlQTQlOUMlRTYlQjglQjh8ZW58MXwwfHx8MTc3Mzg4MzQ0N3ww&ixlib=rb-4.1.0&q=80&w=1080,body of water near buildings,False,False,True,珠江夜游 Guangzhou,https://images.unsplash.com/photo-1535391879778-3bae11d29a24?crop=entropy&cs=tinysrgb&fit=max&fm=jpg&ixid=M3w4NTgxMzd8MHwxfHNlYXJjaHwyfHwlRTclOEYlQTAlRTYlQjElOUYlRTUlQTQlOUMlRTYlQjglQjglMjBHdWFuZ3pob3V8ZW58MXwwfHx8MTc3Mzg4MzQ1MHww&ixlib=rb-4.1.0&q=80&w=1080,night mood in guangzhou,False,False,True
深圳-世界之窗-0511,世界之窗,深圳,休闲,window of the world | 世界之窗,世界之窗,https://images.unsplash.com/photo-1707813130463-31d492f072ea?crop=entropy&cs=tinysrgb&fit=max&fm=jpg&ixid=M3w4NTgxMzd8MHwxfHNlYXJjaHwxfHwlRTQlQjglOTYlRTclOTUlOEMlRTQlQjklOEIlRTclQUElOTd8ZW58MXwwfHx8MTc3Mzg4MzQ1M3ww&ixlib=rb-4.1.0&q=80&w=1080,a very large and colorful object with many lights,False,False,True,世界之窗 Shenzhen China landmark,https://images.unsplash.com/photo-1684745339800-c4dcd382da98?crop=entropy&cs=tinysrgb&fit=max&fm=jpg&ixid=M3w4NTgxMzd8MHwxfHNlYXJjaHw3fHwlRTQlQjglOTYlRTclOTUlOEMlRTQlQjklOEIlRTclQUElOTclMjBTaGVuemhlbiUyMENoaW5hJTIwbGFuZG1hcmt8ZW58MXwwfHx8MTc3Mzg4MzQ1OXww&ixlib=rb-4.1.0&q=80&w=1080,"Greener Cities. Li Xiang Park is located in the heart of Nanshan District, Shenzhen, facing Shennan Avenue in the north, Nanshan District Committee Building in the south, Kirin Road in the east, and Sunshine Lijing Building Group in the west, with a total area of 220,000 square meters.",False,False,True
深圳-深圳湾公园-0512,深圳湾公园,深圳,自然风光,shenzhen bay | 深圳湾,深圳湾公园,https://images.unsplash.com/photo-1651932509246-3a1296cae2f0?crop=entropy&cs=tinysrgb&fit=max&fm=jpg&ixid=M3w4NTgxMzd8MHwxfHNlYXJjaHwxfHwlRTYlQjclQjElRTUlOUMlQjMlRTYlQjklQkUlRTUlODUlQUMlRTUlOUIlQUR8ZW58MXwwfHx8MTc3Mzg4MzQ2MHww&ixlib=rb-4.1.0&q=80&w=1080,Birds  in 深圳湾公园,True,False,False,,,,False,True,False
成都-锦里-0513,锦里,成都,历史文化,jinli | 锦里,锦里,,,False,True,False,,,,False,True,False
成都-宽窄巷子-0514,宽窄巷子,成都,历史文化,kuanzhai alley | 宽窄巷子,宽窄巷子,,,False,True,False,,,,False,True,False
成都-成都大熊猫繁育研究基地-0515,成都大熊猫繁育研究基地,成都,自然风光,panda | chengdu research base | 熊猫,成都大熊猫繁育研究基地,,,False,True,False,Chengdu Research Base of Giant Panda Breeding Chengdu China,https://images.unsplash.com/photo-1504713721722-f73b4ccdfe6a?crop=entropy&cs=tinysrgb&fit=max&fm=jpg&ixid=M3w4NTgxMzd8MHwxfHNlYXJjaHwxMHx8Q2hlbmdkdSUyMFJlc2VhcmNoJTIwQmFzZSUyMG9mJTIwR2lhbnQlMjBQYW5kYSUyMEJyZWVkaW5nJTIwQ2hlbmdkdSUyMENoaW5hfGVufDF8MHx8fDE3NzM4NDY1NDZ8MA&ixlib=rb-4.1.0&q=80&w=1080,"A giant panda cub chilling in a tree at the Chengdu Research Base of Giant Panda Breeding. It was such a fun visit, with the cubs running around and playing with each other and the adults gluttonously eating loads of bamboo.",True,False,False
杭州-西湖-0516,西湖,杭州,自然风光,west lake | 西湖,西湖,,,False,True,False,,,,False,True,False
杭州-灵隐寺-0517,灵隐寺,杭州,历史文化,lingyin | lingyin temple | 灵隐寺,灵隐寺,,,False,True,False,,,,False,True,False
南京-夫子庙-0518,夫子庙,南京,历史文化,confucius temple | 夫子庙,夫子庙,,,False,True,False,,,,False,True,False
南京-中山陵-0519,中山陵,南京,历史文化,sun yat-sen mausoleum | 中山陵,中山陵,,,False,True,False,,,,False,True,False
苏州-拙政园-0520,拙政园,苏州,历史文化,humble administrator's garden | 拙政园,拙政园,,,False,True,False,,,,False,True,False
苏州-平江路-0521,平江路,苏州,历史文化,pingjiang road | 平江路,平江路,,,False,True,False,,,,False,True,False
武汉-黄鹤楼-0522,黄鹤楼,武汉,历史文化,yellow crane tower | 黄鹤楼,黄鹤楼,,,False,True,False,,,,False,True,False
武汉-东湖-0523,东湖,武汉,自然风光,east lake | donghu | 东湖,东湖,,,False,True,False,,,,False,True,False
西安-兵马俑-0524,兵马俑,西安,历史文化,terracotta | terracotta army | 兵马俑,兵马俑,,,False,True,False,Terracotta Army,https://images.unsplash.com/photo-1527922891260-918d42a4efc8?crop=entropy&cs=tinysrgb&fit=max&fm=jpg&ixid=M3w4NTgxMzd8MHwxfHNlYXJjaHwxfHxUZXJyYWNvdHRhJTIwQXJteXxlbnwxfDB8fHwxNzczODQ2NTQwfDA&ixlib=rb-4.1.0&q=80&w=1080,"In today’s world of easy access information and increasingly amazing imagery you can often be left underwhelmed when seeing something in reality, It was a plesant surprise to find the Terracotta Army did not just live up to the hype but thoroughly exceeded it, a truly awe inspiring site that they have only just scratched the surface of  

The scale of the site and in particular what is still under the ground is mind bending",True,False,False
西安-大雁塔-0525,大雁塔,西安,历史文化,giant wild goose pagoda | 大雁塔,大雁塔,,,False,True,False,,,,False,True,False
北京-故宫-0526,故宫,北京,历史文化,forbidden city | palace museum | 故宫 | 紫禁城,故宫,https://images.unsplash.com/photo-1636550230446-7632d97d1e77?crop=entropy&cs=tinysrgb&fit=max&fm=jpg&ixid=M3w4NTgxMzd8MHwxfHNlYXJjaHwxfHwlRTYlOTUlODUlRTUlQUUlQUJ8ZW58MXwwfHx8MTc3Mzg0NTAyM3ww&ixlib=rb-4.1.0&q=80&w=1080,故宫雪景,True,False,False,故宫 北京,https://images.unsplash.com/photo-1620826502427-9e8faa18d3f0?crop=entropy&cs=tinysrgb&fit=max&fm=jpg&ixid=M3w4NTgxMzd8MHwxfHNlYXJjaHwxMHx8JUU2JTk1JTg1JUU1JUFFJUFCJTIwJUU1JThDJTk3JUU0JUJBJUFDfGVufDF8MHx8fDE3NzM4NDUwMjd8MA&ixlib=rb-4.1.0&q=80&w=1080,北京故宫博物院,True,False,False
北京-天坛-0527,天坛,北京,历史文化,temple of heaven | 天坛,天坛,https://images.unsplash.com/photo-1584872589930-e99fe5bf4408?crop=entropy&cs=tinysrgb&fit=max&fm=jpg&ixid=M3w4NTgxMzd8MHwxfHNlYXJjaHwxfHwlRTUlQTQlQTklRTUlOUQlOUJ8ZW58MXwwfHx8MTc3Mzg0NTAzMHww&ixlib=rb-4.1.0&q=80&w=1080,"The Temple of Heaven, Beijing, China.",True,False,False,天坛 北京,https://images.unsplash.com/photo-1620033370499-c85e0122f1fc?crop=entropy&cs=tinysrgb&fit=max&fm=jpg&ixid=M3w4NTgxMzd8MHwxfHNlYXJjaHw3fHwlRTUlQTQlQTklRTUlOUQlOUIlMjAlRTUlOEMlOTclRTQlQkElQUN8ZW58MXwwfHx8MTc3Mzg0NTAzNHww&ixlib=rb-4.1.0&q=80&w=1080,北京天坛公园,True,False,False
北京-颐和园-0528,颐和园,北京,历史文化,summer palace | 颐和园,颐和园,https://images.unsplash.com/photo-1669382485231-ef86d9fa986f?crop=entropy&cs=tinysrgb&fit=max&fm=jpg&ixid=M3w4NTgxMzd8MHwxfHNlYXJjaHwxfHwlRTklQTIlOTAlRTUlOTIlOEMlRTUlOUIlQUR8ZW58MXwwfHx8MTc3Mzg4MzM5M3ww&ixlib=rb-4.1.0&q=80&w=1080,北京颐和园,True,False,False,颐和园 北京,https://images.unsplash.com/photo-1620822102340-47c32da50fef?crop=entropy&cs=tinysrgb&fit=max&fm=jpg&ixid=M3w4NTgxMzd8MHwxfHNlYXJjaHwyfHwlRTklQTIlOTAlRTUlOTIlOEMlRTUlOUIlQUQlMjAlRTUlOEMlOTclRTQlQkElQUN8ZW58MXwwfHx8MTc3Mzg4MzM5NHww&ixlib=rb-4.1.0&q=80&w=1080,北京颐和园,True,False,False
北京-八达岭长城-0529,八达岭长城,北京,历史文化,great wall | badaling | 长城,八达岭长城,,,False,True,False,Great Wall Beijing China,https://images.unsplash.com/photo-1724076202408-bfa5548a2b1d?crop=entropy&cs=tinysrgb&fit=max&fm=jpg&ixid=M3w4NTgxMzd8MHwxfHNlYXJjaHw2fHxHcmVhdCUyMFdhbGwlMjBCZWlqaW5nJTIwQ2hpbmF8ZW58MXwwfHx8MTc3Mzg4MzQwOHww&ixlib=rb-4.1.0&q=80&w=1080,"The Great Wall is a must for a China tour, while Badaling is a must for a Great Wall tour. Badaling Great Wall in Beijing is the best-preserved and most complete section among the various, hence the most popular, even among world leaders.",True,False,False
上海-外滩-0530,外滩,上海,城市风光,the bund | waitan | 外滩,外滩,https://images.unsplash.com/photo-1718427778421-ad719f965738?crop=entropy&cs=tinysrgb&fit=max&fm=jpg&ixid=M3w4NTgxMzd8MHwxfHNlYXJjaHwxfHwlRTUlQTQlOTYlRTYlQkIlQTl8ZW58MXwwfHx8MTc3Mzg0NTAzNnww&ixlib=rb-4.1.0&q=80&w=1080,a view of a large city with tall buildings,False,False,True,外滩 Shanghai,https://images.unsplash.com/photo-1592311800804-1b72948c1a99?crop=entropy&cs=tinysrgb&fit=max&fm=jpg&ixid=M3w4NTgxMzd8MHwxfHNlYXJjaHwyfHwlRTUlQTQlOTYlRTYlQkIlQTklMjBTaGFuZ2hhaXxlbnwxfDB8fHwxNzczODQ2NTM1fDA&ixlib=rb-4.1.0&q=80&w=1080,"The Bund
外滩",True,False,False
上海-东方明珠-0531,东方明珠,上海,城市风光,oriental pearl | 东方明珠,东方明珠,https://images.unsplash.com/photo-1508742066636-3b9fb738ee0e?crop=entropy&cs=tinysrgb&fit=max&fm=jpg&ixid=M3w4NTgxMzd8MHwxfHNlYXJjaHwxfHwlRTQlQjglOUMlRTYlOTYlQjklRTYlOTglOEUlRTclOEYlQTB8ZW58MXwwfHx8MTc3Mzg4MzQxOHww&ixlib=rb-4.1.0&q=80&w=1080,body of water beside city,False,False,True,东方明珠 Shanghai,https://images.unsplash.com/photo-1509189692239-6c2bb03eac8a?crop=entropy&cs=tinysrgb&fit=max&fm=jpg&ixid=M3w4NTgxMzd8MHwxfHNlYXJjaHwxMHx8JUU0JUI4JTlDJUU2JTk2JUI5JUU2JTk4JThFJUU3JThGJUEwJTIwU2hhbmdoYWl8ZW58MXwwfHx8MTc3Mzg4MzQyMXww&ixlib=rb-4.1.0&q=80&w=1080,上海东方明珠,True,False,False
上海-迪士尼乐园-0532,迪士尼乐园,上海,休闲,disney | disneyland | 迪士尼,迪士尼乐园,,,False,True,False,迪士尼乐园 Shanghai China,https://images.unsplash.com/photo-1506660889812-c5ba0c735d91?crop=entropy&cs=tinysrgb&fit=max&fm=jpg&ixid=M3w4NTgxMzd8MHwxfHNlYXJjaHw5fHwlRTglQkYlQUElRTUlQTMlQUIlRTUlQjAlQkMlRTQlQjklOTAlRTUlOUIlQUQlMjBTaGFuZ2hhaSUyMENoaW5hfGVufDF8MHx8fDE3NzM4ODM0Mjh8MA&ixlib=rb-4.1.0&q=80&w=1080,"2017 is Shanghai Big World 100 years
2017是上海大世界建成100周年",False,False,True
广州-广州塔-0533,广州塔,广州,城市风光,canton tower | guangzhou tower | 广州塔,广州塔,https://images.unsplash.com/photo-1530021382214-1fc6e31513d5?crop=entropy&cs=tinysrgb&fit=max&fm=jpg&ixid=M3w4NTgxMzd8MHwxfHNlYXJjaHwxfHwlRTUlQjklQkYlRTUlQjclOUUlRTUlQTElOTR8ZW58MXwwfHx8MTc3Mzg4MzQzMXww&ixlib=rb-4.1.0&q=80&w=1080,Guangzhou Tower,True,False,False,pagoda,https://images.unsplash.com/photo-1528164344705-47542687000d?crop=entropy&cs=tinysrgb&fit=max&fm=jpg&ixid=M3w4NTgxMzd8MHwxfHNlYXJjaHwyfHxwYWdvZGF8ZW58MXwwfHx8MTc3Mzg4MzQzN3ww&ixlib=rb-4.1.0&q=80&w=1080,Chureito Pagoda,False,False,True
广州-陈家祠-0534,陈家祠,广州,历史文化,chen clan | chen clan academy | 陈家祠,陈家祠,,,False,True,False,陈家祠 Guangzhou,https://images.unsplash.com/photo-1730053344240-d18b816a764d?crop=entropy&cs=tinysrgb&fit=max&fm=jpg&ixid=M3w4NTgxMzd8MHwxfHNlYXJjaHw0fHwlRTklOTklODglRTUlQUUlQjYlRTclQTUlQTAlMjBHdWFuZ3pob3V8ZW58MXwwfHx8MTc3Mzg4MzQ0M3ww&ixlib=rb-4.1.0&q=80&w=1080,a hidden gem in Guangzhou 🍃,False,False,True
广州-珠江夜游-0535,珠江夜游,广州,城市风光,pearl river | 珠江,珠江夜游,https://images.unsplash.com/photo-1560951803-8d0d8c876bff?crop=entropy&cs=tinysrgb&fit=max&fm=jpg&ixid=M3w4NTgxMzd8MHwxfHNlYXJjaHwxfHwlRTclOEYlQTAlRTYlQjElOUYlRTUlQTQlOUMlRTYlQjglQjh8ZW58MXwwfHx8MTc3Mzg4MzQ0N3ww&ixlib=rb-4.1.0&q=80&w=1080,body of water near buildings,False,False,True,珠江夜游 Guangzhou,https://images.unsplash.com/photo-1535391879778-3bae11d29a24?crop=entropy&cs=tinysrgb&fit=max&fm=jpg&ixid=M3w4NTgxMzd8MHwxfHNlYXJjaHwyfHwlRTclOEYlQTAlRTYlQjElOUYlRTUlQTQlOUMlRTYlQjglQjglMjBHdWFuZ3pob3V8ZW58MXwwfHx8MTc3Mzg4MzQ1MHww&ixlib=rb-4.1.0&q=80&w=1080,night mood in guangzhou,False,False,True
深圳-世界之窗-0536,世界之窗,深圳,休闲,window of the world | 世界之窗,世界之窗,https://images.unsplash.com/photo-1707813130463-31d492f072ea?crop=entropy&cs=tinysrgb&fit=max&fm=jpg&ixid=M3w4NTgxMzd8MHwxfHNlYXJjaHwxfHwlRTQlQjglOTYlRTclOTUlOEMlRTQlQjklOEIlRTclQUElOTd8ZW58MXwwfHx8MTc3Mzg4MzQ1M3ww&ixlib=rb-4.1.0&q=80&w=1080,a very large and colorful object with many lights,False,False,True,世界之窗 Shenzhen China landmark,https://images.unsplash.com/photo-1684745339800-c4dcd382da98?crop=entropy&cs=tinysrgb&fit=max&fm=jpg&ixid=M3w4NTgxMzd8MHwxfHNlYXJjaHw3fHwlRTQlQjglOTYlRTclOTUlOEMlRTQlQjklOEIlRTclQUElOTclMjBTaGVuemhlbiUyMENoaW5hJTIwbGFuZG1hcmt8ZW58MXwwfHx8MTc3Mzg4MzQ1OXww&ixlib=rb-4.1.0&q=80&w=1080,"Greener Cities. Li Xiang Park is located in the heart of Nanshan District, Shenzhen, facing Shennan Avenue in the north, Nanshan District Committee Building in the south, Kirin Road in the east, and Sunshine Lijing Building Group in the west, with a total area of 220,000 square meters.",False,False,True
深圳-深圳湾公园-0537,深圳湾公园,深圳,自然风光,shenzhen bay | 深圳湾,深圳湾公园,https://images.unsplash.com/photo-1651932509246-3a1296cae2f0?crop=entropy&cs=tinysrgb&fit=max&fm=jpg&ixid=M3w4NTgxMzd8MHwxfHNlYXJjaHwxfHwlRTYlQjclQjElRTUlOUMlQjMlRTYlQjklQkUlRTUlODUlQUMlRTUlOUIlQUR8ZW58MXwwfHx8MTc3Mzg4MzQ2MHww&ixlib=rb-4.1.0&q=80&w=1080,Birds  in 深圳湾公园,True,False,False,,,,False,True,False
成都-锦里-0538,锦里,成都,历史文化,jinli | 锦里,锦里,,,False,True,False,,,,False,True,False
成都-宽窄巷子-0539,宽窄巷子,成都,历史文化,kuanzhai alley | 宽窄巷子,宽窄巷子,,,False,True,False,,,,False,True,False
成都-成都大熊猫繁育研究基地-0540,成都大熊猫繁育研究基地,成都,自然风光,panda | chengdu research base | 熊猫,成都大熊猫繁育研究基地,,,False,True,False,Chengdu Research Base of Giant Panda Breeding Chengdu China,https://images.unsplash.com/photo-1504713721722-f73b4ccdfe6a?crop=entropy&cs=tinysrgb&fit=max&fm=jpg&ixid=M3w4NTgxMzd8MHwxfHNlYXJjaHwxMHx8Q2hlbmdkdSUyMFJlc2VhcmNoJTIwQmFzZSUyMG9mJTIwR2lhbnQlMjBQYW5kYSUyMEJyZWVkaW5nJTIwQ2hlbmdkdSUyMENoaW5hfGVufDF8MHx8fDE3NzM4NDY1NDZ8MA&ixlib=rb-4.1.0&q=80&w=1080,"A giant panda cub chilling in a tree at the Chengdu Research Base of Giant Panda Breeding. It was such a fun visit, with the cubs running around and playing with each other and the adults gluttonously eating loads of bamboo.",True,False,False
杭州-西湖-0541,西湖,杭州,自然风光,west lake | 西湖,西湖,,,False,True,False,,,,False,True,False
杭州-灵隐寺-0542,灵隐寺,杭州,历史文化,lingyin | lingyin temple | 灵隐寺,灵隐寺,,,False,True,False,,,,False,True,False
南京-夫子庙-0543,夫子庙,南京,历史文化,confucius temple | 夫子庙,夫子庙,,,False,True,False,,,,False,True,False
南京-中山陵-0544,中山陵,南京,历史文化,sun yat-sen mausoleum | 中山陵,中山陵,,,False,True,False,,,,False,True,False
苏州-拙政园-0545,拙政园,苏州,历史文化,humble administrator's garden | 拙政园,拙政园,,,False,True,False,,,,False,True,False
苏州-平江路-0546,平江路,苏州,历史文化,pingjiang road | 平江路,平江路,,,False,True,False,,,,False,True,False
武汉-黄鹤楼-0547,黄鹤楼,武汉,历史文化,yellow crane tower | 黄鹤楼,黄鹤楼,,,False,True,False,,,,False,True,False
武汉-东湖-0548,东湖,武汉,自然风光,east lake | donghu | 东湖,东湖,,,False,True,False,,,,False,True,False
西安-兵马俑-0549,兵马俑,西安,历史文化,terracotta | terracotta army | 兵马俑,兵马俑,,,False,True,False,Terracotta Army,https://images.unsplash.com/photo-1527922891260-918d42a4efc8?crop=entropy&cs=tinysrgb&fit=max&fm=jpg&ixid=M3w4NTgxMzd8MHwxfHNlYXJjaHwxfHxUZXJyYWNvdHRhJTIwQXJteXxlbnwxfDB8fHwxNzczODQ2NTQwfDA&ixlib=rb-4.1.0&q=80&w=1080,"In today’s world of easy access information and increasingly amazing imagery you can often be left underwhelmed when seeing something in reality, It was a plesant surprise to find the Terracotta Army did not just live up to the hype but thoroughly exceeded it, a truly awe inspiring site that they have only just scratched the surface of  

The scale of the site and in particular what is still under the ground is mind bending",True,False,False
西安-大雁塔-0550,大雁塔,西安,历史文化,giant wild goose pagoda | 大雁塔,大雁塔,,,False,True,False,,,,False,True,False
北京-故宫-0551,故宫,北京,历史文化,forbidden city | palace museum | 故宫 | 紫禁城,故宫,https://images.unsplash.com/photo-1636550230446-7632d97d1e77?crop=entropy&cs=tinysrgb&fit=max&fm=jpg&ixid=M3w4NTgxMzd8MHwxfHNlYXJjaHwxfHwlRTYlOTUlODUlRTUlQUUlQUJ8ZW58MXwwfHx8MTc3Mzg0NTAyM3ww&ixlib=rb-4.1.0&q=80&w=1080,故宫雪景,True,False,False,故宫 北京,https://images.unsplash.com/photo-1620826502427-9e8faa18d3f0?crop=entropy&cs=tinysrgb&fit=max&fm=jpg&ixid=M3w4NTgxMzd8MHwxfHNlYXJjaHwxMHx8JUU2JTk1JTg1JUU1JUFFJUFCJTIwJUU1JThDJTk3JUU0JUJBJUFDfGVufDF8MHx8fDE3NzM4NDUwMjd8MA&ixlib=rb-4.1.0&q=80&w=1080,北京故宫博物院,True,False,False
北京-天坛-0552,天坛,北京,历史文化,temple of heaven | 天坛,天坛,https://images.unsplash.com/photo-1584872589930-e99fe5bf4408?crop=entropy&cs=tinysrgb&fit=max&fm=jpg&ixid=M3w4NTgxMzd8MHwxfHNlYXJjaHwxfHwlRTUlQTQlQTklRTUlOUQlOUJ8ZW58MXwwfHx8MTc3Mzg0NTAzMHww&ixlib=rb-4.1.0&q=80&w=1080,"The Temple of Heaven, Beijing, China.",True,False,False,天坛 北京,https://images.unsplash.com/photo-1620033370499-c85e0122f1fc?crop=entropy&cs=tinysrgb&fit=max&fm=jpg&ixid=M3w4NTgxMzd8MHwxfHNlYXJjaHw3fHwlRTUlQTQlQTklRTUlOUQlOUIlMjAlRTUlOEMlOTclRTQlQkElQUN8ZW58MXwwfHx8MTc3Mzg0NTAzNHww&ixlib=rb-4.1.0&q=80&w=1080,北京天坛公园,True,False,False
北京-颐和园-0553,颐和园,北京,历史文化,summer palace | 颐和园,颐和园,https://images.unsplash.com/photo-1669382485231-ef86d9fa986f?crop=entropy&cs=tinysrgb&fit=max&fm=jpg&ixid=M3w4NTgxMzd8MHwxfHNlYXJjaHwxfHwlRTklQTIlOTAlRTUlOTIlOEMlRTUlOUIlQUR8ZW58MXwwfHx8MTc3Mzg4MzM5M3ww&ixlib=rb-4.1.0&q=80&w=1080,北京颐和园,True,False,False,颐和园 北京,https://images.unsplash.com/photo-1620822102340-47c32da50fef?crop=entropy&cs=tinysrgb&fit=max&fm=jpg&ixid=M3w4NTgxMzd8MHwxfHNlYXJjaHwyfHwlRTklQTIlOTAlRTUlOTIlOEMlRTUlOUIlQUQlMjAlRTUlOEMlOTclRTQlQkElQUN8ZW58MXwwfHx8MTc3Mzg4MzM5NHww&ixlib=rb-4.1.0&q=80&w=1080,北京颐和园,True,False,False
北京-八达岭长城-0554,八达岭长城,北京,历史文化,great wall | badaling | 长城,八达岭长城,,,False,True,False,Great Wall Beijing China,https://images.unsplash.com/photo-1724076202408-bfa5548a2b1d?crop=entropy&cs=tinysrgb&fit=max&fm=jpg&ixid=M3w4NTgxMzd8MHwxfHNlYXJjaHw2fHxHcmVhdCUyMFdhbGwlMjBCZWlqaW5nJTIwQ2hpbmF8ZW58MXwwfHx8MTc3Mzg4MzQwOHww&ixlib=rb-4.1.0&q=80&w=1080,"The Great Wall is a must for a China tour, while Badaling is a must for a Great Wall tour. Badaling Great Wall in Beijing is the best-preserved and most complete section among the various, hence the most popular, even among world leaders.",True,False,False
上海-外滩-0555,外滩,上海,城市风光,the bund | waitan | 外滩,外滩,https://images.unsplash.com/photo-1718427778421-ad719f965738?crop=entropy&cs=tinysrgb&fit=max&fm=jpg&ixid=M3w4NTgxMzd8MHwxfHNlYXJjaHwxfHwlRTUlQTQlOTYlRTYlQkIlQTl8ZW58MXwwfHx8MTc3Mzg0NTAzNnww&ixlib=rb-4.1.0&q=80&w=1080,a view of a large city with tall buildings,False,False,True,外滩 Shanghai,https://images.unsplash.com/photo-1592311800804-1b72948c1a99?crop=entropy&cs=tinysrgb&fit=max&fm=jpg&ixid=M3w4NTgxMzd8MHwxfHNlYXJjaHwyfHwlRTUlQTQlOTYlRTYlQkIlQTklMjBTaGFuZ2hhaXxlbnwxfDB8fHwxNzczODQ2NTM1fDA&ixlib=rb-4.1.0&q=80&w=1080,"The Bund
外滩",True,False,False
上海-东方明珠-0556,东方明珠,上海,城市风光,oriental pearl | 东方明珠,东方明珠,https://images.unsplash.com/photo-1508742066636-3b9fb738ee0e?crop=entropy&cs=tinysrgb&fit=max&fm=jpg&ixid=M3w4NTgxMzd8MHwxfHNlYXJjaHwxfHwlRTQlQjglOUMlRTYlOTYlQjklRTYlOTglOEUlRTclOEYlQTB8ZW58MXwwfHx8MTc3Mzg4MzQxOHww&ixlib=rb-4.1.0&q=80&w=1080,body of water beside city,False,False,True,东方明珠 Shanghai,https://images.unsplash.com/photo-1509189692239-6c2bb03eac8a?crop=entropy&cs=tinysrgb&fit=max&fm=jpg&ixid=M3w4NTgxMzd8MHwxfHNlYXJjaHwxMHx8JUU0JUI4JTlDJUU2JTk2JUI5JUU2JTk4JThFJUU3JThGJUEwJTIwU2hhbmdoYWl8ZW58MXwwfHx8MTc3Mzg4MzQyMXww&ixlib=rb-4.1.0&q=80&w=1080,上海东方明珠,True,False,False
上海-迪士尼乐园-0557,迪士尼乐园,上海,休闲,disney | disneyland | 迪士尼,迪士尼乐园,,,False,True,False,迪士尼乐园 Shanghai China,https://images.unsplash.com/photo-1506660889812-c5ba0c735d91?crop=entropy&cs=tinysrgb&fit=max&fm=jpg&ixid=M3w4NTgxMzd8MHwxfHNlYXJjaHw5fHwlRTglQkYlQUElRTUlQTMlQUIlRTUlQjAlQkMlRTQlQjklOTAlRTUlOUIlQUQlMjBTaGFuZ2hhaSUyMENoaW5hfGVufDF8MHx8fDE3NzM4ODM0Mjh8MA&ixlib=rb-4.1.0&q=80&w=1080,"2017 is Shanghai Big World 100 years
2017是上海大世界建成100周年",False,False,True
广州-广州塔-0558,广州塔,广州,城市风光,canton tower | guangzhou tower | 广州塔,广州塔,https://images.unsplash.com/photo-1530021382214-1fc6e31513d5?crop=entropy&cs=tinysrgb&fit=max&fm=jpg&ixid=M3w4NTgxMzd8MHwxfHNlYXJjaHwxfHwlRTUlQjklQkYlRTUlQjclOUUlRTUlQTElOTR8ZW58MXwwfHx8MTc3Mzg4MzQzMXww&ixlib=rb-4.1.0&q=80&w=1080,Guangzhou Tower,True,False,False,pagoda,https://images.unsplash.com/photo-1528164344705-47542687000d?crop=entropy&cs=tinysrgb&fit=max&fm=jpg&ixid=M3w4NTgxMzd8MHwxfHNlYXJjaHwyfHxwYWdvZGF8ZW58MXwwfHx8MTc3Mzg4MzQzN3ww&ixlib=rb-4.1.0&q=80&w=1080,Chureito Pagoda,False,False,True
广州-陈家祠-0559,陈家祠,广州,历史文化,chen clan | chen clan academy | 陈家祠,陈家祠,,,False,True,False,陈家祠 Guangzhou,https://images.unsplash.com/photo-1730053344240-d18b816a764d?crop=entropy&cs=tinysrgb&fit=max&fm=jpg&ixid=M3w4NTgxMzd8MHwxfHNlYXJjaHw0fHwlRTklOTklODglRTUlQUUlQjYlRTclQTUlQTAlMjBHdWFuZ3pob3V8ZW58MXwwfHx8MTc3Mzg4MzQ0M3ww&ixlib=rb-4.1.0&q=80&w=1080,a hidden gem in Guangzhou 🍃,False,False,True
广州-珠江夜游-0560,珠江夜游,广州,城市风光,pearl river | 珠江,珠江夜游,https://images.unsplash.com/photo-1560951803-8d0d8c876bff?crop=entropy&cs=tinysrgb&fit=max&fm=jpg&ixid=M3w4NTgxMzd8MHwxfHNlYXJjaHwxfHwlRTclOEYlQTAlRTYlQjElOUYlRTUlQTQlOUMlRTYlQjglQjh8ZW58MXwwfHx8MTc3Mzg4MzQ0N3ww&ixlib=rb-4.1.0&q=80&w=1080,body of water near buildings,False,False,True,珠江夜游 Guangzhou,https://images.unsplash.com/photo-1535391879778-3bae11d29a24?crop=entropy&cs=tinysrgb&fit=max&fm=jpg&ixid=M3w4NTgxMzd8MHwxfHNlYXJjaHwyfHwlRTclOEYlQTAlRTYlQjElOUYlRTUlQTQlOUMlRTYlQjglQjglMjBHdWFuZ3pob3V8ZW58MXwwfHx8MTc3Mzg4MzQ1MHww&ixlib=rb-4.1.0&q=80&w=1080,night mood in guangzhou,False,False,True
深圳-世界之窗-0561,世界之窗,深圳,休闲,window of the world | 世界之窗,世界之窗,https://images.unsplash.com/photo-1707813130463-31d492f072ea?crop=entropy&cs=tinysrgb&fit=max&fm=jpg&ixid=M3w4NTgxMzd8MHwxfHNlYXJjaHwxfHwlRTQlQjglOTYlRTclOTUlOEMlRTQlQjklOEIlRTclQUElOTd8ZW58MXwwfHx8MTc3Mzg4MzQ1M3ww&ixlib=rb-4.1.0&q=80&w=1080,a very large and colorful object with many lights,False,False,True,世界之窗 Shenzhen China landmark,https://images.unsplash.com/photo-1684745339800-c4dcd382da98?crop=entropy&cs=tinysrgb&fit=max&fm=jpg&ixid=M3w4NTgxMzd8MHwxfHNlYXJjaHw3fHwlRTQlQjglOTYlRTclOTUlOEMlRTQlQjklOEIlRTclQUElOTclMjBTaGVuemhlbiUyMENoaW5hJTIwbGFuZG1hcmt8ZW58MXwwfHx8MTc3Mzg4MzQ1OXww&ixlib=rb-4.1.0&q=80&w=1080,"Greener Cities. Li Xiang Park is located in the heart of Nanshan District, Shenzhen, facing Shennan Avenue in the north, Nanshan District Committee Building in the south, Kirin Road in the east, and Sunshine Lijing Building Group in the west, with a total area of 220,000 square meters.",False,False,True
深圳-深圳湾公园-0562,深圳湾公园,深圳,自然风光,shenzhen bay | 深圳湾,深圳湾公园,https://images.unsplash.com/photo-1651932509246-3a1296cae2f0?crop=entropy&cs=tinysrgb&fit=max&fm=jpg&ixid=M3w4NTgxMzd8MHwxfHNlYXJjaHwxfHwlRTYlQjclQjElRTUlOUMlQjMlRTYlQjklQkUlRTUlODUlQUMlRTUlOUIlQUR8ZW58MXwwfHx8MTc3Mzg4MzQ2MHww&ixlib=rb-4.1.0&q=80&w=1080,Birds  in 深圳湾公园,True,False,False,,,,False,True,False
成都-锦里-0563,锦里,成都,历史文化,jinli | 锦里,锦里,,,False,True,False,,,,False,True,False
成都-宽窄巷子-0564,宽窄巷子,成都,历史文化,kuanzhai alley | 宽窄巷子,宽窄巷子,,,False,True,False,,,,False,True,False
成都-成都大熊猫繁育研究基地-0565,成都大熊猫繁育研究基地,成都,自然风光,panda | chengdu research base | 熊猫,成都大熊猫繁育研究基地,,,False,True,False,Chengdu Research Base of Giant Panda Breeding Chengdu China,https://images.unsplash.com/photo-1504713721722-f73b4ccdfe6a?crop=entropy&cs=tinysrgb&fit=max&fm=jpg&ixid=M3w4NTgxMzd8MHwxfHNlYXJjaHwxMHx8Q2hlbmdkdSUyMFJlc2VhcmNoJTIwQmFzZSUyMG9mJTIwR2lhbnQlMjBQYW5kYSUyMEJyZWVkaW5nJTIwQ2hlbmdkdSUyMENoaW5hfGVufDF8MHx8fDE3NzM4NDY1NDZ8MA&ixlib=rb-4.1.0&q=80&w=1080,"A giant panda cub chilling in a tree at the Chengdu Research Base of Giant Panda Breeding. It was such a fun visit, with the cubs running around and playing with each other and the adults gluttonously eating loads of bamboo.",True,False,False
杭州-西湖-0566,西湖,杭州,自然风光,west lake | 西湖,西湖,,,False,True,False,,,,False,True,False
杭州-灵隐寺-0567,灵隐寺,杭州,历史文化,lingyin | lingyin temple | 灵隐寺,灵隐寺,,,False,True,False,,,,False,True,False
南京-夫子庙-0568,夫子庙,南京,历史文化,confucius temple | 夫子庙,夫子庙,,,False,True,False,,,,False,True,False
南京-中山陵-0569,中山陵,南京,历史文化,sun yat-sen mausoleum | 中山陵,中山陵,,,False,True,False,,,,False,True,False
苏州-拙政园-0570,拙政园,苏州,历史文化,humble administrator's garden | 拙政园,拙政园,,,False,True,False,,,,False,True,False
苏州-平江路-0571,平江路,苏州,历史文化,pingjiang road | 平江路,平江路,,,False,True,False,,,,False,True,False
武汉-黄鹤楼-0572,黄鹤楼,武汉,历史文化,yellow crane tower | 黄鹤楼,黄鹤楼,,,False,True,False,,,,False,True,False
武汉-东湖-0573,东湖,武汉,自然风光,east lake | donghu | 东湖,东湖,,,False,True,False,,,,False,True,False
西安-兵马俑-0574,兵马俑,西安,历史文化,terracotta | terracotta army | 兵马俑,兵马俑,,,False,True,False,Terracotta Army,https://images.unsplash.com/photo-1527922891260-918d42a4efc8?crop=entropy&cs=tinysrgb&fit=max&fm=jpg&ixid=M3w4NTgxMzd8MHwxfHNlYXJjaHwxfHxUZXJyYWNvdHRhJTIwQXJteXxlbnwxfDB8fHwxNzczODQ2NTQwfDA&ixlib=rb-4.1.0&q=80&w=1080,"In today’s world of easy access information and increasingly amazing imagery you can often be left underwhelmed when seeing something in reality, It was a plesant surprise to find the Terracotta Army did not just live up to the hype but thoroughly exceeded it, a truly awe inspiring site that they have only just scratched the surface of  

The scale of the site and in particular what is still under the ground is mind bending",True,False,False
西安-大雁塔-0575,大雁塔,西安,历史文化,giant wild goose pagoda | 大雁塔,大雁塔,,,False,True,False,,,,False,True,False
北京-故宫-0576,故宫,北京,历史文化,forbidden city | palace museum | 故宫 | 紫禁城,故宫,https://images.unsplash.com/photo-1636550230446-7632d97d1e77?crop=entropy&cs=tinysrgb&fit=max&fm=jpg&ixid=M3w4NTgxMzd8MHwxfHNlYXJjaHwxfHwlRTYlOTUlODUlRTUlQUUlQUJ8ZW58MXwwfHx8MTc3Mzg0NTAyM3ww&ixlib=rb-4.1.0&q=80&w=1080,故宫雪景,True,False,False,故宫 北京,https://images.unsplash.com/photo-1620826502427-9e8faa18d3f0?crop=entropy&cs=tinysrgb&fit=max&fm=jpg&ixid=M3w4NTgxMzd8MHwxfHNlYXJjaHwxMHx8JUU2JTk1JTg1JUU1JUFFJUFCJTIwJUU1JThDJTk3JUU0JUJBJUFDfGVufDF8MHx8fDE3NzM4NDUwMjd8MA&ixlib=rb-4.1.0&q=80&w=1080,北京故宫博物院,True,False,False
北京-天坛-0577,天坛,北京,历史文化,temple of heaven | 天坛,天坛,https://images.unsplash.com/photo-1584872589930-e99fe5bf4408?crop=entropy&cs=tinysrgb&fit=max&fm=jpg&ixid=M3w4NTgxMzd8MHwxfHNlYXJjaHwxfHwlRTUlQTQlQTklRTUlOUQlOUJ8ZW58MXwwfHx8MTc3Mzg0NTAzMHww&ixlib=rb-4.1.0&q=80&w=1080,"The Temple of Heaven, Beijing, China.",True,False,False,天坛 北京,https://images.unsplash.com/photo-1620033370499-c85e0122f1fc?crop=entropy&cs=tinysrgb&fit=max&fm=jpg&ixid=M3w4NTgxMzd8MHwxfHNlYXJjaHw3fHwlRTUlQTQlQTklRTUlOUQlOUIlMjAlRTUlOEMlOTclRTQlQkElQUN8ZW58MXwwfHx8MTc3Mzg0NTAzNHww&ixlib=rb-4.1.0&q=80&w=1080,北京天坛公园,True,False,False
北京-颐和园-0578,颐和园,北京,历史文化,summer palace | 颐和园,颐和园,https://images.unsplash.com/photo-1669382485231-ef86d9fa986f?crop=entropy&cs=tinysrgb&fit=max&fm=jpg&ixid=M3w4NTgxMzd8MHwxfHNlYXJjaHwxfHwlRTklQTIlOTAlRTUlOTIlOEMlRTUlOUIlQUR8ZW58MXwwfHx8MTc3Mzg4MzM5M3ww&ixlib=rb-4.1.0&q=80&w=1080,北京颐和园,True,False,False,颐和园 北京,https://images.unsplash.com/photo-1620822102340-47c32da50fef?crop=entropy&cs=tinysrgb&fit=max&fm=jpg&ixid=M3w4NTgxMzd8MHwxfHNlYXJjaHwyfHwlRTklQTIlOTAlRTUlOTIlOEMlRTUlOUIlQUQlMjAlRTUlOEMlOTclRTQlQkElQUN8ZW58MXwwfHx8MTc3Mzg4MzM5NHww&ixlib=rb-4.1.0&q=80&w=1080,北京颐和园,True,False,False
北京-八达岭长城-0579,八达岭长城,北京,历史文化,great wall | badaling | 长城,八达岭长城,,,False,True,False,Great Wall Beijing China,https://images.unsplash.com/photo-1724076202408-bfa5548a2b1d?crop=entropy&cs=tinysrgb&fit=max&fm=jpg&ixid=M3w4NTgxMzd8MHwxfHNlYXJjaHw2fHxHcmVhdCUyMFdhbGwlMjBCZWlqaW5nJTIwQ2hpbmF8ZW58MXwwfHx8MTc3Mzg4MzQwOHww&ixlib=rb-4.1.0&q=80&w=1080,"The Great Wall is a must for a China tour, while Badaling is a must for a Great Wall tour. Badaling Great Wall in Beijing is the best-preserved and most complete section among the various, hence the most popular, even among world leaders.",True,False,False
上海-外滩-0580,外滩,上海,城市风光,the bund | waitan | 外滩,外滩,https://images.unsplash.com/photo-1718427778421-ad719f965738?crop=entropy&cs=tinysrgb&fit=max&fm=jpg&ixid=M3w4NTgxMzd8MHwxfHNlYXJjaHwxfHwlRTUlQTQlOTYlRTYlQkIlQTl8ZW58MXwwfHx8MTc3Mzg0NTAzNnww&ixlib=rb-4.1.0&q=80&w=1080,a view of a large city with tall buildings,False,False,True,外滩 Shanghai,https://images.unsplash.com/photo-1592311800804-1b72948c1a99?crop=entropy&cs=tinysrgb&fit=max&fm=jpg&ixid=M3w4NTgxMzd8MHwxfHNlYXJjaHwyfHwlRTUlQTQlOTYlRTYlQkIlQTklMjBTaGFuZ2hhaXxlbnwxfDB8fHwxNzczODQ2NTM1fDA&ixlib=rb-4.1.0&q=80&w=1080,"The Bund
外滩",True,False,False
上海-东方明珠-0581,东方明珠,上海,城市风光,oriental pearl | 东方明珠,东方明珠,https://images.unsplash.com/photo-1508742066636-3b9fb738ee0e?crop=entropy&cs=tinysrgb&fit=max&fm=jpg&ixid=M3w4NTgxMzd8MHwxfHNlYXJjaHwxfHwlRTQlQjglOUMlRTYlOTYlQjklRTYlOTglOEUlRTclOEYlQTB8ZW58MXwwfHx8MTc3Mzg4MzQxOHww&ixlib=rb-4.1.0&q=80&w=1080,body of water beside city,False,False,True,东方明珠 Shanghai,https://images.unsplash.com/photo-1509189692239-6c2bb03eac8a?crop=entropy&cs=tinysrgb&fit=max&fm=jpg&ixid=M3w4NTgxMzd8MHwxfHNlYXJjaHwxMHx8JUU0JUI4JTlDJUU2JTk2JUI5JUU2JTk4JThFJUU3JThGJUEwJTIwU2hhbmdoYWl8ZW58MXwwfHx8MTc3Mzg4MzQyMXww&ixlib=rb-4.1.0&q=80&w=1080,上海东方明珠,True,False,False
上海-迪士尼乐园-0582,迪士尼乐园,上海,休闲,disney | disneyland | 迪士尼,迪士尼乐园,,,False,True,False,迪士尼乐园 Shanghai China,https://images.unsplash.com/photo-1506660889812-c5ba0c735d91?crop=entropy&cs=tinysrgb&fit=max&fm=jpg&ixid=M3w4NTgxMzd8MHwxfHNlYXJjaHw5fHwlRTglQkYlQUElRTUlQTMlQUIlRTUlQjAlQkMlRTQlQjklOTAlRTUlOUIlQUQlMjBTaGFuZ2hhaSUyMENoaW5hfGVufDF8MHx8fDE3NzM4ODM0Mjh8MA&ixlib=rb-4.1.0&q=80&w=1080,"2017 is Shanghai Big World 100 years
2017是上海大世界建成100周年",False,False,True
广州-广州塔-0583,广州塔,广州,城市风光,canton tower | guangzhou tower | 广州塔,广州塔,https://images.unsplash.com/photo-1530021382214-1fc6e31513d5?crop=entropy&cs=tinysrgb&fit=max&fm=jpg&ixid=M3w4NTgxMzd8MHwxfHNlYXJjaHwxfHwlRTUlQjklQkYlRTUlQjclOUUlRTUlQTElOTR8ZW58MXwwfHx8MTc3Mzg4MzQzMXww&ixlib=rb-4.1.0&q=80&w=1080,Guangzhou Tower,True,False,False,pagoda,https://images.unsplash.com/photo-1528164344705-47542687000d?crop=entropy&cs=tinysrgb&fit=max&fm=jpg&ixid=M3w4NTgxMzd8MHwxfHNlYXJjaHwyfHxwYWdvZGF8ZW58MXwwfHx8MTc3Mzg4MzQzN3ww&ixlib=rb-4.1.0&q=80&w=1080,Chureito Pagoda,False,False,True
广州-陈家祠-0584,陈家祠,广州,历史文化,chen clan | chen clan academy | 陈家祠,陈家祠,,,False,True,False,陈家祠 Guangzhou,https://images.unsplash.com/photo-1730053344240-d18b816a764d?crop=entropy&cs=tinysrgb&fit=max&fm=jpg&ixid=M3w4NTgxMzd8MHwxfHNlYXJjaHw0fHwlRTklOTklODglRTUlQUUlQjYlRTclQTUlQTAlMjBHdWFuZ3pob3V8ZW58MXwwfHx8MTc3Mzg4MzQ0M3ww&ixlib=rb-4.1.0&q=80&w=1080,a hidden gem in Guangzhou 🍃,False,False,True
广州-珠江夜游-0585,珠江夜游,广州,城市风光,pearl river | 珠江,珠江夜游,https://images.unsplash.com/photo-1560951803-8d0d8c876bff?crop=entropy&cs=tinysrgb&fit=max&fm=jpg&ixid=M3w4NTgxMzd8MHwxfHNlYXJjaHwxfHwlRTclOEYlQTAlRTYlQjElOUYlRTUlQTQlOUMlRTYlQjglQjh8ZW58MXwwfHx8MTc3Mzg4MzQ0N3ww&ixlib=rb-4.1.0&q=80&w=1080,body of water near buildings,False,False,True,珠江夜游 Guangzhou,https://images.unsplash.com/photo-1535391879778-3bae11d29a24?crop=entropy&cs=tinysrgb&fit=max&fm=jpg&ixid=M3w4NTgxMzd8MHwxfHNlYXJjaHwyfHwlRTclOEYlQTAlRTYlQjElOUYlRTUlQTQlOUMlRTYlQjglQjglMjBHdWFuZ3pob3V8ZW58MXwwfHx8MTc3Mzg4MzQ1MHww&ixlib=rb-4.1.0&q=80&w=1080,night mood in guangzhou,False,False,True
深圳-世界之窗-0586,世界之窗,深圳,休闲,window of the world | 世界之窗,世界之窗,https://images.unsplash.com/photo-1707813130463-31d492f072ea?crop=entropy&cs=tinysrgb&fit=max&fm=jpg&ixid=M3w4NTgxMzd8MHwxfHNlYXJjaHwxfHwlRTQlQjglOTYlRTclOTUlOEMlRTQlQjklOEIlRTclQUElOTd8ZW58MXwwfHx8MTc3Mzg4MzQ1M3ww&ixlib=rb-4.1.0&q=80&w=1080,a very large and colorful object with many lights,False,False,True,世界之窗 Shenzhen China landmark,https://images.unsplash.com/photo-1684745339800-c4dcd382da98?crop=entropy&cs=tinysrgb&fit=max&fm=jpg&ixid=M3w4NTgxMzd8MHwxfHNlYXJjaHw3fHwlRTQlQjglOTYlRTclOTUlOEMlRTQlQjklOEIlRTclQUElOTclMjBTaGVuemhlbiUyMENoaW5hJTIwbGFuZG1hcmt8ZW58MXwwfHx8MTc3Mzg4MzQ1OXww&ixlib=rb-4.1.0&q=80&w=1080,"Greener Cities. Li Xiang Park is located in the heart of Nanshan District, Shenzhen, facing Shennan Avenue in the north, Nanshan District Committee Building in the south, Kirin Road in the east, and Sunshine Lijing Building Group in the west, with a total area of 220,000 square meters.",False,False,True
深圳-深圳湾公园-0587,深圳湾公园,深圳,自然风光,shenzhen bay | 深圳湾,深圳湾公园,https://images.unsplash.com/photo-1651932509246-3a1296cae2f0?crop=entropy&cs=tinysrgb&fit=max&fm=jpg&ixid=M3w4NTgxMzd8MHwxfHNlYXJjaHwxfHwlRTYlQjclQjElRTUlOUMlQjMlRTYlQjklQkUlRTUlODUlQUMlRTUlOUIlQUR8ZW58MXwwfHx8MTc3Mzg4MzQ2MHww&ixlib=rb-4.1.0&q=80&w=1080,Birds  in 深圳湾公园,True,False,False,,,,False,True,False
成都-锦里-0588,锦里,成都,历史文化,jinli | 锦里,锦里,,,False,True,False,,,,False,True,False
成都-宽窄巷子-0589,宽窄巷子,成都,历史文化,kuanzhai alley | 宽窄巷子,宽窄巷子,,,False,True,False,,,,False,True,False
成都-成都大熊猫繁育研究基地-0590,成都大熊猫繁育研究基地,成都,自然风光,panda | chengdu research base | 熊猫,成都大熊猫繁育研究基地,,,False,True,False,Chengdu Research Base of Giant Panda Breeding Chengdu China,https://images.unsplash.com/photo-1504713721722-f73b4ccdfe6a?crop=entropy&cs=tinysrgb&fit=max&fm=jpg&ixid=M3w4NTgxMzd8MHwxfHNlYXJjaHwxMHx8Q2hlbmdkdSUyMFJlc2VhcmNoJTIwQmFzZSUyMG9mJTIwR2lhbnQlMjBQYW5kYSUyMEJyZWVkaW5nJTIwQ2hlbmdkdSUyMENoaW5hfGVufDF8MHx8fDE3NzM4NDY1NDZ8MA&ixlib=rb-4.1.0&q=80&w=1080,"A giant panda cub chilling in a tree at the Chengdu Research Base of Giant Panda Breeding. It was such a fun visit, with the cubs running around and playing with each other and the adults gluttonously eating loads of bamboo.",True,False,False
杭州-西湖-0591,西湖,杭州,自然风光,west lake | 西湖,西湖,,,False,True,False,,,,False,True,False
杭州-灵隐寺-0592,灵隐寺,杭州,历史文化,lingyin | lingyin temple | 灵隐寺,灵隐寺,,,False,True,False,,,,False,True,False
南京-夫子庙-0593,夫子庙,南京,历史文化,confucius temple | 夫子庙,夫子庙,,,False,True,False,,,,False,True,False
南京-中山陵-0594,中山陵,南京,历史文化,sun yat-sen mausoleum | 中山陵,中山陵,,,False,True,False,,,,False,True,False
苏州-拙政园-0595,拙政园,苏州,历史文化,humble administrator's garden | 拙政园,拙政园,,,False,True,False,,,,False,True,False
苏州-平江路-0596,平江路,苏州,历史文化,pingjiang road | 平江路,平江路,,,False,True,False,,,,False,True,False
武汉-黄鹤楼-0597,黄鹤楼,武汉,历史文化,yellow crane tower | 黄鹤楼,黄鹤楼,,,False,True,False,,,,False,True,False
武汉-东湖-0598,东湖,武汉,自然风光,east lake | donghu | 东湖,东湖,,,False,True,False,,,,False,True,False
西安-兵马俑-0599,兵马俑,西安,历史文化,terracotta | terracotta army | 兵马俑,兵马俑,,,False,True,False,Terracotta Army,https://images.unsplash.com/photo-1527922891260-918d42a4efc8?crop=entropy&cs=tinysrgb&fit=max&fm=jpg&ixid=M3w4NTgxMzd8MHwxfHNlYXJjaHwxfHxUZXJyYWNvdHRhJTIwQXJteXxlbnwxfDB8fHwxNzczODQ2NTQwfDA&ixlib=rb-4.1.0&q=80&w=1080,"In today’s world of easy access information and increasingly amazing imagery you can often be left underwhelmed when seeing something in reality, It was a plesant surprise to find the Terracotta Army did not just live up to the hype but thoroughly exceeded it, a truly awe inspiring site that they have only just scratched the surface of  

The scale of the site and in particular what is still under the ground is mind bending",True,False,False
西安-大雁塔-0600,大雁塔,西安,历史文化,giant wild goose pagoda | 大雁塔,大雁塔,,,False,True,False,,,,False,True,False
北京-故宫-0601,故宫,北京,历史文化,forbidden city | palace museum | 故宫 | 紫禁城,故宫,https://images.unsplash.com/photo-1636550230446-7632d97d1e77?crop=entropy&cs=tinysrgb&fit=max&fm=jpg&ixid=M3w4NTgxMzd8MHwxfHNlYXJjaHwxfHwlRTYlOTUlODUlRTUlQUUlQUJ8ZW58MXwwfHx8MTc3Mzg0NTAyM3ww&ixlib=rb-4.1.0&q=80&w=1080,故宫雪景,True,False,False,故宫 北京,https://images.unsplash.com/photo-1620826502427-9e8faa18d3f0?crop=entropy&cs=tinysrgb&fit=max&fm=jpg&ixid=M3w4NTgxMzd8MHwxfHNlYXJjaHwxMHx8JUU2JTk1JTg1JUU1JUFFJUFCJTIwJUU1JThDJTk3JUU0JUJBJUFDfGVufDF8MHx8fDE3NzM4NDUwMjd8MA&ixlib=rb-4.1.0&q=80&w=1080,北京故宫博物院,True,False,False
北京-天坛-0602,天坛,北京,历史文化,temple of heaven | 天坛,天坛,https://images.unsplash.com/photo-1584872589930-e99fe5bf4408?crop=entropy&cs=tinysrgb&fit=max&fm=jpg&ixid=M3w4NTgxMzd8MHwxfHNlYXJjaHwxfHwlRTUlQTQlQTklRTUlOUQlOUJ8ZW58MXwwfHx8MTc3Mzg0NTAzMHww&ixlib=rb-4.1.0&q=80&w=1080,"The Temple of Heaven, Beijing, China.",True,False,False,天坛 北京,https://images.unsplash.com/photo-1620033370499-c85e0122f1fc?crop=entropy&cs=tinysrgb&fit=max&fm=jpg&ixid=M3w4NTgxMzd8MHwxfHNlYXJjaHw3fHwlRTUlQTQlQTklRTUlOUQlOUIlMjAlRTUlOEMlOTclRTQlQkElQUN8ZW58MXwwfHx8MTc3Mzg0NTAzNHww&ixlib=rb-4.1.0&q=80&w=1080,北京天坛公园,True,False,False
北京-颐和园-0603,颐和园,北京,历史文化,summer palace | 颐和园,颐和园,https://images.unsplash.com/photo-1669382485231-ef86d9fa986f?crop=entropy&cs=tinysrgb&fit=max&fm=jpg&ixid=M3w4NTgxMzd8MHwxfHNlYXJjaHwxfHwlRTklQTIlOTAlRTUlOTIlOEMlRTUlOUIlQUR8ZW58MXwwfHx8MTc3Mzg4MzM5M3ww&ixlib=rb-4.1.0&q=80&w=1080,北京颐和园,True,False,False,颐和园 北京,https://images.unsplash.com/photo-1620822102340-47c32da50fef?crop=entropy&cs=tinysrgb&fit=max&fm=jpg&ixid=M3w4NTgxMzd8MHwxfHNlYXJjaHwyfHwlRTklQTIlOTAlRTUlOTIlOEMlRTUlOUIlQUQlMjAlRTUlOEMlOTclRTQlQkElQUN8ZW58MXwwfHx8MTc3Mzg4MzM5NHww&ixlib=rb-4.1.0&q=80&w=1080,北京颐和园,True,False,False
北京-八达岭长城-0604,八达岭长城,北京,历史文化,great wall | badaling | 长城,八达岭长城,,,False,True,False,Great Wall Beijing China,https://images.unsplash.com/photo-1724076202408-bfa5548a2b1d?crop=entropy&cs=tinysrgb&fit=max&fm=jpg&ixid=M3w4NTgxMzd8MHwxfHNlYXJjaHw2fHxHcmVhdCUyMFdhbGwlMjBCZWlqaW5nJTIwQ2hpbmF8ZW58MXwwfHx8MTc3Mzg4MzQwOHww&ixlib=rb-4.1.0&q=80&w=1080,"The Great Wall is a must for a China tour, while Badaling is a must for a Great Wall tour. Badaling Great Wall in Beijing is the best-preserved and most complete section among the various, hence the most popular, even among world leaders.",True,False,False
上海-外滩-0605,外滩,上海,城市风光,the bund | waitan | 外滩,外滩,https://images.unsplash.com/photo-1718427778421-ad719f965738?crop=entropy&cs=tinysrgb&fit=max&fm=jpg&ixid=M3w4NTgxMzd8MHwxfHNlYXJjaHwxfHwlRTUlQTQlOTYlRTYlQkIlQTl8ZW58MXwwfHx8MTc3Mzg0NTAzNnww&ixlib=rb-4.1.0&q=80&w=1080,a view of a large city with tall buildings,False,False,True,外滩 Shanghai,https://images.unsplash.com/photo-1592311800804-1b72948c1a99?crop=entropy&cs=tinysrgb&fit=max&fm=jpg&ixid=M3w4NTgxMzd8MHwxfHNlYXJjaHwyfHwlRTUlQTQlOTYlRTYlQkIlQTklMjBTaGFuZ2hhaXxlbnwxfDB8fHwxNzczODQ2NTM1fDA&ixlib=rb-4.1.0&q=80&w=1080,"The Bund
外滩",True,False,False
上海-东方明珠-0606,东方明珠,上海,城市风光,oriental pearl | 东方明珠,东方明珠,https://images.unsplash.com/photo-1508742066636-3b9fb738ee0e?crop=entropy&cs=tinysrgb&fit=max&fm=jpg&ixid=M3w4NTgxMzd8MHwxfHNlYXJjaHwxfHwlRTQlQjglOUMlRTYlOTYlQjklRTYlOTglOEUlRTclOEYlQTB8ZW58MXwwfHx8MTc3Mzg4MzQxOHww&ixlib=rb-4.1.0&q=80&w=1080,body of water beside city,False,False,True,东方明珠 Shanghai,https://images.unsplash.com/photo-1509189692239-6c2bb03eac8a?crop=entropy&cs=tinysrgb&fit=max&fm=jpg&ixid=M3w4NTgxMzd8MHwxfHNlYXJjaHwxMHx8JUU0JUI4JTlDJUU2JTk2JUI5JUU2JTk4JThFJUU3JThGJUEwJTIwU2hhbmdoYWl8ZW58MXwwfHx8MTc3Mzg4MzQyMXww&ixlib=rb-4.1.0&q=80&w=1080,上海东方明珠,True,False,False
上海-迪士尼乐园-0607,迪士尼乐园,上海,休闲,disney | disneyland | 迪士尼,迪士尼乐园,,,False,True,False,迪士尼乐园 Shanghai China,https://images.unsplash.com/photo-1506660889812-c5ba0c735d91?crop=entropy&cs=tinysrgb&fit=max&fm=jpg&ixid=M3w4NTgxMzd8MHwxfHNlYXJjaHw5fHwlRTglQkYlQUElRTUlQTMlQUIlRTUlQjAlQkMlRTQlQjklOTAlRTUlOUIlQUQlMjBTaGFuZ2hhaSUyMENoaW5hfGVufDF8MHx8fDE3NzM4ODM0Mjh8MA&ixlib=rb-4.1.0&q=80&w=1080,"2017 is Shanghai Big World 100 years
2017是上海大世界建成100周年",False,False,True
广州-广州塔-0608,广州塔,广州,城市风光,canton tower | guangzhou tower | 广州塔,广州塔,https://images.unsplash.com/photo-1530021382214-1fc6e31513d5?crop=entropy&cs=tinysrgb&fit=max&fm=jpg&ixid=M3w4NTgxMzd8MHwxfHNlYXJjaHwxfHwlRTUlQjklQkYlRTUlQjclOUUlRTUlQTElOTR8ZW58MXwwfHx8MTc3Mzg4MzQzMXww&ixlib=rb-4.1.0&q=80&w=1080,Guangzhou Tower,True,False,False,pagoda,https://images.unsplash.com/photo-1528164344705-47542687000d?crop=entropy&cs=tinysrgb&fit=max&fm=jpg&ixid=M3w4NTgxMzd8MHwxfHNlYXJjaHwyfHxwYWdvZGF8ZW58MXwwfHx8MTc3Mzg4MzQzN3ww&ixlib=rb-4.1.0&q=80&w=1080,Chureito Pagoda,False,False,True
广州-陈家祠-0609,陈家祠,广州,历史文化,chen clan | chen clan academy | 陈家祠,陈家祠,,,False,True,False,陈家祠 Guangzhou,https://images.unsplash.com/photo-1730053344240-d18b816a764d?crop=entropy&cs=tinysrgb&fit=max&fm=jpg&ixid=M3w4NTgxMzd8MHwxfHNlYXJjaHw0fHwlRTklOTklODglRTUlQUUlQjYlRTclQTUlQTAlMjBHdWFuZ3pob3V8ZW58MXwwfHx8MTc3Mzg4MzQ0M3ww&ixlib=rb-4.1.0&q=80&w=1080,a hidden gem in Guangzhou 🍃,False,False,True
广州-珠江夜游-0610,珠江夜游,广州,城市风光,pearl river | 珠江,珠江夜游,https://images.unsplash.com/photo-1560951803-8d0d8c876bff?crop=entropy&cs=tinysrgb&fit=max&fm=jpg&ixid=M3w4NTgxMzd8MHwxfHNlYXJjaHwxfHwlRTclOEYlQTAlRTYlQjElOUYlRTUlQTQlOUMlRTYlQjglQjh8ZW58MXwwfHx8MTc3Mzg4MzQ0N3ww&ixlib=rb-4.1.0&q=80&w=1080,body of water near buildings,False,False,True,珠江夜游 Guangzhou,https://images.unsplash.com/photo-1535391879778-3bae11d29a24?crop=entropy&cs=tinysrgb&fit=max&fm=jpg&ixid=M3w4NTgxMzd8MHwxfHNlYXJjaHwyfHwlRTclOEYlQTAlRTYlQjElOUYlRTUlQTQlOUMlRTYlQjglQjglMjBHdWFuZ3pob3V8ZW58MXwwfHx8MTc3Mzg4MzQ1MHww&ixlib=rb-4.1.0&q=80&w=1080,night mood in guangzhou,False,False,True
深圳-世界之窗-0611,世界之窗,深圳,休闲,window of the world | 世界之窗,世界之窗,https://images.unsplash.com/photo-1707813130463-31d492f072ea?crop=entropy&cs=tinysrgb&fit=max&fm=jpg&ixid=M3w4NTgxMzd8MHwxfHNlYXJjaHwxfHwlRTQlQjglOTYlRTclOTUlOEMlRTQlQjklOEIlRTclQUElOTd8ZW58MXwwfHx8MTc3Mzg4MzQ1M3ww&ixlib=rb-4.1.0&q=80&w=1080,a very large and colorful object with many lights,False,False,True,世界之窗 Shenzhen China landmark,https://images.unsplash.com/photo-1684745339800-c4dcd382da98?crop=entropy&cs=tinysrgb&fit=max&fm=jpg&ixid=M3w4NTgxMzd8MHwxfHNlYXJjaHw3fHwlRTQlQjglOTYlRTclOTUlOEMlRTQlQjklOEIlRTclQUElOTclMjBTaGVuemhlbiUyMENoaW5hJTIwbGFuZG1hcmt8ZW58MXwwfHx8MTc3Mzg4MzQ1OXww&ixlib=rb-4.1.0&q=80&w=1080,"Greener Cities. Li Xiang Park is located in the heart of Nanshan District, Shenzhen, facing Shennan Avenue in the north, Nanshan District Committee Building in the south, Kirin Road in the east, and Sunshine Lijing Building Group in the west, with a total area of 220,000 square meters.",False,False,True
深圳-深圳湾公园-0612,深圳湾公园,深圳,自然风光,shenzhen bay | 深圳湾,深圳湾公园,https://images.unsplash.com/photo-1651932509246-3a1296cae2f0?crop=entropy&cs=tinysrgb&fit=max&fm=jpg&ixid=M3w4NTgxMzd8MHwxfHNlYXJjaHwxfHwlRTYlQjclQjElRTUlOUMlQjMlRTYlQjklQkUlRTUlODUlQUMlRTUlOUIlQUR8ZW58MXwwfHx8MTc3Mzg4MzQ2MHww&ixlib=rb-4.1.0&q=80&w=1080,Birds  in 深圳湾公园,True,False,False,,,,False,True,False
成都-锦里-0613,锦里,成都,历史文化,jinli | 锦里,锦里,,,False,True,False,,,,False,True,False
成都-宽窄巷子-0614,宽窄巷子,成都,历史文化,kuanzhai alley | 宽窄巷子,宽窄巷子,,,False,True,False,,,,False,True,False
成都-成都大熊猫繁育研究基地-0615,成都大熊猫繁育研究基地,成都,自然风光,panda | chengdu research base | 熊猫,成都大熊猫繁育研究基地,,,False,True,False,Chengdu Research Base of Giant Panda Breeding Chengdu China,https://images.unsplash.com/photo-1504713721722-f73b4ccdfe6a?crop=entropy&cs=tinysrgb&fit=max&fm=jpg&ixid=M3w4NTgxMzd8MHwxfHNlYXJjaHwxMHx8Q2hlbmdkdSUyMFJlc2VhcmNoJTIwQmFzZSUyMG9mJTIwR2lhbnQlMjBQYW5kYSUyMEJyZWVkaW5nJTIwQ2hlbmdkdSUyMENoaW5hfGVufDF8MHx8fDE3NzM4NDY1NDZ8MA&ixlib=rb-4.1.0&q=80&w=1080,"A giant panda cub chilling in a tree at the Chengdu Research Base of Giant Panda Breeding. It was such a fun visit, with the cubs running around and playing with each other and the adults gluttonously eating loads of bamboo.",True,False,False
杭州-西湖-0616,西湖,杭州,自然风光,west lake | 西湖,西湖,,,False,True,False,,,,False,True,False
杭州-灵隐寺-0617,灵隐寺,杭州,历史文化,lingyin | lingyin temple | 灵隐寺,灵隐寺,,,False,True,False,,,,False,True,False
南京-夫子庙-0618,夫子庙,南京,历史文化,confucius temple | 夫子庙,夫子庙,,,False,True,False,,,,False,True,False
南京-中山陵-0619,中山陵,南京,历史文化,sun yat-sen mausoleum | 中山陵,中山陵,,,False,True,False,,,,False,True,False
苏州-拙政园-0620,拙政园,苏州,历史文化,humble administrator's garden | 拙政园,拙政园,,,False,True,False,,,,False,True,False
苏州-平江路-0621,平江路,苏州,历史文化,pingjiang road | 平江路,平江路,,,False,True,False,,,,False,True,False
武汉-黄鹤楼-0622,黄鹤楼,武汉,历史文化,yellow crane tower | 黄鹤楼,黄鹤楼,,,False,True,False,,,,False,True,False
武汉-东湖-0623,东湖,武汉,自然风光,east lake | donghu | 东湖,东湖,,,False,True,False,,,,False,True,False
西安-兵马俑-0624,兵马俑,西安,历史文化,terracotta | terracotta army | 兵马俑,兵马俑,,,False,True,False,Terracotta Army,https://images.unsplash.com/photo-1527922891260-918d42a4efc8?crop=entropy&cs=tinysrgb&fit=max&fm=jpg&ixid=M3w4NTgxMzd8MHwxfHNlYXJjaHwxfHxUZXJyYWNvdHRhJTIwQXJteXxlbnwxfDB8fHwxNzczODQ2NTQwfDA&ixlib=rb-4.1.0&q=80&w=1080,"In today’s world of easy access information and increasingly amazing imagery you can often be left underwhelmed when seeing something in reality, It was a plesant surprise to find the Terracotta Army did not just live up to the hype but thoroughly exceeded it, a truly awe inspiring site that they have only just scratched the surface of  

The scale of the site and in particular what is still under the ground is mind bending",True,False,False
西安-大雁塔-0625,大雁塔,西安,历史文化,giant wild goose pagoda | 大雁塔,大雁塔,,,False,True,False,,,,False,True,False
北京-故宫-0626,故宫,北京,历史文化,forbidden city | palace museum | 故宫 | 紫禁城,故宫,https://images.unsplash.com/photo-1636550230446-7632d97d1e77?crop=entropy&cs=tinysrgb&fit=max&fm=jpg&ixid=M3w4NTgxMzd8MHwxfHNlYXJjaHwxfHwlRTYlOTUlODUlRTUlQUUlQUJ8ZW58MXwwfHx8MTc3Mzg0NTAyM3ww&ixlib=rb-4.1.0&q=80&w=1080,故宫雪景,True,False,False,故宫 北京,https://images.unsplash.com/photo-1620826502427-9e8faa18d3f0?crop=entropy&cs=tinysrgb&fit=max&fm=jpg&ixid=M3w4NTgxMzd8MHwxfHNlYXJjaHwxMHx8JUU2JTk1JTg1JUU1JUFFJUFCJTIwJUU1JThDJTk3JUU0JUJBJUFDfGVufDF8MHx8fDE3NzM4NDUwMjd8MA&ixlib=rb-4.1.0&q=80&w=1080,北京故宫博物院,True,False,False
北京-天坛-0627,天坛,北京,历史文化,temple of heaven | 天坛,天坛,https://images.unsplash.com/photo-1584872589930-e99fe5bf4408?crop=entropy&cs=tinysrgb&fit=max&fm=jpg&ixid=M3w4NTgxMzd8MHwxfHNlYXJjaHwxfHwlRTUlQTQlQTklRTUlOUQlOUJ8ZW58MXwwfHx8MTc3Mzg0NTAzMHww&ixlib=rb-4.1.0&q=80&w=1080,"The Temple of Heaven, Beijing, China.",True,False,False,天坛 北京,https://images.unsplash.com/photo-1620033370499-c85e0122f1fc?crop=entropy&cs=tinysrgb&fit=max&fm=jpg&ixid=M3w4NTgxMzd8MHwxfHNlYXJjaHw3fHwlRTUlQTQlQTklRTUlOUQlOUIlMjAlRTUlOEMlOTclRTQlQkElQUN8ZW58MXwwfHx8MTc3Mzg0NTAzNHww&ixlib=rb-4.1.0&q=80&w=1080,北京天坛公园,True,False,False
北京-颐和园-0628,颐和园,北京,历史文化,summer palace | 颐和园,颐和园,https://images.unsplash.com/photo-1669382485231-ef86d9fa986f?crop=entropy&cs=tinysrgb&fit=max&fm=jpg&ixid=M3w4NTgxMzd8MHwxfHNlYXJjaHwxfHwlRTklQTIlOTAlRTUlOTIlOEMlRTUlOUIlQUR8ZW58MXwwfHx8MTc3Mzg4MzM5M3ww&ixlib=rb-4.1.0&q=80&w=1080,北京颐和园,True,False,False,颐和园 北京,https://images.unsplash.com/photo-1620822102340-47c32da50fef?crop=entropy&cs=tinysrgb&fit=max&fm=jpg&ixid=M3w4NTgxMzd8MHwxfHNlYXJjaHwyfHwlRTklQTIlOTAlRTUlOTIlOEMlRTUlOUIlQUQlMjAlRTUlOEMlOTclRTQlQkElQUN8ZW58MXwwfHx8MTc3Mzg4MzM5NHww&ixlib=rb-4.1.0&q=80&w=1080,北京颐和园,True,False,False
北京-八达岭长城-0629,八达岭长城,北京,历史文化,great wall | badaling | 长城,八达岭长城,,,False,True,False,Great Wall Beijing China,https://images.unsplash.com/photo-1724076202408-bfa5548a2b1d?crop=entropy&cs=tinysrgb&fit=max&fm=jpg&ixid=M3w4NTgxMzd8MHwxfHNlYXJjaHw2fHxHcmVhdCUyMFdhbGwlMjBCZWlqaW5nJTIwQ2hpbmF8ZW58MXwwfHx8MTc3Mzg4MzQwOHww&ixlib=rb-4.1.0&q=80&w=1080,"The Great Wall is a must for a China tour, while Badaling is a must for a Great Wall tour. Badaling Great Wall in Beijing is the best-preserved and most complete section among the various, hence the most popular, even among world leaders.",True,False,False
上海-外滩-0630,外滩,上海,城市风光,the bund | waitan | 外滩,外滩,https://images.unsplash.com/photo-1718427778421-ad719f965738?crop=entropy&cs=tinysrgb&fit=max&fm=jpg&ixid=M3w4NTgxMzd8MHwxfHNlYXJjaHwxfHwlRTUlQTQlOTYlRTYlQkIlQTl8ZW58MXwwfHx8MTc3Mzg0NTAzNnww&ixlib=rb-4.1.0&q=80&w=1080,a view of a large city with tall buildings,False,False,True,外滩 Shanghai,https://images.unsplash.com/photo-1592311800804-1b72948c1a99?crop=entropy&cs=tinysrgb&fit=max&fm=jpg&ixid=M3w4NTgxMzd8MHwxfHNlYXJjaHwyfHwlRTUlQTQlOTYlRTYlQkIlQTklMjBTaGFuZ2hhaXxlbnwxfDB8fHwxNzczODQ2NTM1fDA&ixlib=rb-4.1.0&q=80&w=1080,"The Bund
外滩",True,False,False
上海-东方明珠-0631,东方明珠,上海,城市风光,oriental pearl | 东方明珠,东方明珠,https://images.unsplash.com/photo-1508742066636-3b9fb738ee0e?crop=entropy&cs=tinysrgb&fit=max&fm=jpg&ixid=M3w4NTgxMzd8MHwxfHNlYXJjaHwxfHwlRTQlQjglOUMlRTYlOTYlQjklRTYlOTglOEUlRTclOEYlQTB8ZW58MXwwfHx8MTc3Mzg4MzQxOHww&ixlib=rb-4.1.0&q=80&w=1080,body of water beside city,False,False,True,东方明珠 Shanghai,https://images.unsplash.com/photo-1509189692239-6c2bb03eac8a?crop=entropy&cs=tinysrgb&fit=max&fm=jpg&ixid=M3w4NTgxMzd8MHwxfHNlYXJjaHwxMHx8JUU0JUI4JTlDJUU2JTk2JUI5JUU2JTk4JThFJUU3JThGJUEwJTIwU2hhbmdoYWl8ZW58MXwwfHx8MTc3Mzg4MzQyMXww&ixlib=rb-4.1.0&q=80&w=1080,上海东方明珠,True,False,False
上海-迪士尼乐园-0632,迪士尼乐园,上海,休闲,disney | disneyland | 迪士尼,迪士尼乐园,,,False,True,False,迪士尼乐园 Shanghai China,https://images.unsplash.com/photo-1506660889812-c5ba0c735d91?crop=entropy&cs=tinysrgb&fit=max&fm=jpg&ixid=M3w4NTgxMzd8MHwxfHNlYXJjaHw5fHwlRTglQkYlQUElRTUlQTMlQUIlRTUlQjAlQkMlRTQlQjklOTAlRTUlOUIlQUQlMjBTaGFuZ2hhaSUyMENoaW5hfGVufDF8MHx8fDE3NzM4ODM0Mjh8MA&ixlib=rb-4.1.0&q=80&w=1080,"2017 is Shanghai Big World 100 years
2017是上海大世界建成100周年",False,False,True
广州-广州塔-0633,广州塔,广州,城市风光,canton tower | guangzhou tower | 广州塔,广州塔,https://images.unsplash.com/photo-1530021382214-1fc6e31513d5?crop=entropy&cs=tinysrgb&fit=max&fm=jpg&ixid=M3w4NTgxMzd8MHwxfHNlYXJjaHwxfHwlRTUlQjklQkYlRTUlQjclOUUlRTUlQTElOTR8ZW58MXwwfHx8MTc3Mzg4MzQzMXww&ixlib=rb-4.1.0&q=80&w=1080,Guangzhou Tower,True,False,False,pagoda,https://images.unsplash.com/photo-1528164344705-47542687000d?crop=entropy&cs=tinysrgb&fit=max&fm=jpg&ixid=M3w4NTgxMzd8MHwxfHNlYXJjaHwyfHxwYWdvZGF8ZW58MXwwfHx8MTc3Mzg4MzQzN3ww&ixlib=rb-4.1.0&q=80&w=1080,Chureito Pagoda,False,False,True
广州-陈家祠-0634,陈家祠,广州,历史文化,chen clan | chen clan academy | 陈家祠,陈家祠,,,False,True,False,陈家祠 Guangzhou,https://images.unsplash.com/photo-1730053344240-d18b816a764d?crop=entropy&cs=tinysrgb&fit=max&fm=jpg&ixid=M3w4NTgxMzd8MHwxfHNlYXJjaHw0fHwlRTklOTklODglRTUlQUUlQjYlRTclQTUlQTAlMjBHdWFuZ3pob3V8ZW58MXwwfHx8MTc3Mzg4MzQ0M3ww&ixlib=rb-4.1.0&q=80&w=1080,a hidden gem in Guangzhou 🍃,False,False,True
广州-珠江夜游-0635,珠江夜游,广州,城市风光,pearl river | 珠江,珠江夜游,https://images.unsplash.com/photo-1560951803-8d0d8c876bff?crop=entropy&cs=tinysrgb&fit=max&fm=jpg&ixid=M3w4NTgxMzd8MHwxfHNlYXJjaHwxfHwlRTclOEYlQTAlRTYlQjElOUYlRTUlQTQlOUMlRTYlQjglQjh8ZW58MXwwfHx8MTc3Mzg4MzQ0N3ww&ixlib=rb-4.1.0&q=80&w=1080,body of water near buildings,False,False,True,珠江夜游 Guangzhou,https://images.unsplash.com/photo-1535391879778-3bae11d29a24?crop=entropy&cs=tinysrgb&fit=max&fm=jpg&ixid=M3w4NTgxMzd8MHwxfHNlYXJjaHwyfHwlRTclOEYlQTAlRTYlQjElOUYlRTUlQTQlOUMlRTYlQjglQjglMjBHdWFuZ3pob3V8ZW58MXwwfHx8MTc3Mzg4MzQ1MHww&ixlib=rb-4.1.0&q=80&w=1080,night mood in guangzhou,False,False,True
深圳-世界之窗-0636,世界之窗,深圳,休闲,window of the world | 世界之窗,世界之窗,https://images.unsplash.com/photo-1707813130463-31d492f072ea?crop=entropy&cs=tinysrgb&fit=max&fm=jpg&ixid=M3w4NTgxMzd8MHwxfHNlYXJjaHwxfHwlRTQlQjglOTYlRTclOTUlOEMlRTQlQjklOEIlRTclQUElOTd8ZW58MXwwfHx8MTc3Mzg4MzQ1M3ww&ixlib=rb-4.1.0&q=80&w=1080,a very large and colorful object with many lights,False,False,True,世界之窗 Shenzhen China landmark,https://images.unsplash.com/photo-1684745339800-c4dcd382da98?crop=entropy&cs=tinysrgb&fit=max&fm=jpg&ixid=M3w4NTgxMzd8MHwxfHNlYXJjaHw3fHwlRTQlQjglOTYlRTclOTUlOEMlRTQlQjklOEIlRTclQUElOTclMjBTaGVuemhlbiUyMENoaW5hJTIwbGFuZG1hcmt8ZW58MXwwfHx8MTc3Mzg4MzQ1OXww&ixlib=rb-4.1.0&q=80&w=1080,"Greener Cities. Li Xiang Park is located in the heart of Nanshan District, Shenzhen, facing Shennan Avenue in the north, Nanshan District Committee Building in the south, Kirin Road in the east, and Sunshine Lijing Building Group in the west, with a total area of 220,000 square meters.",False,False,True
深圳-深圳湾公园-0637,深圳湾公园,深圳,自然风光,shenzhen bay | 深圳湾,深圳湾公园,https://images.unsplash.com/photo-1651932509246-3a1296cae2f0?crop=entropy&cs=tinysrgb&fit=max&fm=jpg&ixid=M3w4NTgxMzd8MHwxfHNlYXJjaHwxfHwlRTYlQjclQjElRTUlOUMlQjMlRTYlQjklQkUlRTUlODUlQUMlRTUlOUIlQUR8ZW58MXwwfHx8MTc3Mzg4MzQ2MHww&ixlib=rb-4.1.0&q=80&w=1080,Birds  in 深圳湾公园,True,False,False,,,,False,True,False
成都-锦里-0638,锦里,成都,历史文化,jinli | 锦里,锦里,,,False,True,False,,,,False,True,False
成都-宽窄巷子-0639,宽窄巷子,成都,历史文化,kuanzhai alley | 宽窄巷子,宽窄巷子,,,False,True,False,,,,False,True,False
成都-成都大熊猫繁育研究基地-0640,成都大熊猫繁育研究基地,成都,自然风光,panda | chengdu research base | 熊猫,成都大熊猫繁育研究基地,,,False,True,False,Chengdu Research Base of Giant Panda Breeding Chengdu China,https://images.unsplash.com/photo-1504713721722-f73b4ccdfe6a?crop=entropy&cs=tinysrgb&fit=max&fm=jpg&ixid=M3w4NTgxMzd8MHwxfHNlYXJjaHwxMHx8Q2hlbmdkdSUyMFJlc2VhcmNoJTIwQmFzZSUyMG9mJTIwR2lhbnQlMjBQYW5kYSUyMEJyZWVkaW5nJTIwQ2hlbmdkdSUyMENoaW5hfGVufDF8MHx8fDE3NzM4NDY1NDZ8MA&ixlib=rb-4.1.0&q=80&w=1080,"A giant panda cub chilling in a tree at the Chengdu Research Base of Giant Panda Breeding. It was such a fun visit, with the cubs running around and playing with each other and the adults gluttonously eating loads of bamboo.",True,False,False
杭州-西湖-0641,西湖,杭州,自然风光,west lake | 西湖,西湖,,,False,True,False,,,,False,True,False
杭州-灵隐寺-0642,灵隐寺,杭州,历史文化,lingyin | lingyin temple | 灵隐寺,灵隐寺,,,False,True,False,,,,False,True,False
南京-夫子庙-0643,夫子庙,南京,历史文化,confucius temple | 夫子庙,夫子庙,,,False,True,False,,,,False,True,False
南京-中山陵-0644,中山陵,南京,历史文化,sun yat-sen mausoleum | 中山陵,中山陵,,,False,True,False,,,,False,True,False
苏州-拙政园-0645,拙政园,苏州,历史文化,humble administrator's garden | 拙政园,拙政园,,,False,True,False,,,,False,True,False
苏州-平江路-0646,平江路,苏州,历史文化,pingjiang road | 平江路,平江路,,,False,True,False,,,,False,True,False
武汉-黄鹤楼-0647,黄鹤楼,武汉,历史文化,yellow crane tower | 黄鹤楼,黄鹤楼,,,False,True,False,,,,False,True,False
武汉-东湖-0648,东湖,武汉,自然风光,east lake | donghu | 东湖,东湖,,,False,True,False,,,,False,True,False
西安-兵马俑-0649,兵马俑,西安,历史文化,terracotta | terracotta army | 兵马俑,兵马俑,,,False,True,False,Terracotta Army,https://images.unsplash.com/photo-1527922891260-918d42a4efc8?crop=entropy&cs=tinysrgb&fit=max&fm=jpg&ixid=M3w4NTgxMzd8MHwxfHNlYXJjaHwxfHxUZXJyYWNvdHRhJTIwQXJteXxlbnwxfDB8fHwxNzczODQ2NTQwfDA&ixlib=rb-4.1.0&q=80&w=1080,"In today’s world of easy access information and increasingly amazing imagery you can often be left underwhelmed when seeing something in reality, It was a plesant surprise to find the Terracotta Army did not just live up to the hype but thoroughly exceeded it, a truly awe inspiring site that they have only just scratched the surface of  

The scale of the site and in particular what is still under the ground is mind bending",True,False,False
西安-大雁塔-0650,大雁塔,西安,历史文化,giant wild goose pagoda | 大雁塔,大雁塔,,,False,True,False,,,,False,True,False
北京-故宫-0651,故宫,北京,历史文化,forbidden city | palace museum | 故宫 | 紫禁城,故宫,https://images.unsplash.com/photo-1636550230446-7632d97d1e77?crop=entropy&cs=tinysrgb&fit=max&fm=jpg&ixid=M3w4NTgxMzd8MHwxfHNlYXJjaHwxfHwlRTYlOTUlODUlRTUlQUUlQUJ8ZW58MXwwfHx8MTc3Mzg0NTAyM3ww&ixlib=rb-4.1.0&q=80&w=1080,故宫雪景,True,False,False,故宫 北京,https://images.unsplash.com/photo-1620826502427-9e8faa18d3f0?crop=entropy&cs=tinysrgb&fit=max&fm=jpg&ixid=M3w4NTgxMzd8MHwxfHNlYXJjaHwxMHx8JUU2JTk1JTg1JUU1JUFFJUFCJTIwJUU1JThDJTk3JUU0JUJBJUFDfGVufDF8MHx8fDE3NzM4NDUwMjd8MA&ixlib=rb-4.1.0&q=80&w=1080,北京故宫博物院,True,False,False
北京-天坛-0652,天坛,北京,历史文化,temple of heaven | 天坛,天坛,https://images.unsplash.com/photo-1584872589930-e99fe5bf4408?crop=entropy&cs=tinysrgb&fit=max&fm=jpg&ixid=M3w4NTgxMzd8MHwxfHNlYXJjaHwxfHwlRTUlQTQlQTklRTUlOUQlOUJ8ZW58MXwwfHx8MTc3Mzg0NTAzMHww&ixlib=rb-4.1.0&q=80&w=1080,"The Temple of Heaven, Beijing, China.",True,False,False,天坛 北京,https://images.unsplash.com/photo-1620033370499-c85e0122f1fc?crop=entropy&cs=tinysrgb&fit=max&fm=jpg&ixid=M3w4NTgxMzd8MHwxfHNlYXJjaHw3fHwlRTUlQTQlQTklRTUlOUQlOUIlMjAlRTUlOEMlOTclRTQlQkElQUN8ZW58MXwwfHx8MTc3Mzg0NTAzNHww&ixlib=rb-4.1.0&q=80&w=1080,北京天坛公园,True,False,False
北京-颐和园-0653,颐和园,北京,历史文化,summer palace | 颐和园,颐和园,https://images.unsplash.com/photo-1669382485231-ef86d9fa986f?crop=entropy&cs=tinysrgb&fit=max&fm=jpg&ixid=M3w4NTgxMzd8MHwxfHNlYXJjaHwxfHwlRTklQTIlOTAlRTUlOTIlOEMlRTUlOUIlQUR8ZW58MXwwfHx8MTc3Mzg4MzM5M3ww&ixlib=rb-4.1.0&q=80&w=1080,北京颐和园,True,False,False,颐和园 北京,https://images.unsplash.com/photo-1620822102340-47c32da50fef?crop=entropy&cs=tinysrgb&fit=max&fm=jpg&ixid=M3w4NTgxMzd8MHwxfHNlYXJjaHwyfHwlRTklQTIlOTAlRTUlOTIlOEMlRTUlOUIlQUQlMjAlRTUlOEMlOTclRTQlQkElQUN8ZW58MXwwfHx8MTc3Mzg4MzM5NHww&ixlib=rb-4.1.0&q=80&w=1080,北京颐和园,True,False,False
北京-八达岭长城-0654,八达岭长城,北京,历史文化,great wall | badaling | 长城,八达岭长城,,,False,True,False,Great Wall Beijing China,https://images.unsplash.com/photo-1724076202408-bfa5548a2b1d?crop=entropy&cs=tinysrgb&fit=max&fm=jpg&ixid=M3w4NTgxMzd8MHwxfHNlYXJjaHw2fHxHcmVhdCUyMFdhbGwlMjBCZWlqaW5nJTIwQ2hpbmF8ZW58MXwwfHx8MTc3Mzg4MzQwOHww&ixlib=rb-4.1.0&q=80&w=1080,"The Great Wall is a must for a China tour, while Badaling is a must for a Great Wall tour. Badaling Great Wall in Beijing is the best-preserved and most complete section among the various, hence the most popular, even among world leaders.",True,False,False
上海-外滩-0655,外滩,上海,城市风光,the bund | waitan | 外滩,外滩,https://images.unsplash.com/photo-1718427778421-ad719f965738?crop=entropy&cs=tinysrgb&fit=max&fm=jpg&ixid=M3w4NTgxMzd8MHwxfHNlYXJjaHwxfHwlRTUlQTQlOTYlRTYlQkIlQTl8ZW58MXwwfHx8MTc3Mzg0NTAzNnww&ixlib=rb-4.1.0&q=80&w=1080,a view of a large city with tall buildings,False,False,True,外滩 Shanghai,https://images.unsplash.com/photo-1592311800804-1b72948c1a99?crop=entropy&cs=tinysrgb&fit=max&fm=jpg&ixid=M3w4NTgxMzd8MHwxfHNlYXJjaHwyfHwlRTUlQTQlOTYlRTYlQkIlQTklMjBTaGFuZ2hhaXxlbnwxfDB8fHwxNzczODQ2NTM1fDA&ixlib=rb-4.1.0&q=80&w=1080,"The Bund
外滩",True,False,False
上海-东方明珠-0656,东方明珠,上海,城市风光,oriental pearl | 东方明珠,东方明珠,https://images.unsplash.com/photo-1508742066636-3b9fb738ee0e?crop=entropy&cs=tinysrgb&fit=max&fm=jpg&ixid=M3w4NTgxMzd8MHwxfHNlYXJjaHwxfHwlRTQlQjglOUMlRTYlOTYlQjklRTYlOTglOEUlRTclOEYlQTB8ZW58MXwwfHx8MTc3Mzg4MzQxOHww&ixlib=rb-4.1.0&q=80&w=1080,body of water beside city,False,False,True,东方明珠 Shanghai,https://images.unsplash.com/photo-1509189692239-6c2bb03eac8a?crop=entropy&cs=tinysrgb&fit=max&fm=jpg&ixid=M3w4NTgxMzd8MHwxfHNlYXJjaHwxMHx8JUU0JUI4JTlDJUU2JTk2JUI5JUU2JTk4JThFJUU3JThGJUEwJTIwU2hhbmdoYWl8ZW58MXwwfHx8MTc3Mzg4MzQyMXww&ixlib=rb-4.1.0&q=80&w=1080,上海东方明珠,True,False,False
上海-迪士尼乐园-0657,迪士尼乐园,上海,休闲,disney | disneyland | 迪士尼,迪士尼乐园,,,False,True,False,迪士尼乐园 Shanghai China,https://images.unsplash.com/photo-1506660889812-c5ba0c735d91?crop=entropy&cs=tinysrgb&fit=max&fm=jpg&ixid=M3w4NTgxMzd8MHwxfHNlYXJjaHw5fHwlRTglQkYlQUElRTUlQTMlQUIlRTUlQjAlQkMlRTQlQjklOTAlRTUlOUIlQUQlMjBTaGFuZ2hhaSUyMENoaW5hfGVufDF8MHx8fDE3NzM4ODM0Mjh8MA&ixlib=rb-4.1.0&q=80&w=1080,"2017 is Shanghai Big World 100 years
2017是上海大世界建成100周年",False,False,True
广州-广州塔-0658,广州塔,广州,城市风光,canton tower | guangzhou tower | 广州塔,广州塔,https://images.unsplash.com/photo-1530021382214-1fc6e31513d5?crop=entropy&cs=tinysrgb&fit=max&fm=jpg&ixid=M3w4NTgxMzd8MHwxfHNlYXJjaHwxfHwlRTUlQjklQkYlRTUlQjclOUUlRTUlQTElOTR8ZW58MXwwfHx8MTc3Mzg4MzQzMXww&ixlib=rb-4.1.0&q=80&w=1080,Guangzhou Tower,True,False,False,pagoda,https://images.unsplash.com/photo-1528164344705-47542687000d?crop=entropy&cs=tinysrgb&fit=max&fm=jpg&ixid=M3w4NTgxMzd8MHwxfHNlYXJjaHwyfHxwYWdvZGF8ZW58MXwwfHx8MTc3Mzg4MzQzN3ww&ixlib=rb-4.1.0&q=80&w=1080,Chureito Pagoda,False,False,True
广州-陈家祠-0659,陈家祠,广州,历史文化,chen clan | chen clan academy | 陈家祠,陈家祠,,,False,True,False,陈家祠 Guangzhou,https://images.unsplash.com/photo-1730053344240-d18b816a764d?crop=entropy&cs=tinysrgb&fit=max&fm=jpg&ixid=M3w4NTgxMzd8MHwxfHNlYXJjaHw0fHwlRTklOTklODglRTUlQUUlQjYlRTclQTUlQTAlMjBHdWFuZ3pob3V8ZW58MXwwfHx8MTc3Mzg4MzQ0M3ww&ixlib=rb-4.1.0&q=80&w=1080,a hidden gem in Guangzhou 🍃,False,False,True
广州-珠江夜游-0660,珠江夜游,广州,城市风光,pearl river | 珠江,珠江夜游,https://images.unsplash.com/photo-1560951803-8d0d8c876bff?crop=entropy&cs=tinysrgb&fit=max&fm=jpg&ixid=M3w4NTgxMzd8MHwxfHNlYXJjaHwxfHwlRTclOEYlQTAlRTYlQjElOUYlRTUlQTQlOUMlRTYlQjglQjh8ZW58MXwwfHx8MTc3Mzg4MzQ0N3ww&ixlib=rb-4.1.0&q=80&w=1080,body of water near buildings,False,False,True,珠江夜游 Guangzhou,https://images.unsplash.com/photo-1535391879778-3bae11d29a24?crop=entropy&cs=tinysrgb&fit=max&fm=jpg&ixid=M3w4NTgxMzd8MHwxfHNlYXJjaHwyfHwlRTclOEYlQTAlRTYlQjElOUYlRTUlQTQlOUMlRTYlQjglQjglMjBHdWFuZ3pob3V8ZW58MXwwfHx8MTc3Mzg4MzQ1MHww&ixlib=rb-4.1.0&q=80&w=1080,night mood in guangzhou,False,False,True
深圳-世界之窗-0661,世界之窗,深圳,休闲,window of the world | 世界之窗,世界之窗,https://images.unsplash.com/photo-1707813130463-31d492f072ea?crop=entropy&cs=tinysrgb&fit=max&fm=jpg&ixid=M3w4NTgxMzd8MHwxfHNlYXJjaHwxfHwlRTQlQjglOTYlRTclOTUlOEMlRTQlQjklOEIlRTclQUElOTd8ZW58MXwwfHx8MTc3Mzg4MzQ1M3ww&ixlib=rb-4.1.0&q=80&w=1080,a very large and colorful object with many lights,False,False,True,世界之窗 Shenzhen China landmark,https://images.unsplash.com/photo-1684745339800-c4dcd382da98?crop=entropy&cs=tinysrgb&fit=max&fm=jpg&ixid=M3w4NTgxMzd8MHwxfHNlYXJjaHw3fHwlRTQlQjglOTYlRTclOTUlOEMlRTQlQjklOEIlRTclQUElOTclMjBTaGVuemhlbiUyMENoaW5hJTIwbGFuZG1hcmt8ZW58MXwwfHx8MTc3Mzg4MzQ1OXww&ixlib=rb-4.1.0&q=80&w=1080,"Greener Cities. Li Xiang Park is located in the heart of Nanshan District, Shenzhen, facing Shennan Avenue in the north, Nanshan District Committee Building in the south, Kirin Road in the east, and Sunshine Lijing Building Group in the west, with a total area of 220,000 square meters.",False,False,True
深圳-深圳湾公园-0662,深圳湾公园,深圳,自然风光,shenzhen bay | 深圳湾,深圳湾公园,https://images.unsplash.com/photo-1651932509246-3a1296cae2f0?crop=entropy&cs=tinysrgb&fit=max&fm=jpg&ixid=M3w4NTgxMzd8MHwxfHNlYXJjaHwxfHwlRTYlQjclQjElRTUlOUMlQjMlRTYlQjklQkUlRTUlODUlQUMlRTUlOUIlQUR8ZW58MXwwfHx8MTc3Mzg4MzQ2MHww&ixlib=rb-4.1.0&q=80&w=1080,Birds  in 深圳湾公园,True,False,False,,,,False,True,False
成都-锦里-0663,锦里,成都,历史文化,jinli | 锦里,锦里,,,False,True,False,,,,False,True,False
成都-宽窄巷子-0664,宽窄巷子,成都,历史文化,kuanzhai alley | 宽窄巷子,宽窄巷子,,,False,True,False,,,,False,True,False
成都-成都大熊猫繁育研究基地-0665,成都大熊猫繁育研究基地,成都,自然风光,panda | chengdu research base | 熊猫,成都大熊猫繁育研究基地,,,False,True,False,Chengdu Research Base of Giant Panda Breeding Chengdu China,https://images.unsplash.com/photo-1504713721722-f73b4ccdfe6a?crop=entropy&cs=tinysrgb&fit=max&fm=jpg&ixid=M3w4NTgxMzd8MHwxfHNlYXJjaHwxMHx8Q2hlbmdkdSUyMFJlc2VhcmNoJTIwQmFzZSUyMG9mJTIwR2lhbnQlMjBQYW5kYSUyMEJyZWVkaW5nJTIwQ2hlbmdkdSUyMENoaW5hfGVufDF8MHx8fDE3NzM4NDY1NDZ8MA&ixlib=rb-4.1.0&q=80&w=1080,"A giant panda cub chilling in a tree at the Chengdu Research Base of Giant Panda Breeding. It was such a fun visit, with the cubs running around and playing with each other and the adults gluttonously eating loads of bamboo.",True,False,False
杭州-西湖-0666,西湖,杭州,自然风光,west lake | 西湖,西湖,,,False,True,False,,,,False,True,False
杭州-灵隐寺-0667,灵隐寺,杭州,历史文化,lingyin | lingyin temple | 灵隐寺,灵隐寺,,,False,True,False,,,,False,True,False
南京-夫子庙-0668,夫子庙,南京,历史文化,confucius temple | 夫子庙,夫子庙,,,False,True,False,,,,False,True,False
南京-中山陵-0669,中山陵,南京,历史文化,sun yat-sen mausoleum | 中山陵,中山陵,,,False,True,False,,,,False,True,False
苏州-拙政园-0670,拙政园,苏州,历史文化,humble administrator's garden | 拙政园,拙政园,,,False,True,False,,,,False,True,False
苏州-平江路-0671,平江路,苏州,历史文化,pingjiang road | 平江路,平江路,,,False,True,False,,,,False,True,False
武汉-黄鹤楼-0672,黄鹤楼,武汉,历史文化,yellow crane tower | 黄鹤楼,黄鹤楼,,,False,True,False,,,,False,True,False
武汉-东湖-0673,东湖,武汉,自然风光,east lake | donghu | 东湖,东湖,,,False,True,False,,,,False,True,False
西安-兵马俑-0674,兵马俑,西安,历史文化,terracotta | terracotta army | 兵马俑,兵马俑,,,False,True,False,Terracotta Army,https://images.unsplash.com/photo-1527922891260-918d42a4efc8?crop=entropy&cs=tinysrgb&fit=max&fm=jpg&ixid=M3w4NTgxMzd8MHwxfHNlYXJjaHwxfHxUZXJyYWNvdHRhJTIwQXJteXxlbnwxfDB8fHwxNzczODQ2NTQwfDA&ixlib=rb-4.1.0&q=80&w=1080,"In today’s world of easy access information and increasingly amazing imagery you can often be left underwhelmed when seeing something in reality, It was a plesant surprise to find the Terracotta Army did not just live up to the hype but thoroughly exceeded it, a truly awe inspiring site that they have only just scratched the surface of  

The scale of the site and in particular what is still under the ground is mind bending",True,False,False
西安-大雁塔-0675,大雁塔,西安,历史文化,giant wild goose pagoda | 大雁塔,大雁塔,,,False,True,False,,,,False,True,False
北京-故宫-0676,故宫,北京,历史文化,forbidden city | palace museum | 故宫 | 紫禁城,故宫,https://images.unsplash.com/photo-1636550230446-7632d97d1e77?crop=entropy&cs=tinysrgb&fit=max&fm=jpg&ixid=M3w4NTgxMzd8MHwxfHNlYXJjaHwxfHwlRTYlOTUlODUlRTUlQUUlQUJ8ZW58MXwwfHx8MTc3Mzg0NTAyM3ww&ixlib=rb-4.1.0&q=80&w=1080,故宫雪景,True,False,False,故宫 北京,https://images.unsplash.com/photo-1620826502427-9e8faa18d3f0?crop=entropy&cs=tinysrgb&fit=max&fm=jpg&ixid=M3w4NTgxMzd8MHwxfHNlYXJjaHwxMHx8JUU2JTk1JTg1JUU1JUFFJUFCJTIwJUU1JThDJTk3JUU0JUJBJUFDfGVufDF8MHx8fDE3NzM4NDUwMjd8MA&ixlib=rb-4.1.0&q=80&w=1080,北京故宫博物院,True,False,False
北京-天坛-0677,天坛,北京,历史文化,temple of heaven | 天坛,天坛,https://images.unsplash.com/photo-1584872589930-e99fe5bf4408?crop=entropy&cs=tinysrgb&fit=max&fm=jpg&ixid=M3w4NTgxMzd8MHwxfHNlYXJjaHwxfHwlRTUlQTQlQTklRTUlOUQlOUJ8ZW58MXwwfHx8MTc3Mzg0NTAzMHww&ixlib=rb-4.1.0&q=80&w=1080,"The Temple of Heaven, Beijing, China.",True,False,False,天坛 北京,https://images.unsplash.com/photo-1620033370499-c85e0122f1fc?crop=entropy&cs=tinysrgb&fit=max&fm=jpg&ixid=M3w4NTgxMzd8MHwxfHNlYXJjaHw3fHwlRTUlQTQlQTklRTUlOUQlOUIlMjAlRTUlOEMlOTclRTQlQkElQUN8ZW58MXwwfHx8MTc3Mzg0NTAzNHww&ixlib=rb-4.1.0&q=80&w=1080,北京天坛公园,True,False,False
北京-颐和园-0678,颐和园,北京,历史文化,summer palace | 颐和园,颐和园,https://images.unsplash.com/photo-1669382485231-ef86d9fa986f?crop=entropy&cs=tinysrgb&fit=max&fm=jpg&ixid=M3w4NTgxMzd8MHwxfHNlYXJjaHwxfHwlRTklQTIlOTAlRTUlOTIlOEMlRTUlOUIlQUR8ZW58MXwwfHx8MTc3Mzg4MzM5M3ww&ixlib=rb-4.1.0&q=80&w=1080,北京颐和园,True,False,False,颐和园 北京,https://images.unsplash.com/photo-1620822102340-47c32da50fef?crop=entropy&cs=tinysrgb&fit=max&fm=jpg&ixid=M3w4NTgxMzd8MHwxfHNlYXJjaHwyfHwlRTklQTIlOTAlRTUlOTIlOEMlRTUlOUIlQUQlMjAlRTUlOEMlOTclRTQlQkElQUN8ZW58MXwwfHx8MTc3Mzg4MzM5NHww&ixlib=rb-4.1.0&q=80&w=1080,北京颐和园,True,False,False
北京-八达岭长城-0679,八达岭长城,北京,历史文化,great wall | badaling | 长城,八达岭长城,,,False,True,False,Great Wall Beijing China,https://images.unsplash.com/photo-1724076202408-bfa5548a2b1d?crop=entropy&cs=tinysrgb&fit=max&fm=jpg&ixid=M3w4NTgxMzd8MHwxfHNlYXJjaHw2fHxHcmVhdCUyMFdhbGwlMjBCZWlqaW5nJTIwQ2hpbmF8ZW58MXwwfHx8MTc3Mzg4MzQwOHww&ixlib=rb-4.1.0&q=80&w=1080,"The Great Wall is a must for a China tour, while Badaling is a must for a Great Wall tour. Badaling Great Wall in Beijing is the best-preserved and most complete section among the various, hence the most popular, even among world leaders.",True,False,False
上海-外滩-0680,外滩,上海,城市风光,the bund | waitan | 外滩,外滩,https://images.unsplash.com/photo-1718427778421-ad719f965738?crop=entropy&cs=tinysrgb&fit=max&fm=jpg&ixid=M3w4NTgxMzd8MHwxfHNlYXJjaHwxfHwlRTUlQTQlOTYlRTYlQkIlQTl8ZW58MXwwfHx8MTc3Mzg0NTAzNnww&ixlib=rb-4.1.0&q=80&w=1080,a view of a large city with tall buildings,False,False,True,外滩 Shanghai,https://images.unsplash.com/photo-1592311800804-1b72948c1a99?crop=entropy&cs=tinysrgb&fit=max&fm=jpg&ixid=M3w4NTgxMzd8MHwxfHNlYXJjaHwyfHwlRTUlQTQlOTYlRTYlQkIlQTklMjBTaGFuZ2hhaXxlbnwxfDB8fHwxNzczODQ2NTM1fDA&ixlib=rb-4.1.0&q=80&w=1080,"The Bund
外滩",True,False,False
上海-东方明珠-0681,东方明珠,上海,城市风光,oriental pearl | 东方明珠,东方明珠,https://images.unsplash.com/photo-1508742066636-3b9fb738ee0e?crop=entropy&cs=tinysrgb&fit=max&fm=jpg&ixid=M3w4NTgxMzd8MHwxfHNlYXJjaHwxfHwlRTQlQjglOUMlRTYlOTYlQjklRTYlOTglOEUlRTclOEYlQTB8ZW58MXwwfHx8MTc3Mzg4MzQxOHww&ixlib=rb-4.1.0&q=80&w=1080,body of water beside city,False,False,True,东方明珠 Shanghai,https://images.unsplash.com/photo-1509189692239-6c2bb03eac8a?crop=entropy&cs=tinysrgb&fit=max&fm=jpg&ixid=M3w4NTgxMzd8MHwxfHNlYXJjaHwxMHx8JUU0JUI4JTlDJUU2JTk2JUI5JUU2JTk4JThFJUU3JThGJUEwJTIwU2hhbmdoYWl8ZW58MXwwfHx8MTc3Mzg4MzQyMXww&ixlib=rb-4.1.0&q=80&w=1080,上海东方明珠,True,False,False
上海-迪士尼乐园-0682,迪士尼乐园,上海,休闲,disney | disneyland | 迪士尼,迪士尼乐园,,,False,True,False,迪士尼乐园 Shanghai China,https://images.unsplash.com/photo-1506660889812-c5ba0c735d91?crop=entropy&cs=tinysrgb&fit=max&fm=jpg&ixid=M3w4NTgxMzd8MHwxfHNlYXJjaHw5fHwlRTglQkYlQUElRTUlQTMlQUIlRTUlQjAlQkMlRTQlQjklOTAlRTUlOUIlQUQlMjBTaGFuZ2hhaSUyMENoaW5hfGVufDF8MHx8fDE3NzM4ODM0Mjh8MA&ixlib=rb-4.1.0&q=80&w=1080,"2017 is Shanghai Big World 100 years
2017是上海大世界建成100周年",False,False,True
广州-广州塔-0683,广州塔,广州,城市风光,canton tower | guangzhou tower | 广州塔,广州塔,https://images.unsplash.com/photo-1530021382214-1fc6e31513d5?crop=entropy&cs=tinysrgb&fit=max&fm=jpg&ixid=M3w4NTgxMzd8MHwxfHNlYXJjaHwxfHwlRTUlQjklQkYlRTUlQjclOUUlRTUlQTElOTR8ZW58MXwwfHx8MTc3Mzg4MzQzMXww&ixlib=rb-4.1.0&q=80&w=1080,Guangzhou Tower,True,False,False,pagoda,https://images.unsplash.com/photo-1528164344705-47542687000d?crop=entropy&cs=tinysrgb&fit=max&fm=jpg&ixid=M3w4NTgxMzd8MHwxfHNlYXJjaHwyfHxwYWdvZGF8ZW58MXwwfHx8MTc3Mzg4MzQzN3ww&ixlib=rb-4.1.0&q=80&w=1080,Chureito Pagoda,False,False,True
广州-陈家祠-0684,陈家祠,广州,历史文化,chen clan | chen clan academy | 陈家祠,陈家祠,,,False,True,False,陈家祠 Guangzhou,https://images.unsplash.com/photo-1730053344240-d18b816a764d?crop=entropy&cs=tinysrgb&fit=max&fm=jpg&ixid=M3w4NTgxMzd8MHwxfHNlYXJjaHw0fHwlRTklOTklODglRTUlQUUlQjYlRTclQTUlQTAlMjBHdWFuZ3pob3V8ZW58MXwwfHx8MTc3Mzg4MzQ0M3ww&ixlib=rb-4.1.0&q=80&w=1080,a hidden gem in Guangzhou 🍃,False,False,True
广州-珠江夜游-0685,珠江夜游,广州,城市风光,pearl river | 珠江,珠江夜游,https://images.unsplash.com/photo-1560951803-8d0d8c876bff?crop=entropy&cs=tinysrgb&fit=max&fm=jpg&ixid=M3w4NTgxMzd8MHwxfHNlYXJjaHwxfHwlRTclOEYlQTAlRTYlQjElOUYlRTUlQTQlOUMlRTYlQjglQjh8ZW58MXwwfHx8MTc3Mzg4MzQ0N3ww&ixlib=rb-4.1.0&q=80&w=1080,body of water near buildings,False,False,True,珠江夜游 Guangzhou,https://images.unsplash.com/photo-1535391879778-3bae11d29a24?crop=entropy&cs=tinysrgb&fit=max&fm=jpg&ixid=M3w4NTgxMzd8MHwxfHNlYXJjaHwyfHwlRTclOEYlQTAlRTYlQjElOUYlRTUlQTQlOUMlRTYlQjglQjglMjBHdWFuZ3pob3V8ZW58MXwwfHx8MTc3Mzg4MzQ1MHww&ixlib=rb-4.1.0&q=80&w=1080,night mood in guangzhou,False,False,True
深圳-世界之窗-0686,世界之窗,深圳,休闲,window of the world | 世界之窗,世界之窗,https://images.unsplash.com/photo-1707813130463-31d492f072ea?crop=entropy&cs=tinysrgb&fit=max&fm=jpg&ixid=M3w4NTgxMzd8MHwxfHNlYXJjaHwxfHwlRTQlQjglOTYlRTclOTUlOEMlRTQlQjklOEIlRTclQUElOTd8ZW58MXwwfHx8MTc3Mzg4MzQ1M3ww&ixlib=rb-4.1.0&q=80&w=1080,a very large and colorful object with many lights,False,False,True,世界之窗 Shenzhen China landmark,https://images.unsplash.com/photo-1684745339800-c4dcd382da98?crop=entropy&cs=tinysrgb&fit=max&fm=jpg&ixid=M3w4NTgxMzd8MHwxfHNlYXJjaHw3fHwlRTQlQjglOTYlRTclOTUlOEMlRTQlQjklOEIlRTclQUElOTclMjBTaGVuemhlbiUyMENoaW5hJTIwbGFuZG1hcmt8ZW58MXwwfHx8MTc3Mzg4MzQ1OXww&ixlib=rb-4.1.0&q=80&w=1080,"Greener Cities. Li Xiang Park is located in the heart of Nanshan District, Shenzhen, facing Shennan Avenue in the north, Nanshan District Committee Building in the south, Kirin Road in the east, and Sunshine Lijing Building Group in the west, with a total area of 220,000 square meters.",False,False,True
深圳-深圳湾公园-0687,深圳湾公园,深圳,自然风光,shenzhen bay | 深圳湾,深圳湾公园,https://images.unsplash.com/photo-1651932509246-3a1296cae2f0?crop=entropy&cs=tinysrgb&fit=max&fm=jpg&ixid=M3w4NTgxMzd8MHwxfHNlYXJjaHwxfHwlRTYlQjclQjElRTUlOUMlQjMlRTYlQjklQkUlRTUlODUlQUMlRTUlOUIlQUR8ZW58MXwwfHx8MTc3Mzg4MzQ2MHww&ixlib=rb-4.1.0&q=80&w=1080,Birds  in 深圳湾公园,True,False,False,,,,False,True,False
成都-锦里-0688,锦里,成都,历史文化,jinli | 锦里,锦里,,,False,True,False,,,,False,True,False
成都-宽窄巷子-0689,宽窄巷子,成都,历史文化,kuanzhai alley | 宽窄巷子,宽窄巷子,,,False,True,False,,,,False,True,False
成都-成都大熊猫繁育研究基地-0690,成都大熊猫繁育研究基地,成都,自然风光,panda | chengdu research base | 熊猫,成都大熊猫繁育研究基地,,,False,True,False,Chengdu Research Base of Giant Panda Breeding Chengdu China,https://images.unsplash.com/photo-1504713721722-f73b4ccdfe6a?crop=entropy&cs=tinysrgb&fit=max&fm=jpg&ixid=M3w4NTgxMzd8MHwxfHNlYXJjaHwxMHx8Q2hlbmdkdSUyMFJlc2VhcmNoJTIwQmFzZSUyMG9mJTIwR2lhbnQlMjBQYW5kYSUyMEJyZWVkaW5nJTIwQ2hlbmdkdSUyMENoaW5hfGVufDF8MHx8fDE3NzM4NDY1NDZ8MA&ixlib=rb-4.1.0&q=80&w=1080,"A giant panda cub chilling in a tree at the Chengdu Research Base of Giant Panda Breeding. It was such a fun visit, with the cubs running around and playing with each other and the adults gluttonously eating loads of bamboo.",True,False,False
杭州-西湖-0691,西湖,杭州,自然风光,west lake | 西湖,西湖,,,False,True,False,,,,False,True,False
杭州-灵隐寺-0692,灵隐寺,杭州,历史文化,lingyin | lingyin temple | 灵隐寺,灵隐寺,,,False,True,False,,,,False,True,False
南京-夫子庙-0693,夫子庙,南京,历史文化,confucius temple | 夫子庙,夫子庙,,,False,True,False,,,,False,True,False
南京-中山陵-0694,中山陵,南京,历史文化,sun yat-sen mausoleum | 中山陵,中山陵,,,False,True,False,,,,False,True,False
苏州-拙政园-0695,拙政园,苏州,历史文化,humble administrator's garden | 拙政园,拙政园,,,False,True,False,,,,False,True,False
苏州-平江路-0696,平江路,苏州,历史文化,pingjiang road | 平江路,平江路,,,False,True,False,,,,False,True,False
武汉-黄鹤楼-0697,黄鹤楼,武汉,历史文化,yellow crane tower | 黄鹤楼,黄鹤楼,,,False,True,False,,,,False,True,False
武汉-东湖-0698,东湖,武汉,自然风光,east lake | donghu | 东湖,东湖,,,False,True,False,,,,False,True,False
西安-兵马俑-0699,兵马俑,西安,历史文化,terracotta | terracotta army | 兵马俑,兵马俑,,,False,True,False,Terracotta Army,https://images.unsplash.com/photo-1527922891260-918d42a4efc8?crop=entropy&cs=tinysrgb&fit=max&fm=jpg&ixid=M3w4NTgxMzd8MHwxfHNlYXJjaHwxfHxUZXJyYWNvdHRhJTIwQXJteXxlbnwxfDB8fHwxNzczODQ2NTQwfDA&ixlib=rb-4.1.0&q=80&w=1080,"In today’s world of easy access information and increasingly amazing imagery you can often be left underwhelmed when seeing something in reality, It was a plesant surprise to find the Terracotta Army did not just live up to the hype but thoroughly exceeded it, a truly awe inspiring site that they have only just scratched the surface of  

The scale of the site and in particular what is still under the ground is mind bending",True,False,False
西安-大雁塔-0700,大雁塔,西安,历史文化,giant wild goose pagoda | 大雁塔,大雁塔,,,False,True,False,,,,False,True,False
北京-故宫-0701,故宫,北京,历史文化,forbidden city | palace museum | 故宫 | 紫禁城,故宫,https://images.unsplash.com/photo-1636550230446-7632d97d1e77?crop=entropy&cs=tinysrgb&fit=max&fm=jpg&ixid=M3w4NTgxMzd8MHwxfHNlYXJjaHwxfHwlRTYlOTUlODUlRTUlQUUlQUJ8ZW58MXwwfHx8MTc3Mzg0NTAyM3ww&ixlib=rb-4.1.0&q=80&w=1080,故宫雪景,True,False,False,故宫 北京,https://images.unsplash.com/photo-1620826502427-9e8faa18d3f0?crop=entropy&cs=tinysrgb&fit=max&fm=jpg&ixid=M3w4NTgxMzd8MHwxfHNlYXJjaHwxMHx8JUU2JTk1JTg1JUU1JUFFJUFCJTIwJUU1JThDJTk3JUU0JUJBJUFDfGVufDF8MHx8fDE3NzM4NDUwMjd8MA&ixlib=rb-4.1.0&q=80&w=1080,北京故宫博物院,True,False,False
北京-天坛-0702,天坛,北京,历史文化,temple of heaven | 天坛,天坛,https://images.unsplash.com/photo-1584872589930-e99fe5bf4408?crop=entropy&cs=tinysrgb&fit=max&fm=jpg&ixid=M3w4NTgxMzd8MHwxfHNlYXJjaHwxfHwlRTUlQTQlQTklRTUlOUQlOUJ8ZW58MXwwfHx8MTc3Mzg0NTAzMHww&ixlib=rb-4.1.0&q=80&w=1080,"The Temple of Heaven, Beijing, China.",True,False,False,天坛 北京,https://images.unsplash.com/photo-1620033370499-c85e0122f1fc?crop=entropy&cs=tinysrgb&fit=max&fm=jpg&ixid=M3w4NTgxMzd8MHwxfHNlYXJjaHw3fHwlRTUlQTQlQTklRTUlOUQlOUIlMjAlRTUlOEMlOTclRTQlQkElQUN8ZW58MXwwfHx8MTc3Mzg0NTAzNHww&ixlib=rb-4.1.0&q=80&w=1080,北京天坛公园,True,False,False
北京-颐和园-0703,颐和园,北京,历史文化,summer palace | 颐和园,颐和园,https://images.unsplash.com/photo-1669382485231-ef86d9fa986f?crop=entropy&cs=tinysrgb&fit=max&fm=jpg&ixid=M3w4NTgxMzd8MHwxfHNlYXJjaHwxfHwlRTklQTIlOTAlRTUlOTIlOEMlRTUlOUIlQUR8ZW58MXwwfHx8MTc3Mzg4MzM5M3ww&ixlib=rb-4.1.0&q=80&w=1080,北京颐和园,True,False,False,颐和园 北京,https://images.unsplash.com/photo-1620822102340-47c32da50fef?crop=entropy&cs=tinysrgb&fit=max&fm=jpg&ixid=M3w4NTgxMzd8MHwxfHNlYXJjaHwyfHwlRTklQTIlOTAlRTUlOTIlOEMlRTUlOUIlQUQlMjAlRTUlOEMlOTclRTQlQkElQUN8ZW58MXwwfHx8MTc3Mzg4MzM5NHww&ixlib=rb-4.1.0&q=80&w=1080,北京颐和园,True,False,False
北京-八达岭长城-0704,八达岭长城,北京,历史文化,great wall | badaling | 长城,八达岭长城,,,False,True,False,Great Wall Beijing China,https://images.unsplash.com/photo-1724076202408-bfa5548a2b1d?crop=entropy&cs=tinysrgb&fit=max&fm=jpg&ixid=M3w4NTgxMzd8MHwxfHNlYXJjaHw2fHxHcmVhdCUyMFdhbGwlMjBCZWlqaW5nJTIwQ2hpbmF8ZW58MXwwfHx8MTc3Mzg4MzQwOHww&ixlib=rb-4.1.0&q=80&w=1080,"The Great Wall is a must for a China tour, while Badaling is a must for a Great Wall tour. Badaling Great Wall in Beijing is the best-preserved and most complete section among the various, hence the most popular, even among world leaders.",True,False,False
上海-外滩-0705,外滩,上海,城市风光,the bund | waitan | 外滩,外滩,https://images.unsplash.com/photo-1718427778421-ad719f965738?crop=entropy&cs=tinysrgb&fit=max&fm=jpg&ixid=M3w4NTgxMzd8MHwxfHNlYXJjaHwxfHwlRTUlQTQlOTYlRTYlQkIlQTl8ZW58MXwwfHx8MTc3Mzg0NTAzNnww&ixlib=rb-4.1.0&q=80&w=1080,a view of a large city with tall buildings,False,False,True,外滩 Shanghai,https://images.unsplash.com/photo-1592311800804-1b72948c1a99?crop=entropy&cs=tinysrgb&fit=max&fm=jpg&ixid=M3w4NTgxMzd8MHwxfHNlYXJjaHwyfHwlRTUlQTQlOTYlRTYlQkIlQTklMjBTaGFuZ2hhaXxlbnwxfDB8fHwxNzczODQ2NTM1fDA&ixlib=rb-4.1.0&q=80&w=1080,"The Bund
外滩",True,False,False
上海-东方明珠-0706,东方明珠,上海,城市风光,oriental pearl | 东方明珠,东方明珠,https://images.unsplash.com/photo-1508742066636-3b9fb738ee0e?crop=entropy&cs=tinysrgb&fit=max&fm=jpg&ixid=M3w4NTgxMzd8MHwxfHNlYXJjaHwxfHwlRTQlQjglOUMlRTYlOTYlQjklRTYlOTglOEUlRTclOEYlQTB8ZW58MXwwfHx8MTc3Mzg4MzQxOHww&ixlib=rb-4.1.0&q=80&w=1080,body of water beside city,False,False,True,东方明珠 Shanghai,https://images.unsplash.com/photo-1509189692239-6c2bb03eac8a?crop=entropy&cs=tinysrgb&fit=max&fm=jpg&ixid=M3w4NTgxMzd8MHwxfHNlYXJjaHwxMHx8JUU0JUI4JTlDJUU2JTk2JUI5JUU2JTk4JThFJUU3JThGJUEwJTIwU2hhbmdoYWl8ZW58MXwwfHx8MTc3Mzg4MzQyMXww&ixlib=rb-4.1.0&q=80&w=1080,上海东方明珠,True,False,False
上海-迪士尼乐园-0707,迪士尼乐园,上海,休闲,disney | disneyland | 迪士尼,迪士尼乐园,,,False,True,False,迪士尼乐园 Shanghai China,https://images.unsplash.com/photo-1506660889812-c5ba0c735d91?crop=entropy&cs=tinysrgb&fit=max&fm=jpg&ixid=M3w4NTgxMzd8MHwxfHNlYXJjaHw5fHwlRTglQkYlQUElRTUlQTMlQUIlRTUlQjAlQkMlRTQlQjklOTAlRTUlOUIlQUQlMjBTaGFuZ2hhaSUyMENoaW5hfGVufDF8MHx8fDE3NzM4ODM0Mjh8MA&ixlib=rb-4.1.0&q=80&w=1080,"2017 is Shanghai Big World 100 years
2017是上海大世界建成100周年",False,False,True
广州-广州塔-0708,广州塔,广州,城市风光,canton tower | guangzhou tower | 广州塔,广州塔,https://images.unsplash.com/photo-1530021382214-1fc6e31513d5?crop=entropy&cs=tinysrgb&fit=max&fm=jpg&ixid=M3w4NTgxMzd8MHwxfHNlYXJjaHwxfHwlRTUlQjklQkYlRTUlQjclOUUlRTUlQTElOTR8ZW58MXwwfHx8MTc3Mzg4MzQzMXww&ixlib=rb-4.1.0&q=80&w=1080,Guangzhou Tower,True,False,False,pagoda,https://images.unsplash.com/photo-1528164344705-47542687000d?crop=entropy&cs=tinysrgb&fit=max&fm=jpg&ixid=M3w4NTgxMzd8MHwxfHNlYXJjaHwyfHxwYWdvZGF8ZW58MXwwfHx8MTc3Mzg4MzQzN3ww&ixlib=rb-4.1.0&q=80&w=1080,Chureito Pagoda,False,False,True
广州-陈家祠-0709,陈家祠,广州,历史文化,chen clan | chen clan academy | 陈家祠,陈家祠,,,False,True,False,陈家祠 Guangzhou,https://images.unsplash.com/photo-1730053344240-d18b816a764d?crop=entropy&cs=tinysrgb&fit=max&fm=jpg&ixid=M3w4NTgxMzd8MHwxfHNlYXJjaHw0fHwlRTklOTklODglRTUlQUUlQjYlRTclQTUlQTAlMjBHdWFuZ3pob3V8ZW58MXwwfHx8MTc3Mzg4MzQ0M3ww&ixlib=rb-4.1.0&q=80&w=1080,a hidden gem in Guangzhou 🍃,False,False,True
广州-珠江夜游-0710,珠江夜游,广州,城市风光,pearl river | 珠江,珠江夜游,https://images.unsplash.com/photo-1560951803-8d0d8c876bff?crop=entropy&cs=tinysrgb&fit=max&fm=jpg&ixid=M3w4NTgxMzd8MHwxfHNlYXJjaHwxfHwlRTclOEYlQTAlRTYlQjElOUYlRTUlQTQlOUMlRTYlQjglQjh8ZW58MXwwfHx8MTc3Mzg4MzQ0N3ww&ixlib=rb-4.1.0&q=80&w=1080,body of water near buildings,False,False,True,珠江夜游 Guangzhou,https://images.unsplash.com/photo-1535391879778-3bae11d29a24?crop=entropy&cs=tinysrgb&fit=max&fm=jpg&ixid=M3w4NTgxMzd8MHwxfHNlYXJjaHwyfHwlRTclOEYlQTAlRTYlQjElOUYlRTUlQTQlOUMlRTYlQjglQjglMjBHdWFuZ3pob3V8ZW58MXwwfHx8MTc3Mzg4MzQ1MHww&ixlib=rb-4.1.0&q=80&w=1080,night mood in guangzhou,False,False,True
深圳-世界之窗-0711,世界之窗,深圳,休闲,window of the world | 世界之窗,世界之窗,https://images.unsplash.com/photo-1707813130463-31d492f072ea?crop=entropy&cs=tinysrgb&fit=max&fm=jpg&ixid=M3w4NTgxMzd8MHwxfHNlYXJjaHwxfHwlRTQlQjglOTYlRTclOTUlOEMlRTQlQjklOEIlRTclQUElOTd8ZW58MXwwfHx8MTc3Mzg4MzQ1M3ww&ixlib=rb-4.1.0&q=80&w=1080,a very large and colorful object with many lights,False,False,True,世界之窗 Shenzhen China landmark,https://images.unsplash.com/photo-1684745339800-c4dcd382da98?crop=entropy&cs=tinysrgb&fit=max&fm=jpg&ixid=M3w4NTgxMzd8MHwxfHNlYXJjaHw3fHwlRTQlQjglOTYlRTclOTUlOEMlRTQlQjklOEIlRTclQUElOTclMjBTaGVuemhlbiUyMENoaW5hJTIwbGFuZG1hcmt8ZW58MXwwfHx8MTc3Mzg4MzQ1OXww&ixlib=rb-4.1.0&q=80&w=1080,"Greener Cities. Li Xiang Park is located in the heart of Nanshan District, Shenzhen, facing Shennan Avenue in the north, Nanshan District Committee Building in the south, Kirin Road in the east, and Sunshine Lijing Building Group in the west, with a total area of 220,000 square meters.",False,False,True
深圳-深圳湾公园-0712,深圳湾公园,深圳,自然风光,shenzhen bay | 深圳湾,深圳湾公园,https://images.unsplash.com/photo-1651932509246-3a1296cae2f0?crop=entropy&cs=tinysrgb&fit=max&fm=jpg&ixid=M3w4NTgxMzd8MHwxfHNlYXJjaHwxfHwlRTYlQjclQjElRTUlOUMlQjMlRTYlQjklQkUlRTUlODUlQUMlRTUlOUIlQUR8ZW58MXwwfHx8MTc3Mzg4MzQ2MHww&ixlib=rb-4.1.0&q=80&w=1080,Birds  in 深圳湾公园,True,False,False,,,,False,True,False
成都-锦里-0713,锦里,成都,历史文化,jinli | 锦里,锦里,,,False,True,False,,,,False,True,False
成都-宽窄巷子-0714,宽窄巷子,成都,历史文化,kuanzhai alley | 宽窄巷子,宽窄巷子,,,False,True,False,,,,False,True,False
成都-成都大熊猫繁育研究基地-0715,成都大熊猫繁育研究基地,成都,自然风光,panda | chengdu research base | 熊猫,成都大熊猫繁育研究基地,,,False,True,False,Chengdu Research Base of Giant Panda Breeding Chengdu China,https://images.unsplash.com/photo-1504713721722-f73b4ccdfe6a?crop=entropy&cs=tinysrgb&fit=max&fm=jpg&ixid=M3w4NTgxMzd8MHwxfHNlYXJjaHwxMHx8Q2hlbmdkdSUyMFJlc2VhcmNoJTIwQmFzZSUyMG9mJTIwR2lhbnQlMjBQYW5kYSUyMEJyZWVkaW5nJTIwQ2hlbmdkdSUyMENoaW5hfGVufDF8MHx8fDE3NzM4NDY1NDZ8MA&ixlib=rb-4.1.0&q=80&w=1080,"A giant panda cub chilling in a tree at the Chengdu Research Base of Giant Panda Breeding. It was such a fun visit, with the cubs running around and playing with each other and the adults gluttonously eating loads of bamboo.",True,False,False
杭州-西湖-0716,西湖,杭州,自然风光,west lake | 西湖,西湖,,,False,True,False,,,,False,True,False
杭州-灵隐寺-0717,灵隐寺,杭州,历史文化,lingyin | lingyin temple | 灵隐寺,灵隐寺,,,False,True,False,,,,False,True,False
南京-夫子庙-0718,夫子庙,南京,历史文化,confucius temple | 夫子庙,夫子庙,,,False,True,False,,,,False,True,False
南京-中山陵-0719,中山陵,南京,历史文化,sun yat-sen mausoleum | 中山陵,中山陵,,,False,True,False,,,,False,True,False
苏州-拙政园-0720,拙政园,苏州,历史文化,humble administrator's garden | 拙政园,拙政园,,,False,True,False,,,,False,True,False
苏州-平江路-0721,平江路,苏州,历史文化,pingjiang road | 平江路,平江路,,,False,True,False,,,,False,True,False
武汉-黄鹤楼-0722,黄鹤楼,武汉,历史文化,yellow crane tower | 黄鹤楼,黄鹤楼,,,False,True,False,,,,False,True,False
武汉-东湖-0723,东湖,武汉,自然风光,east lake | donghu | 东湖,东湖,,,False,True,False,,,,False,True,False
西安-兵马俑-0724,兵马俑,西安,历史文化,terracotta | terracotta army | 兵马俑,兵马俑,,,False,True,False,Terracotta Army,https://images.unsplash.com/photo-1527922891260-918d42a4efc8?crop=entropy&cs=tinysrgb&fit=max&fm=jpg&ixid=M3w4NTgxMzd8MHwxfHNlYXJjaHwxfHxUZXJyYWNvdHRhJTIwQXJteXxlbnwxfDB8fHwxNzczODQ2NTQwfDA&ixlib=rb-4.1.0&q=80&w=1080,"In today’s world of easy access information and increasingly amazing imagery you can often be left underwhelmed when seeing something in reality, It was a plesant surprise to find the Terracotta Army did not just live up to the hype but thoroughly exceeded it, a truly awe inspiring site that they have only just scratched the surface of  

The scale of the site and in particular what is still under the ground is mind bending",True,False,False
西安-大雁塔-0725,大雁塔,西安,历史文化,giant wild goose pagoda | 大雁塔,大雁塔,,,False,True,False,,,,False,True,False
北京-故宫-0726,故宫,北京,历史文化,forbidden city | palace museum | 故宫 | 紫禁城,故宫,https://images.unsplash.com/photo-1636550230446-7632d97d1e77?crop=entropy&cs=tinysrgb&fit=max&fm=jpg&ixid=M3w4NTgxMzd8MHwxfHNlYXJjaHwxfHwlRTYlOTUlODUlRTUlQUUlQUJ8ZW58MXwwfHx8MTc3Mzg0NTAyM3ww&ixlib=rb-4.1.0&q=80&w=1080,故宫雪景,True,False,False,故宫 北京,https://images.unsplash.com/photo-1620826502427-9e8faa18d3f0?crop=entropy&cs=tinysrgb&fit=max&fm=jpg&ixid=M3w4NTgxMzd8MHwxfHNlYXJjaHwxMHx8JUU2JTk1JTg1JUU1JUFFJUFCJTIwJUU1JThDJTk3JUU0JUJBJUFDfGVufDF8MHx8fDE3NzM4NDUwMjd8MA&ixlib=rb-4.1.0&q=80&w=1080,北京故宫博物院,True,False,False
北京-天坛-0727,天坛,北京,历史文化,temple of heaven | 天坛,天坛,https://images.unsplash.com/photo-1584872589930-e99fe5bf4408?crop=entropy&cs=tinysrgb&fit=max&fm=jpg&ixid=M3w4NTgxMzd8MHwxfHNlYXJjaHwxfHwlRTUlQTQlQTklRTUlOUQlOUJ8ZW58MXwwfHx8MTc3Mzg0NTAzMHww&ixlib=rb-4.1.0&q=80&w=1080,"The Temple of Heaven, Beijing, China.",True,False,False,天坛 北京,https://images.unsplash.com/photo-1620033370499-c85e0122f1fc?crop=entropy&cs=tinysrgb&fit=max&fm=jpg&ixid=M3w4NTgxMzd8MHwxfHNlYXJjaHw3fHwlRTUlQTQlQTklRTUlOUQlOUIlMjAlRTUlOEMlOTclRTQlQkElQUN8ZW58MXwwfHx8MTc3Mzg0NTAzNHww&ixlib=rb-4.1.0&q=80&w=1080,北京天坛公园,True,False,False
北京-颐和园-0728,颐和园,北京,历史文化,summer palace | 颐和园,颐和园,https://images.unsplash.com/photo-1669382485231-ef86d9fa986f?crop=entropy&cs=tinysrgb&fit=max&fm=jpg&ixid=M3w4NTgxMzd8MHwxfHNlYXJjaHwxfHwlRTklQTIlOTAlRTUlOTIlOEMlRTUlOUIlQUR8ZW58MXwwfHx8MTc3Mzg4MzM5M3ww&ixlib=rb-4.1.0&q=80&w=1080,北京颐和园,True,False,False,颐和园 北京,https://images.unsplash.com/photo-1620822102340-47c32da50fef?crop=entropy&cs=tinysrgb&fit=max&fm=jpg&ixid=M3w4NTgxMzd8MHwxfHNlYXJjaHwyfHwlRTklQTIlOTAlRTUlOTIlOEMlRTUlOUIlQUQlMjAlRTUlOEMlOTclRTQlQkElQUN8ZW58MXwwfHx8MTc3Mzg4MzM5NHww&ixlib=rb-4.1.0&q=80&w=1080,北京颐和园,True,False,False
北京-八达岭长城-0729,八达岭长城,北京,历史文化,great wall | badaling | 长城,八达岭长城,,,False,True,False,Great Wall Beijing China,https://images.unsplash.com/photo-1724076202408-bfa5548a2b1d?crop=entropy&cs=tinysrgb&fit=max&fm=jpg&ixid=M3w4NTgxMzd8MHwxfHNlYXJjaHw2fHxHcmVhdCUyMFdhbGwlMjBCZWlqaW5nJTIwQ2hpbmF8ZW58MXwwfHx8MTc3Mzg4MzQwOHww&ixlib=rb-4.1.0&q=80&w=1080,"The Great Wall is a must for a China tour, while Badaling is a must for a Great Wall tour. Badaling Great Wall in Beijing is the best-preserved and most complete section among the various, hence the most popular, even among world leaders.",True,False,False
上海-外滩-0730,外滩,上海,城市风光,the bund | waitan | 外滩,外滩,https://images.unsplash.com/photo-1718427778421-ad719f965738?crop=entropy&cs=tinysrgb&fit=max&fm=jpg&ixid=M3w4NTgxMzd8MHwxfHNlYXJjaHwxfHwlRTUlQTQlOTYlRTYlQkIlQTl8ZW58MXwwfHx8MTc3Mzg0NTAzNnww&ixlib=rb-4.1.0&q=80&w=1080,a view of a large city with tall buildings,False,False,True,外滩 Shanghai,https://images.unsplash.com/photo-1592311800804-1b72948c1a99?crop=entropy&cs=tinysrgb&fit=max&fm=jpg&ixid=M3w4NTgxMzd8MHwxfHNlYXJjaHwyfHwlRTUlQTQlOTYlRTYlQkIlQTklMjBTaGFuZ2hhaXxlbnwxfDB8fHwxNzczODQ2NTM1fDA&ixlib=rb-4.1.0&q=80&w=1080,"The Bund
外滩",True,False,False
上海-东方明珠-0731,东方明珠,上海,城市风光,oriental pearl | 东方明珠,东方明珠,https://images.unsplash.com/photo-1508742066636-3b9fb738ee0e?crop=entropy&cs=tinysrgb&fit=max&fm=jpg&ixid=M3w4NTgxMzd8MHwxfHNlYXJjaHwxfHwlRTQlQjglOUMlRTYlOTYlQjklRTYlOTglOEUlRTclOEYlQTB8ZW58MXwwfHx8MTc3Mzg4MzQxOHww&ixlib=rb-4.1.0&q=80&w=1080,body of water beside city,False,False,True,东方明珠 Shanghai,https://images.unsplash.com/photo-1509189692239-6c2bb03eac8a?crop=entropy&cs=tinysrgb&fit=max&fm=jpg&ixid=M3w4NTgxMzd8MHwxfHNlYXJjaHwxMHx8JUU0JUI4JTlDJUU2JTk2JUI5JUU2JTk4JThFJUU3JThGJUEwJTIwU2hhbmdoYWl8ZW58MXwwfHx8MTc3Mzg4MzQyMXww&ixlib=rb-4.1.0&q=80&w=1080,上海东方明珠,True,False,False
上海-迪士尼乐园-0732,迪士尼乐园,上海,休闲,disney | disneyland | 迪士尼,迪士尼乐园,,,False,True,False,迪士尼乐园 Shanghai China,https://images.unsplash.com/photo-1506660889812-c5ba0c735d91?crop=entropy&cs=tinysrgb&fit=max&fm=jpg&ixid=M3w4NTgxMzd8MHwxfHNlYXJjaHw5fHwlRTglQkYlQUElRTUlQTMlQUIlRTUlQjAlQkMlRTQlQjklOTAlRTUlOUIlQUQlMjBTaGFuZ2hhaSUyMENoaW5hfGVufDF8MHx8fDE3NzM4ODM0Mjh8MA&ixlib=rb-4.1.0&q=80&w=1080,"2017 is Shanghai Big World 100 years
2017是上海大世界建成100周年",False,False,True
广州-广州塔-0733,广州塔,广州,城市风光,canton tower | guangzhou tower | 广州塔,广州塔,https://images.unsplash.com/photo-1530021382214-1fc6e31513d5?crop=entropy&cs=tinysrgb&fit=max&fm=jpg&ixid=M3w4NTgxMzd8MHwxfHNlYXJjaHwxfHwlRTUlQjklQkYlRTUlQjclOUUlRTUlQTElOTR8ZW58MXwwfHx8MTc3Mzg4MzQzMXww&ixlib=rb-4.1.0&q=80&w=1080,Guangzhou Tower,True,False,False,pagoda,https://images.unsplash.com/photo-1528164344705-47542687000d?crop=entropy&cs=tinysrgb&fit=max&fm=jpg&ixid=M3w4NTgxMzd8MHwxfHNlYXJjaHwyfHxwYWdvZGF8ZW58MXwwfHx8MTc3Mzg4MzQzN3ww&ixlib=rb-4.1.0&q=80&w=1080,Chureito Pagoda,False,False,True
广州-陈家祠-0734,陈家祠,广州,历史文化,chen clan | chen clan academy | 陈家祠,陈家祠,,,False,True,False,陈家祠 Guangzhou,https://images.unsplash.com/photo-1730053344240-d18b816a764d?crop=entropy&cs=tinysrgb&fit=max&fm=jpg&ixid=M3w4NTgxMzd8MHwxfHNlYXJjaHw0fHwlRTklOTklODglRTUlQUUlQjYlRTclQTUlQTAlMjBHdWFuZ3pob3V8ZW58MXwwfHx8MTc3Mzg4MzQ0M3ww&ixlib=rb-4.1.0&q=80&w=1080,a hidden gem in Guangzhou 🍃,False,False,True
广州-珠江夜游-0735,珠江夜游,广州,城市风光,pearl river | 珠江,珠江夜游,https://images.unsplash.com/photo-1560951803-8d0d8c876bff?crop=entropy&cs=tinysrgb&fit=max&fm=jpg&ixid=M3w4NTgxMzd8MHwxfHNlYXJjaHwxfHwlRTclOEYlQTAlRTYlQjElOUYlRTUlQTQlOUMlRTYlQjglQjh8ZW58MXwwfHx8MTc3Mzg4MzQ0N3ww&ixlib=rb-4.1.0&q=80&w=1080,body of water near buildings,False,False,True,珠江夜游 Guangzhou,https://images.unsplash.com/photo-1535391879778-3bae11d29a24?crop=entropy&cs=tinysrgb&fit=max&fm=jpg&ixid=M3w4NTgxMzd8MHwxfHNlYXJjaHwyfHwlRTclOEYlQTAlRTYlQjElOUYlRTUlQTQlOUMlRTYlQjglQjglMjBHdWFuZ3pob3V8ZW58MXwwfHx8MTc3Mzg4MzQ1MHww&ixlib=rb-4.1.0&q=80&w=1080,night mood in guangzhou,False,False,True
深圳-世界之窗-0736,世界之窗,深圳,休闲,window of the world | 世界之窗,世界之窗,https://images.unsplash.com/photo-1707813130463-31d492f072ea?crop=entropy&cs=tinysrgb&fit=max&fm=jpg&ixid=M3w4NTgxMzd8MHwxfHNlYXJjaHwxfHwlRTQlQjglOTYlRTclOTUlOEMlRTQlQjklOEIlRTclQUElOTd8ZW58MXwwfHx8MTc3Mzg4MzQ1M3ww&ixlib=rb-4.1.0&q=80&w=1080,a very large and colorful object with many lights,False,False,True,世界之窗 Shenzhen China landmark,https://images.unsplash.com/photo-1684745339800-c4dcd382da98?crop=entropy&cs=tinysrgb&fit=max&fm=jpg&ixid=M3w4NTgxMzd8MHwxfHNlYXJjaHw3fHwlRTQlQjglOTYlRTclOTUlOEMlRTQlQjklOEIlRTclQUElOTclMjBTaGVuemhlbiUyMENoaW5hJTIwbGFuZG1hcmt8ZW58MXwwfHx8MTc3Mzg4MzQ1OXww&ixlib=rb-4.1.0&q=80&w=1080,"Greener Cities. Li Xiang Park is located in the heart of Nanshan District, Shenzhen, facing Shennan Avenue in the north, Nanshan District Committee Building in the south, Kirin Road in the east, and Sunshine Lijing Building Group in the west, with a total area of 220,000 square meters.",False,False,True
深圳-深圳湾公园-0737,深圳湾公园,深圳,自然风光,shenzhen bay | 深圳湾,深圳湾公园,https://images.unsplash.com/photo-1651932509246-3a1296cae2f0?crop=entropy&cs=tinysrgb&fit=max&fm=jpg&ixid=M3w4NTgxMzd8MHwxfHNlYXJjaHwxfHwlRTYlQjclQjElRTUlOUMlQjMlRTYlQjklQkUlRTUlODUlQUMlRTUlOUIlQUR8ZW58MXwwfHx8MTc3Mzg4MzQ2MHww&ixlib=rb-4.1.0&q=80&w=1080,Birds  in 深圳湾公园,True,False,False,,,,False,True,False
成都-锦里-0738,锦里,成都,历史文化,jinli | 锦里,锦里,,,False,True,False,,,,False,True,False
成都-宽窄巷子-0739,宽窄巷子,成都,历史文化,kuanzhai alley | 宽窄巷子,宽窄巷子,,,False,True,False,,,,False,True,False
成都-成都大熊猫繁育研究基地-0740,成都大熊猫繁育研究基地,成都,自然风光,panda | chengdu research base | 熊猫,成都大熊猫繁育研究基地,,,False,True,False,Chengdu Research Base of Giant Panda Breeding Chengdu China,https://images.unsplash.com/photo-1504713721722-f73b4ccdfe6a?crop=entropy&cs=tinysrgb&fit=max&fm=jpg&ixid=M3w4NTgxMzd8MHwxfHNlYXJjaHwxMHx8Q2hlbmdkdSUyMFJlc2VhcmNoJTIwQmFzZSUyMG9mJTIwR2lhbnQlMjBQYW5kYSUyMEJyZWVkaW5nJTIwQ2hlbmdkdSUyMENoaW5hfGVufDF8MHx8fDE3NzM4NDY1NDZ8MA&ixlib=rb-4.1.0&q=80&w=1080,"A giant panda cub chilling in a tree at the Chengdu Research Base of Giant Panda Breeding. It was such a fun visit, with the cubs running around and playing with each other and the adults gluttonously eating loads of bamboo.",True,False,False
杭州-西湖-0741,西湖,杭州,自然风光,west lake | 西湖,西湖,,,False,True,False,,,,False,True,False
杭州-灵隐寺-0742,灵隐寺,杭州,历史文化,lingyin | lingyin temple | 灵隐寺,灵隐寺,,,False,True,False,,,,False,True,False
南京-夫子庙-0743,夫子庙,南京,历史文化,confucius temple | 夫子庙,夫子庙,,,False,True,False,,,,False,True,False
南京-中山陵-0744,中山陵,南京,历史文化,sun yat-sen mausoleum | 中山陵,中山陵,,,False,True,False,,,,False,True,False
苏州-拙政园-0745,拙政园,苏州,历史文化,humble administrator's garden | 拙政园,拙政园,,,False,True,False,,,,False,True,False
苏州-平江路-0746,平江路,苏州,历史文化,pingjiang road | 平江路,平江路,,,False,True,False,,,,False,True,False
武汉-黄鹤楼-0747,黄鹤楼,武汉,历史文化,yellow crane tower | 黄鹤楼,黄鹤楼,,,False,True,False,,,,False,True,False
武汉-东湖-0748,东湖,武汉,自然风光,east lake | donghu | 东湖,东湖,,,False,True,False,,,,False,True,False
西安-兵马俑-0749,兵马俑,西安,历史文化,terracotta | terracotta army | 兵马俑,兵马俑,,,False,True,False,Terracotta Army,https://images.unsplash.com/photo-1527922891260-918d42a4efc8?crop=entropy&cs=tinysrgb&fit=max&fm=jpg&ixid=M3w4NTgxMzd8MHwxfHNlYXJjaHwxfHxUZXJyYWNvdHRhJTIwQXJteXxlbnwxfDB8fHwxNzczODQ2NTQwfDA&ixlib=rb-4.1.0&q=80&w=1080,"In today’s world of easy access information and increasingly amazing imagery you can often be left underwhelmed when seeing something in reality, It was a plesant surprise to find the Terracotta Army did not just live up to the hype but thoroughly exceeded it, a truly awe inspiring site that they have only just scratched the surface of  

The scale of the site and in particular what is still under the ground is mind bending",True,False,False
西安-大雁塔-0750,大雁塔,西安,历史文化,giant wild goose pagoda | 大雁塔,大雁塔,,,False,True,False,,,,False,True,False
北京-故宫-0751,故宫,北京,历史文化,forbidden city | palace museum | 故宫 | 紫禁城,故宫,https://images.unsplash.com/photo-1636550230446-7632d97d1e77?crop=entropy&cs=tinysrgb&fit=max&fm=jpg&ixid=M3w4NTgxMzd8MHwxfHNlYXJjaHwxfHwlRTYlOTUlODUlRTUlQUUlQUJ8ZW58MXwwfHx8MTc3Mzg0NTAyM3ww&ixlib=rb-4.1.0&q=80&w=1080,故宫雪景,True,False,False,故宫 北京,https://images.unsplash.com/photo-1620826502427-9e8faa18d3f0?crop=entropy&cs=tinysrgb&fit=max&fm=jpg&ixid=M3w4NTgxMzd8MHwxfHNlYXJjaHwxMHx8JUU2JTk1JTg1JUU1JUFFJUFCJTIwJUU1JThDJTk3JUU0JUJBJUFDfGVufDF8MHx8fDE3NzM4NDUwMjd8MA&ixlib=rb-4.1.0&q=80&w=1080,北京故宫博物院,True,False,False
北京-天坛-0752,天坛,北京,历史文化,temple of heaven | 天坛,天坛,https://images.unsplash.com/photo-1584872589930-e99fe5bf4408?crop=entropy&cs=tinysrgb&fit=max&fm=jpg&ixid=M3w4NTgxMzd8MHwxfHNlYXJjaHwxfHwlRTUlQTQlQTklRTUlOUQlOUJ8ZW58MXwwfHx8MTc3Mzg0NTAzMHww&ixlib=rb-4.1.0&q=80&w=1080,"The Temple of Heaven, Beijing, China.",True,False,False,天坛 北京,https://images.unsplash.com/photo-1620033370499-c85e0122f1fc?crop=entropy&cs=tinysrgb&fit=max&fm=jpg&ixid=M3w4NTgxMzd8MHwxfHNlYXJjaHw3fHwlRTUlQTQlQTklRTUlOUQlOUIlMjAlRTUlOEMlOTclRTQlQkElQUN8ZW58MXwwfHx8MTc3Mzg0NTAzNHww&ixlib=rb-4.1.0&q=80&w=1080,北京天坛公园,True,False,False
北京-颐和园-0753,颐和园,北京,历史文化,summer palace | 颐和园,颐和园,https://images.unsplash.com/photo-1669382485231-ef86d9fa986f?crop=entropy&cs=tinysrgb&fit=max&fm=jpg&ixid=M3w4NTgxMzd8MHwxfHNlYXJjaHwxfHwlRTklQTIlOTAlRTUlOTIlOEMlRTUlOUIlQUR8ZW58MXwwfHx8MTc3Mzg4MzM5M3ww&ixlib=rb-4.1.0&q=80&w=1080,北京颐和园,True,False,False,颐和园 北京,https://images.unsplash.com/photo-1620822102340-47c32da50fef?crop=entropy&cs=tinysrgb&fit=max&fm=jpg&ixid=M3w4NTgxMzd8MHwxfHNlYXJjaHwyfHwlRTklQTIlOTAlRTUlOTIlOEMlRTUlOUIlQUQlMjAlRTUlOEMlOTclRTQlQkElQUN8ZW58MXwwfHx8MTc3Mzg4MzM5NHww&ixlib=rb-4.1.0&q=80&w=1080,北京颐和园,True,False,False
北京-八达岭长城-0754,八达岭长城,北京,历史文化,great wall | badaling | 长城,八达岭长城,,,False,True,False,Great Wall Beijing China,https://images.unsplash.com/photo-1724076202408-bfa5548a2b1d?crop=entropy&cs=tinysrgb&fit=max&fm=jpg&ixid=M3w4NTgxMzd8MHwxfHNlYXJjaHw2fHxHcmVhdCUyMFdhbGwlMjBCZWlqaW5nJTIwQ2hpbmF8ZW58MXwwfHx8MTc3Mzg4MzQwOHww&ixlib=rb-4.1.0&q=80&w=1080,"The Great Wall is a must for a China tour, while Badaling is a must for a Great Wall tour. Badaling Great Wall in Beijing is the best-preserved and most complete section among the various, hence the most popular, even among world leaders.",True,False,False
上海-外滩-0755,外滩,上海,城市风光,the bund | waitan | 外滩,外滩,https://images.unsplash.com/photo-1718427778421-ad719f965738?crop=entropy&cs=tinysrgb&fit=max&fm=jpg&ixid=M3w4NTgxMzd8MHwxfHNlYXJjaHwxfHwlRTUlQTQlOTYlRTYlQkIlQTl8ZW58MXwwfHx8MTc3Mzg0NTAzNnww&ixlib=rb-4.1.0&q=80&w=1080,a view of a large city with tall buildings,False,False,True,外滩 Shanghai,https://images.unsplash.com/photo-1592311800804-1b72948c1a99?crop=entropy&cs=tinysrgb&fit=max&fm=jpg&ixid=M3w4NTgxMzd8MHwxfHNlYXJjaHwyfHwlRTUlQTQlOTYlRTYlQkIlQTklMjBTaGFuZ2hhaXxlbnwxfDB8fHwxNzczODQ2NTM1fDA&ixlib=rb-4.1.0&q=80&w=1080,"The Bund
外滩",True,False,False
上海-东方明珠-0756,东方明珠,上海,城市风光,oriental pearl | 东方明珠,东方明珠,https://images.unsplash.com/photo-1508742066636-3b9fb738ee0e?crop=entropy&cs=tinysrgb&fit=max&fm=jpg&ixid=M3w4NTgxMzd8MHwxfHNlYXJjaHwxfHwlRTQlQjglOUMlRTYlOTYlQjklRTYlOTglOEUlRTclOEYlQTB8ZW58MXwwfHx8MTc3Mzg4MzQxOHww&ixlib=rb-4.1.0&q=80&w=1080,body of water beside city,False,False,True,东方明珠 Shanghai,https://images.unsplash.com/photo-1509189692239-6c2bb03eac8a?crop=entropy&cs=tinysrgb&fit=max&fm=jpg&ixid=M3w4NTgxMzd8MHwxfHNlYXJjaHwxMHx8JUU0JUI4JTlDJUU2JTk2JUI5JUU2JTk4JThFJUU3JThGJUEwJTIwU2hhbmdoYWl8ZW58MXwwfHx8MTc3Mzg4MzQyMXww&ixlib=rb-4.1.0&q=80&w=1080,上海东方明珠,True,False,False
上海-迪士尼乐园-0757,迪士尼乐园,上海,休闲,disney | disneyland | 迪士尼,迪士尼乐园,,,False,True,False,迪士尼乐园 Shanghai China,https://images.unsplash.com/photo-1506660889812-c5ba0c735d91?crop=entropy&cs=tinysrgb&fit=max&fm=jpg&ixid=M3w4NTgxMzd8MHwxfHNlYXJjaHw5fHwlRTglQkYlQUElRTUlQTMlQUIlRTUlQjAlQkMlRTQlQjklOTAlRTUlOUIlQUQlMjBTaGFuZ2hhaSUyMENoaW5hfGVufDF8MHx8fDE3NzM4ODM0Mjh8MA&ixlib=rb-4.1.0&q=80&w=1080,"2017 is Shanghai Big World 100 years
2017是上海大世界建成100周年",False,False,True
广州-广州塔-0758,广州塔,广州,城市风光,canton tower | guangzhou tower | 广州塔,广州塔,https://images.unsplash.com/photo-1530021382214-1fc6e31513d5?crop=entropy&cs=tinysrgb&fit=max&fm=jpg&ixid=M3w4NTgxMzd8MHwxfHNlYXJjaHwxfHwlRTUlQjklQkYlRTUlQjclOUUlRTUlQTElOTR8ZW58MXwwfHx8MTc3Mzg4MzQzMXww&ixlib=rb-4.1.0&q=80&w=1080,Guangzhou Tower,True,False,False,pagoda,https://images.unsplash.com/photo-1528164344705-47542687000d?crop=entropy&cs=tinysrgb&fit=max&fm=jpg&ixid=M3w4NTgxMzd8MHwxfHNlYXJjaHwyfHxwYWdvZGF8ZW58MXwwfHx8MTc3Mzg4MzQzN3ww&ixlib=rb-4.1.0&q=80&w=1080,Chureito Pagoda,False,False,True
广州-陈家祠-0759,陈家祠,广州,历史文化,chen clan | chen clan academy | 陈家祠,陈家祠,,,False,True,False,陈家祠 Guangzhou,https://images.unsplash.com/photo-1730053344240-d18b816a764d?crop=entropy&cs=tinysrgb&fit=max&fm=jpg&ixid=M3w4NTgxMzd8MHwxfHNlYXJjaHw0fHwlRTklOTklODglRTUlQUUlQjYlRTclQTUlQTAlMjBHdWFuZ3pob3V8ZW58MXwwfHx8MTc3Mzg4MzQ0M3ww&ixlib=rb-4.1.0&q=80&w=1080,a hidden gem in Guangzhou 🍃,False,False,True
广州-珠江夜游-0760,珠江夜游,广州,城市风光,pearl river | 珠江,珠江夜游,https://images.unsplash.com/photo-1560951803-8d0d8c876bff?crop=entropy&cs=tinysrgb&fit=max&fm=jpg&ixid=M3w4NTgxMzd8MHwxfHNlYXJjaHwxfHwlRTclOEYlQTAlRTYlQjElOUYlRTUlQTQlOUMlRTYlQjglQjh8ZW58MXwwfHx8MTc3Mzg4MzQ0N3ww&ixlib=rb-4.1.0&q=80&w=1080,body of water near buildings,False,False,True,珠江夜游 Guangzhou,https://images.unsplash.com/photo-1535391879778-3bae11d29a24?crop=entropy&cs=tinysrgb&fit=max&fm=jpg&ixid=M3w4NTgxMzd8MHwxfHNlYXJjaHwyfHwlRTclOEYlQTAlRTYlQjElOUYlRTUlQTQlOUMlRTYlQjglQjglMjBHdWFuZ3pob3V8ZW58MXwwfHx8MTc3Mzg4MzQ1MHww&ixlib=rb-4.1.0&q=80&w=1080,night mood in guangzhou,False,False,True
深圳-世界之窗-0761,世界之窗,深圳,休闲,window of the world | 世界之窗,世界之窗,https://images.unsplash.com/photo-1707813130463-31d492f072ea?crop=entropy&cs=tinysrgb&fit=max&fm=jpg&ixid=M3w4NTgxMzd8MHwxfHNlYXJjaHwxfHwlRTQlQjglOTYlRTclOTUlOEMlRTQlQjklOEIlRTclQUElOTd8ZW58MXwwfHx8MTc3Mzg4MzQ1M3ww&ixlib=rb-4.1.0&q=80&w=1080,a very large and colorful object with many lights,False,False,True,世界之窗 Shenzhen China landmark,https://images.unsplash.com/photo-1684745339800-c4dcd382da98?crop=entropy&cs=tinysrgb&fit=max&fm=jpg&ixid=M3w4NTgxMzd8MHwxfHNlYXJjaHw3fHwlRTQlQjglOTYlRTclOTUlOEMlRTQlQjklOEIlRTclQUElOTclMjBTaGVuemhlbiUyMENoaW5hJTIwbGFuZG1hcmt8ZW58MXwwfHx8MTc3Mzg4MzQ1OXww&ixlib=rb-4.1.0&q=80&w=1080,"Greener Cities. Li Xiang Park is located in the heart of Nanshan District, Shenzhen, facing Shennan Avenue in the north, Nanshan District Committee Building in the south, Kirin Road in the east, and Sunshine Lijing Building Group in the west, with a total area of 220,000 square meters.",False,False,True
深圳-深圳湾公园-0762,深圳湾公园,深圳,自然风光,shenzhen bay | 深圳湾,深圳湾公园,https://images.unsplash.com/photo-1651932509246-3a1296cae2f0?crop=entropy&cs=tinysrgb&fit=max&fm=jpg&ixid=M3w4NTgxMzd8MHwxfHNlYXJjaHwxfHwlRTYlQjclQjElRTUlOUMlQjMlRTYlQjklQkUlRTUlODUlQUMlRTUlOUIlQUR8ZW58MXwwfHx8MTc3Mzg4MzQ2MHww&ixlib=rb-4.1.0&q=80&w=1080,Birds  in 深圳湾公园,True,False,False,,,,False,True,False
成都-锦里-0763,锦里,成都,历史文化,jinli | 锦里,锦里,,,False,True,False,,,,False,True,False
成都-宽窄巷子-0764,宽窄巷子,成都,历史文化,kuanzhai alley | 宽窄巷子,宽窄巷子,,,False,True,False,,,,False,True,False
成都-成都大熊猫繁育研究基地-0765,成都大熊猫繁育研究基地,成都,自然风光,panda | chengdu research base | 熊猫,成都大熊猫繁育研究基地,,,False,True,False,Chengdu Research Base of Giant Panda Breeding Chengdu China,https://images.unsplash.com/photo-1504713721722-f73b4ccdfe6a?crop=entropy&cs=tinysrgb&fit=max&fm=jpg&ixid=M3w4NTgxMzd8MHwxfHNlYXJjaHwxMHx8Q2hlbmdkdSUyMFJlc2VhcmNoJTIwQmFzZSUyMG9mJTIwR2lhbnQlMjBQYW5kYSUyMEJyZWVkaW5nJTIwQ2hlbmdkdSUyMENoaW5hfGVufDF8MHx8fDE3NzM4NDY1NDZ8MA&ixlib=rb-4.1.0&q=80&w=1080,"A giant panda cub chilling in a tree at the Chengdu Research Base of Giant Panda Breeding. It was such a fun visit, with the cubs running around and playing with each other and the adults gluttonously eating loads of bamboo.",True,False,False
杭州-西湖-0766,西湖,杭州,自然风光,west lake | 西湖,西湖,,,False,True,False,,,,False,True,False
杭州-灵隐寺-0767,灵隐寺,杭州,历史文化,lingyin | lingyin temple | 灵隐寺,灵隐寺,,,False,True,False,,,,False,True,False
南京-夫子庙-0768,夫子庙,南京,历史文化,confucius temple | 夫子庙,夫子庙,,,False,True,False,,,,False,True,False
南京-中山陵-0769,中山陵,南京,历史文化,sun yat-sen mausoleum | 中山陵,中山陵,,,False,True,False,,,,False,True,False
苏州-拙政园-0770,拙政园,苏州,历史文化,humble administrator's garden | 拙政园,拙政园,,,False,True,False,,,,False,True,False
苏州-平江路-0771,平江路,苏州,历史文化,pingjiang road | 平江路,平江路,,,False,True,False,,,,False,True,False
武汉-黄鹤楼-0772,黄鹤楼,武汉,历史文化,yellow crane tower | 黄鹤楼,黄鹤楼,,,False,True,False,,,,False,True,False
武汉-东湖-0773,东湖,武汉,自然风光,east lake | donghu | 东湖,东湖,,,False,True,False,,,,False,True,False
西安-兵马俑-0774,兵马俑,西安,历史文化,terracotta | terracotta army | 兵马俑,兵马俑,,,False,True,False,Terracotta Army,https://images.unsplash.com/photo-1527922891260-918d42a4efc8?crop=entropy&cs=tinysrgb&fit=max&fm=jpg&ixid=M3w4NTgxMzd8MHwxfHNlYXJjaHwxfHxUZXJyYWNvdHRhJTIwQXJteXxlbnwxfDB8fHwxNzczODQ2NTQwfDA&ixlib=rb-4.1.0&q=80&w=1080,"In today’s world of easy access information and increasingly amazing imagery you can often be left underwhelmed when seeing something in reality, It was a plesant surprise to find the Terracotta Army did not just live up to the hype but thoroughly exceeded it, a truly awe inspiring site that they have only just scratched the surface of  

The scale of the site and in particular what is still under the ground is mind bending",True,False,False
西安-大雁塔-0775,大雁塔,西安,历史文化,giant wild goose pagoda | 大雁塔,大雁塔,,,False,True,False,,,,False,True,False
北京-故宫-0776,故宫,北京,历史文化,forbidden city | palace museum | 故宫 | 紫禁城,故宫,https://images.unsplash.com/photo-1636550230446-7632d97d1e77?crop=entropy&cs=tinysrgb&fit=max&fm=jpg&ixid=M3w4NTgxMzd8MHwxfHNlYXJjaHwxfHwlRTYlOTUlODUlRTUlQUUlQUJ8ZW58MXwwfHx8MTc3Mzg0NTAyM3ww&ixlib=rb-4.1.0&q=80&w=1080,故宫雪景,True,False,False,故宫 北京,https://images.unsplash.com/photo-1620826502427-9e8faa18d3f0?crop=entropy&cs=tinysrgb&fit=max&fm=jpg&ixid=M3w4NTgxMzd8MHwxfHNlYXJjaHwxMHx8JUU2JTk1JTg1JUU1JUFFJUFCJTIwJUU1JThDJTk3JUU0JUJBJUFDfGVufDF8MHx8fDE3NzM4NDUwMjd8MA&ixlib=rb-4.1.0&q=80&w=1080,北京故宫博物院,True,False,False
北京-天坛-0777,天坛,北京,历史文化,temple of heaven | 天坛,天坛,https://images.unsplash.com/photo-1584872589930-e99fe5bf4408?crop=entropy&cs=tinysrgb&fit=max&fm=jpg&ixid=M3w4NTgxMzd8MHwxfHNlYXJjaHwxfHwlRTUlQTQlQTklRTUlOUQlOUJ8ZW58MXwwfHx8MTc3Mzg0NTAzMHww&ixlib=rb-4.1.0&q=80&w=1080,"The Temple of Heaven, Beijing, China.",True,False,False,天坛 北京,https://images.unsplash.com/photo-1620033370499-c85e0122f1fc?crop=entropy&cs=tinysrgb&fit=max&fm=jpg&ixid=M3w4NTgxMzd8MHwxfHNlYXJjaHw3fHwlRTUlQTQlQTklRTUlOUQlOUIlMjAlRTUlOEMlOTclRTQlQkElQUN8ZW58MXwwfHx8MTc3Mzg0NTAzNHww&ixlib=rb-4.1.0&q=80&w=1080,北京天坛公园,True,False,False
北京-颐和园-0778,颐和园,北京,历史文化,summer palace | 颐和园,颐和园,https://images.unsplash.com/photo-1669382485231-ef86d9fa986f?crop=entropy&cs=tinysrgb&fit=max&fm=jpg&ixid=M3w4NTgxMzd8MHwxfHNlYXJjaHwxfHwlRTklQTIlOTAlRTUlOTIlOEMlRTUlOUIlQUR8ZW58MXwwfHx8MTc3Mzg4MzM5M3ww&ixlib=rb-4.1.0&q=80&w=1080,北京颐和园,True,False,False,颐和园 北京,https://images.unsplash.com/photo-1620822102340-47c32da50fef?crop=entropy&cs=tinysrgb&fit=max&fm=jpg&ixid=M3w4NTgxMzd8MHwxfHNlYXJjaHwyfHwlRTklQTIlOTAlRTUlOTIlOEMlRTUlOUIlQUQlMjAlRTUlOEMlOTclRTQlQkElQUN8ZW58MXwwfHx8MTc3Mzg4MzM5NHww&ixlib=rb-4.1.0&q=80&w=1080,北京颐和园,True,False,False
北京-八达岭长城-0779,八达岭长城,北京,历史文化,great wall | badaling | 长城,八达岭长城,,,False,True,False,Great Wall Beijing China,https://images.unsplash.com/photo-1724076202408-bfa5548a2b1d?crop=entropy&cs=tinysrgb&fit=max&fm=jpg&ixid=M3w4NTgxMzd8MHwxfHNlYXJjaHw2fHxHcmVhdCUyMFdhbGwlMjBCZWlqaW5nJTIwQ2hpbmF8ZW58MXwwfHx8MTc3Mzg4MzQwOHww&ixlib=rb-4.1.0&q=80&w=1080,"The Great Wall is a must for a China tour, while Badaling is a must for a Great Wall tour. Badaling Great Wall in Beijing is the best-preserved and most complete section among the various, hence the most popular, even among world leaders.",True,False,False
上海-外滩-0780,外滩,上海,城市风光,the bund | waitan | 外滩,外滩,https://images.unsplash.com/photo-1718427778421-ad719f965738?crop=entropy&cs=tinysrgb&fit=max&fm=jpg&ixid=M3w4NTgxMzd8MHwxfHNlYXJjaHwxfHwlRTUlQTQlOTYlRTYlQkIlQTl8ZW58MXwwfHx8MTc3Mzg0NTAzNnww&ixlib=rb-4.1.0&q=80&w=1080,a view of a large city with tall buildings,False,False,True,外滩 Shanghai,https://images.unsplash.com/photo-1592311800804-1b72948c1a99?crop=entropy&cs=tinysrgb&fit=max&fm=jpg&ixid=M3w4NTgxMzd8MHwxfHNlYXJjaHwyfHwlRTUlQTQlOTYlRTYlQkIlQTklMjBTaGFuZ2hhaXxlbnwxfDB8fHwxNzczODQ2NTM1fDA&ixlib=rb-4.1.0&q=80&w=1080,"The Bund
外滩",True,False,False
上海-东方明珠-0781,东方明珠,上海,城市风光,oriental pearl | 东方明珠,东方明珠,https://images.unsplash.com/photo-1508742066636-3b9fb738ee0e?crop=entropy&cs=tinysrgb&fit=max&fm=jpg&ixid=M3w4NTgxMzd8MHwxfHNlYXJjaHwxfHwlRTQlQjglOUMlRTYlOTYlQjklRTYlOTglOEUlRTclOEYlQTB8ZW58MXwwfHx8MTc3Mzg4MzQxOHww&ixlib=rb-4.1.0&q=80&w=1080,body of water beside city,False,False,True,东方明珠 Shanghai,https://images.unsplash.com/photo-1509189692239-6c2bb03eac8a?crop=entropy&cs=tinysrgb&fit=max&fm=jpg&ixid=M3w4NTgxMzd8MHwxfHNlYXJjaHwxMHx8JUU0JUI4JTlDJUU2JTk2JUI5JUU2JTk4JThFJUU3JThGJUEwJTIwU2hhbmdoYWl8ZW58MXwwfHx8MTc3Mzg4MzQyMXww&ixlib=rb-4.1.0&q=80&w=1080,上海东方明珠,True,False,False
上海-迪士尼乐园-0782,迪士尼乐园,上海,休闲,disney | disneyland | 迪士尼,迪士尼乐园,,,False,True,False,迪士尼乐园 Shanghai China,https://images.unsplash.com/photo-1506660889812-c5ba0c735d91?crop=entropy&cs=tinysrgb&fit=max&fm=jpg&ixid=M3w4NTgxMzd8MHwxfHNlYXJjaHw5fHwlRTglQkYlQUElRTUlQTMlQUIlRTUlQjAlQkMlRTQlQjklOTAlRTUlOUIlQUQlMjBTaGFuZ2hhaSUyMENoaW5hfGVufDF8MHx8fDE3NzM4ODM0Mjh8MA&ixlib=rb-4.1.0&q=80&w=1080,"2017 is Shanghai Big World 100 years
2017是上海大世界建成100周年",False,False,True
广州-广州塔-0783,广州塔,广州,城市风光,canton tower | guangzhou tower | 广州塔,广州塔,https://images.unsplash.com/photo-1530021382214-1fc6e31513d5?crop=entropy&cs=tinysrgb&fit=max&fm=jpg&ixid=M3w4NTgxMzd8MHwxfHNlYXJjaHwxfHwlRTUlQjklQkYlRTUlQjclOUUlRTUlQTElOTR8ZW58MXwwfHx8MTc3Mzg4MzQzMXww&ixlib=rb-4.1.0&q=80&w=1080,Guangzhou Tower,True,False,False,pagoda,https://images.unsplash.com/photo-1528164344705-47542687000d?crop=entropy&cs=tinysrgb&fit=max&fm=jpg&ixid=M3w4NTgxMzd8MHwxfHNlYXJjaHwyfHxwYWdvZGF8ZW58MXwwfHx8MTc3Mzg4MzQzN3ww&ixlib=rb-4.1.0&q=80&w=1080,Chureito Pagoda,False,False,True
广州-陈家祠-0784,陈家祠,广州,历史文化,chen clan | chen clan academy | 陈家祠,陈家祠,,,False,True,False,陈家祠 Guangzhou,https://images.unsplash.com/photo-1730053344240-d18b816a764d?crop=entropy&cs=tinysrgb&fit=max&fm=jpg&ixid=M3w4NTgxMzd8MHwxfHNlYXJjaHw0fHwlRTklOTklODglRTUlQUUlQjYlRTclQTUlQTAlMjBHdWFuZ3pob3V8ZW58MXwwfHx8MTc3Mzg4MzQ0M3ww&ixlib=rb-4.1.0&q=80&w=1080,a hidden gem in Guangzhou 🍃,False,False,True
广州-珠江夜游-0785,珠江夜游,广州,城市风光,pearl river | 珠江,珠江夜游,https://images.unsplash.com/photo-1560951803-8d0d8c876bff?crop=entropy&cs=tinysrgb&fit=max&fm=jpg&ixid=M3w4NTgxMzd8MHwxfHNlYXJjaHwxfHwlRTclOEYlQTAlRTYlQjElOUYlRTUlQTQlOUMlRTYlQjglQjh8ZW58MXwwfHx8MTc3Mzg4MzQ0N3ww&ixlib=rb-4.1.0&q=80&w=1080,body of water near buildings,False,False,True,珠江夜游 Guangzhou,https://images.unsplash.com/photo-1535391879778-3bae11d29a24?crop=entropy&cs=tinysrgb&fit=max&fm=jpg&ixid=M3w4NTgxMzd8MHwxfHNlYXJjaHwyfHwlRTclOEYlQTAlRTYlQjElOUYlRTUlQTQlOUMlRTYlQjglQjglMjBHdWFuZ3pob3V8ZW58MXwwfHx8MTc3Mzg4MzQ1MHww&ixlib=rb-4.1.0&q=80&w=1080,night mood in guangzhou,False,False,True
深圳-世界之窗-0786,世界之窗,深圳,休闲,window of the world | 世界之窗,世界之窗,https://images.unsplash.com/photo-1707813130463-31d492f072ea?crop=entropy&cs=tinysrgb&fit=max&fm=jpg&ixid=M3w4NTgxMzd8MHwxfHNlYXJjaHwxfHwlRTQlQjglOTYlRTclOTUlOEMlRTQlQjklOEIlRTclQUElOTd8ZW58MXwwfHx8MTc3Mzg4MzQ1M3ww&ixlib=rb-4.1.0&q=80&w=1080,a very large and colorful object with many lights,False,False,True,世界之窗 Shenzhen China landmark,https://images.unsplash.com/photo-1684745339800-c4dcd382da98?crop=entropy&cs=tinysrgb&fit=max&fm=jpg&ixid=M3w4NTgxMzd8MHwxfHNlYXJjaHw3fHwlRTQlQjglOTYlRTclOTUlOEMlRTQlQjklOEIlRTclQUElOTclMjBTaGVuemhlbiUyMENoaW5hJTIwbGFuZG1hcmt8ZW58MXwwfHx8MTc3Mzg4MzQ1OXww&ixlib=rb-4.1.0&q=80&w=1080,"Greener Cities. Li Xiang Park is located in the heart of Nanshan District, Shenzhen, facing Shennan Avenue in the north, Nanshan District Committee Building in the south, Kirin Road in the east, and Sunshine Lijing Building Group in the west, with a total area of 220,000 square meters.",False,False,True
深圳-深圳湾公园-0787,深圳湾公园,深圳,自然风光,shenzhen bay | 深圳湾,深圳湾公园,https://images.unsplash.com/photo-1651932509246-3a1296cae2f0?crop=entropy&cs=tinysrgb&fit=max&fm=jpg&ixid=M3w4NTgxMzd8MHwxfHNlYXJjaHwxfHwlRTYlQjclQjElRTUlOUMlQjMlRTYlQjklQkUlRTUlODUlQUMlRTUlOUIlQUR8ZW58MXwwfHx8MTc3Mzg4MzQ2MHww&ixlib=rb-4.1.0&q=80&w=1080,Birds  in 深圳湾公园,True,False,False,,,,False,True,False
成都-锦里-0788,锦里,成都,历史文化,jinli | 锦里,锦里,,,False,True,False,,,,False,True,False
成都-宽窄巷子-0789,宽窄巷子,成都,历史文化,kuanzhai alley | 宽窄巷子,宽窄巷子,,,False,True,False,,,,False,True,False
成都-成都大熊猫繁育研究基地-0790,成都大熊猫繁育研究基地,成都,自然风光,panda | chengdu research base | 熊猫,成都大熊猫繁育研究基地,,,False,True,False,Chengdu Research Base of Giant Panda Breeding Chengdu China,https://images.unsplash.com/photo-1504713721722-f73b4ccdfe6a?crop=entropy&cs=tinysrgb&fit=max&fm=jpg&ixid=M3w4NTgxMzd8MHwxfHNlYXJjaHwxMHx8Q2hlbmdkdSUyMFJlc2VhcmNoJTIwQmFzZSUyMG9mJTIwR2lhbnQlMjBQYW5kYSUyMEJyZWVkaW5nJTIwQ2hlbmdkdSUyMENoaW5hfGVufDF8MHx8fDE3NzM4NDY1NDZ8MA&ixlib=rb-4.1.0&q=80&w=1080,"A giant panda cub chilling in a tree at the Chengdu Research Base of Giant Panda Breeding. It was such a fun visit, with the cubs running around and playing with each other and the adults gluttonously eating loads of bamboo.",True,False,False
杭州-西湖-0791,西湖,杭州,自然风光,west lake | 西湖,西湖,,,False,True,False,,,,False,True,False
杭州-灵隐寺-0792,灵隐寺,杭州,历史文化,lingyin | lingyin temple | 灵隐寺,灵隐寺,,,False,True,False,,,,False,True,False
南京-夫子庙-0793,夫子庙,南京,历史文化,confucius temple | 夫子庙,夫子庙,,,False,True,False,,,,False,True,False
南京-中山陵-0794,中山陵,南京,历史文化,sun yat-sen mausoleum | 中山陵,中山陵,,,False,True,False,,,,False,True,False
苏州-拙政园-0795,拙政园,苏州,历史文化,humble administrator's garden | 拙政园,拙政园,,,False,True,False,,,,False,True,False
苏州-平江路-0796,平江路,苏州,历史文化,pingjiang road | 平江路,平江路,,,False,True,False,,,,False,True,False
武汉-黄鹤楼-0797,黄鹤楼,武汉,历史文化,yellow crane tower | 黄鹤楼,黄鹤楼,,,False,True,False,,,,False,True,False
武汉-东湖-0798,东湖,武汉,自然风光,east lake | donghu | 东湖,东湖,,,False,True,False,,,,False,True,False
西安-兵马俑-0799,兵马俑,西安,历史文化,terracotta | terracotta army | 兵马俑,兵马俑,,,False,True,False,Terracotta Army,https://images.unsplash.com/photo-1527922891260-918d42a4efc8?crop=entropy&cs=tinysrgb&fit=max&fm=jpg&ixid=M3w4NTgxMzd8MHwxfHNlYXJjaHwxfHxUZXJyYWNvdHRhJTIwQXJteXxlbnwxfDB8fHwxNzczODQ2NTQwfDA&ixlib=rb-4.1.0&q=80&w=1080,"In today’s world of easy access information and increasingly amazing imagery you can often be left underwhelmed when seeing something in reality, It was a plesant surprise to find the Terracotta Army did not just live up to the hype but thoroughly exceeded it, a truly awe inspiring site that they have only just scratched the surface of  

The scale of the site and in particular what is still under the ground is mind bending",True,False,False
西安-大雁塔-0800,大雁塔,西安,历史文化,giant wild goose pagoda | 大雁塔,大雁塔,,,False,True,False,,,,False,True,False
北京-故宫-0801,故宫,北京,历史文化,forbidden city | palace museum | 故宫 | 紫禁城,故宫,https://images.unsplash.com/photo-1636550230446-7632d97d1e77?crop=entropy&cs=tinysrgb&fit=max&fm=jpg&ixid=M3w4NTgxMzd8MHwxfHNlYXJjaHwxfHwlRTYlOTUlODUlRTUlQUUlQUJ8ZW58MXwwfHx8MTc3Mzg0NTAyM3ww&ixlib=rb-4.1.0&q=80&w=1080,故宫雪景,True,False,False,故宫 北京,https://images.unsplash.com/photo-1620826502427-9e8faa18d3f0?crop=entropy&cs=tinysrgb&fit=max&fm=jpg&ixid=M3w4NTgxMzd8MHwxfHNlYXJjaHwxMHx8JUU2JTk1JTg1JUU1JUFFJUFCJTIwJUU1JThDJTk3JUU0JUJBJUFDfGVufDF8MHx8fDE3NzM4NDUwMjd8MA&ixlib=rb-4.1.0&q=80&w=1080,北京故宫博物院,True,False,False
北京-天坛-0802,天坛,北京,历史文化,temple of heaven | 天坛,天坛,https://images.unsplash.com/photo-1584872589930-e99fe5bf4408?crop=entropy&cs=tinysrgb&fit=max&fm=jpg&ixid=M3w4NTgxMzd8MHwxfHNlYXJjaHwxfHwlRTUlQTQlQTklRTUlOUQlOUJ8ZW58MXwwfHx8MTc3Mzg0NTAzMHww&ixlib=rb-4.1.0&q=80&w=1080,"The Temple of Heaven, Beijing, China.",True,False,False,天坛 北京,https://images.unsplash.com/photo-1620033370499-c85e0122f1fc?crop=entropy&cs=tinysrgb&fit=max&fm=jpg&ixid=M3w4NTgxMzd8MHwxfHNlYXJjaHw3fHwlRTUlQTQlQTklRTUlOUQlOUIlMjAlRTUlOEMlOTclRTQlQkElQUN8ZW58MXwwfHx8MTc3Mzg0NTAzNHww&ixlib=rb-4.1.0&q=80&w=1080,北京天坛公园,True,False,False
北京-颐和园-0803,颐和园,北京,历史文化,summer palace | 颐和园,颐和园,https://images.unsplash.com/photo-1669382485231-ef86d9fa986f?crop=entropy&cs=tinysrgb&fit=max&fm=jpg&ixid=M3w4NTgxMzd8MHwxfHNlYXJjaHwxfHwlRTklQTIlOTAlRTUlOTIlOEMlRTUlOUIlQUR8ZW58MXwwfHx8MTc3Mzg4MzM5M3ww&ixlib=rb-4.1.0&q=80&w=1080,北京颐和园,True,False,False,颐和园 北京,https://images.unsplash.com/photo-1620822102340-47c32da50fef?crop=entropy&cs=tinysrgb&fit=max&fm=jpg&ixid=M3w4NTgxMzd8MHwxfHNlYXJjaHwyfHwlRTklQTIlOTAlRTUlOTIlOEMlRTUlOUIlQUQlMjAlRTUlOEMlOTclRTQlQkElQUN8ZW58MXwwfHx8MTc3Mzg4MzM5NHww&ixlib=rb-4.1.0&q=80&w=1080,北京颐和园,True,False,False
北京-八达岭长城-0804,八达岭长城,北京,历史文化,great wall | badaling | 长城,八达岭长城,,,False,True,False,Great Wall Beijing China,https://images.unsplash.com/photo-1724076202408-bfa5548a2b1d?crop=entropy&cs=tinysrgb&fit=max&fm=jpg&ixid=M3w4NTgxMzd8MHwxfHNlYXJjaHw2fHxHcmVhdCUyMFdhbGwlMjBCZWlqaW5nJTIwQ2hpbmF8ZW58MXwwfHx8MTc3Mzg4MzQwOHww&ixlib=rb-4.1.0&q=80&w=1080,"The Great Wall is a must for a China tour, while Badaling is a must for a Great Wall tour. Badaling Great Wall in Beijing is the best-preserved and most complete section among the various, hence the most popular, even among world leaders.",True,False,False
上海-外滩-0805,外滩,上海,城市风光,the bund | waitan | 外滩,外滩,https://images.unsplash.com/photo-1718427778421-ad719f965738?crop=entropy&cs=tinysrgb&fit=max&fm=jpg&ixid=M3w4NTgxMzd8MHwxfHNlYXJjaHwxfHwlRTUlQTQlOTYlRTYlQkIlQTl8ZW58MXwwfHx8MTc3Mzg0NTAzNnww&ixlib=rb-4.1.0&q=80&w=1080,a view of a large city with tall buildings,False,False,True,外滩 Shanghai,https://images.unsplash.com/photo-1592311800804-1b72948c1a99?crop=entropy&cs=tinysrgb&fit=max&fm=jpg&ixid=M3w4NTgxMzd8MHwxfHNlYXJjaHwyfHwlRTUlQTQlOTYlRTYlQkIlQTklMjBTaGFuZ2hhaXxlbnwxfDB8fHwxNzczODQ2NTM1fDA&ixlib=rb-4.1.0&q=80&w=1080,"The Bund
外滩",True,False,False
上海-东方明珠-0806,东方明珠,上海,城市风光,oriental pearl | 东方明珠,东方明珠,https://images.unsplash.com/photo-1508742066636-3b9fb738ee0e?crop=entropy&cs=tinysrgb&fit=max&fm=jpg&ixid=M3w4NTgxMzd8MHwxfHNlYXJjaHwxfHwlRTQlQjglOUMlRTYlOTYlQjklRTYlOTglOEUlRTclOEYlQTB8ZW58MXwwfHx8MTc3Mzg4MzQxOHww&ixlib=rb-4.1.0&q=80&w=1080,body of water beside city,False,False,True,东方明珠 Shanghai,https://images.unsplash.com/photo-1509189692239-6c2bb03eac8a?crop=entropy&cs=tinysrgb&fit=max&fm=jpg&ixid=M3w4NTgxMzd8MHwxfHNlYXJjaHwxMHx8JUU0JUI4JTlDJUU2JTk2JUI5JUU2JTk4JThFJUU3JThGJUEwJTIwU2hhbmdoYWl8ZW58MXwwfHx8MTc3Mzg4MzQyMXww&ixlib=rb-4.1.0&q=80&w=1080,上海东方明珠,True,False,False
上海-迪士尼乐园-0807,迪士尼乐园,上海,休闲,disney | disneyland | 迪士尼,迪士尼乐园,,,False,True,False,迪士尼乐园 Shanghai China,https://images.unsplash.com/photo-1506660889812-c5ba0c735d91?crop=entropy&cs=tinysrgb&fit=max&fm=jpg&ixid=M3w4NTgxMzd8MHwxfHNlYXJjaHw5fHwlRTglQkYlQUElRTUlQTMlQUIlRTUlQjAlQkMlRTQlQjklOTAlRTUlOUIlQUQlMjBTaGFuZ2hhaSUyMENoaW5hfGVufDF8MHx8fDE3NzM4ODM0Mjh8MA&ixlib=rb-4.1.0&q=80&w=1080,"2017 is Shanghai Big World 100 years
2017是上海大世界建成100周年",False,False,True
广州-广州塔-0808,广州塔,广州,城市风光,canton tower | guangzhou tower | 广州塔,广州塔,https://images.unsplash.com/photo-1530021382214-1fc6e31513d5?crop=entropy&cs=tinysrgb&fit=max&fm=jpg&ixid=M3w4NTgxMzd8MHwxfHNlYXJjaHwxfHwlRTUlQjklQkYlRTUlQjclOUUlRTUlQTElOTR8ZW58MXwwfHx8MTc3Mzg4MzQzMXww&ixlib=rb-4.1.0&q=80&w=1080,Guangzhou Tower,True,False,False,pagoda,https://images.unsplash.com/photo-1528164344705-47542687000d?crop=entropy&cs=tinysrgb&fit=max&fm=jpg&ixid=M3w4NTgxMzd8MHwxfHNlYXJjaHwyfHxwYWdvZGF8ZW58MXwwfHx8MTc3Mzg4MzQzN3ww&ixlib=rb-4.1.0&q=80&w=1080,Chureito Pagoda,False,False,True
广州-陈家祠-0809,陈家祠,广州,历史文化,chen clan | chen clan academy | 陈家祠,陈家祠,,,False,True,False,陈家祠 Guangzhou,https://images.unsplash.com/photo-1730053344240-d18b816a764d?crop=entropy&cs=tinysrgb&fit=max&fm=jpg&ixid=M3w4NTgxMzd8MHwxfHNlYXJjaHw0fHwlRTklOTklODglRTUlQUUlQjYlRTclQTUlQTAlMjBHdWFuZ3pob3V8ZW58MXwwfHx8MTc3Mzg4MzQ0M3ww&ixlib=rb-4.1.0&q=80&w=1080,a hidden gem in Guangzhou 🍃,False,False,True
广州-珠江夜游-0810,珠江夜游,广州,城市风光,pearl river | 珠江,珠江夜游,https://images.unsplash.com/photo-1560951803-8d0d8c876bff?crop=entropy&cs=tinysrgb&fit=max&fm=jpg&ixid=M3w4NTgxMzd8MHwxfHNlYXJjaHwxfHwlRTclOEYlQTAlRTYlQjElOUYlRTUlQTQlOUMlRTYlQjglQjh8ZW58MXwwfHx8MTc3Mzg4MzQ0N3ww&ixlib=rb-4.1.0&q=80&w=1080,body of water near buildings,False,False,True,珠江夜游 Guangzhou,https://images.unsplash.com/photo-1535391879778-3bae11d29a24?crop=entropy&cs=tinysrgb&fit=max&fm=jpg&ixid=M3w4NTgxMzd8MHwxfHNlYXJjaHwyfHwlRTclOEYlQTAlRTYlQjElOUYlRTUlQTQlOUMlRTYlQjglQjglMjBHdWFuZ3pob3V8ZW58MXwwfHx8MTc3Mzg4MzQ1MHww&ixlib=rb-4.1.0&q=80&w=1080,night mood in guangzhou,False,False,True
深圳-世界之窗-0811,世界之窗,深圳,休闲,window of the world | 世界之窗,世界之窗,https://images.unsplash.com/photo-1707813130463-31d492f072ea?crop=entropy&cs=tinysrgb&fit=max&fm=jpg&ixid=M3w4NTgxMzd8MHwxfHNlYXJjaHwxfHwlRTQlQjglOTYlRTclOTUlOEMlRTQlQjklOEIlRTclQUElOTd8ZW58MXwwfHx8MTc3Mzg4MzQ1M3ww&ixlib=rb-4.1.0&q=80&w=1080,a very large and colorful object with many lights,False,False,True,世界之窗 Shenzhen China landmark,https://images.unsplash.com/photo-1684745339800-c4dcd382da98?crop=entropy&cs=tinysrgb&fit=max&fm=jpg&ixid=M3w4NTgxMzd8MHwxfHNlYXJjaHw3fHwlRTQlQjglOTYlRTclOTUlOEMlRTQlQjklOEIlRTclQUElOTclMjBTaGVuemhlbiUyMENoaW5hJTIwbGFuZG1hcmt8ZW58MXwwfHx8MTc3Mzg4MzQ1OXww&ixlib=rb-4.1.0&q=80&w=1080,"Greener Cities. Li Xiang Park is located in the heart of Nanshan District, Shenzhen, facing Shennan Avenue in the north, Nanshan District Committee Building in the south, Kirin Road in the east, and Sunshine Lijing Building Group in the west, with a total area of 220,000 square meters.",False,False,True
深圳-深圳湾公园-0812,深圳湾公园,深圳,自然风光,shenzhen bay | 深圳湾,深圳湾公园,https://images.unsplash.com/photo-1651932509246-3a1296cae2f0?crop=entropy&cs=tinysrgb&fit=max&fm=jpg&ixid=M3w4NTgxMzd8MHwxfHNlYXJjaHwxfHwlRTYlQjclQjElRTUlOUMlQjMlRTYlQjklQkUlRTUlODUlQUMlRTUlOUIlQUR8ZW58MXwwfHx8MTc3Mzg4MzQ2MHww&ixlib=rb-4.1.0&q=80&w=1080,Birds  in 深圳湾公园,True,False,False,,,,False,True,False
成都-锦里-0813,锦里,成都,历史文化,jinli | 锦里,锦里,,,False,True,False,,,,False,True,False
成都-宽窄巷子-0814,宽窄巷子,成都,历史文化,kuanzhai alley | 宽窄巷子,宽窄巷子,,,False,True,False,,,,False,True,False
成都-成都大熊猫繁育研究基地-0815,成都大熊猫繁育研究基地,成都,自然风光,panda | chengdu research base | 熊猫,成都大熊猫繁育研究基地,,,False,True,False,Chengdu Research Base of Giant Panda Breeding Chengdu China,https://images.unsplash.com/photo-1504713721722-f73b4ccdfe6a?crop=entropy&cs=tinysrgb&fit=max&fm=jpg&ixid=M3w4NTgxMzd8MHwxfHNlYXJjaHwxMHx8Q2hlbmdkdSUyMFJlc2VhcmNoJTIwQmFzZSUyMG9mJTIwR2lhbnQlMjBQYW5kYSUyMEJyZWVkaW5nJTIwQ2hlbmdkdSUyMENoaW5hfGVufDF8MHx8fDE3NzM4NDY1NDZ8MA&ixlib=rb-4.1.0&q=80&w=1080,"A giant panda cub chilling in a tree at the Chengdu Research Base of Giant Panda Breeding. It was such a fun visit, with the cubs running around and playing with each other and the adults gluttonously eating loads of bamboo.",True,False,False
杭州-西湖-0816,西湖,杭州,自然风光,west lake | 西湖,西湖,,,False,True,False,,,,False,True,False
杭州-灵隐寺-0817,灵隐寺,杭州,历史文化,lingyin | lingyin temple | 灵隐寺,灵隐寺,,,False,True,False,,,,False,True,False
南京-夫子庙-0818,夫子庙,南京,历史文化,confucius temple | 夫子庙,夫子庙,,,False,True,False,,,,False,True,False
南京-中山陵-0819,中山陵,南京,历史文化,sun yat-sen mausoleum | 中山陵,中山陵,,,False,True,False,,,,False,True,False
苏州-拙政园-0820,拙政园,苏州,历史文化,humble administrator's garden | 拙政园,拙政园,,,False,True,False,,,,False,True,False
苏州-平江路-0821,平江路,苏州,历史文化,pingjiang road | 平江路,平江路,,,False,True,False,,,,False,True,False
武汉-黄鹤楼-0822,黄鹤楼,武汉,历史文化,yellow crane tower | 黄鹤楼,黄鹤楼,,,False,True,False,,,,False,True,False
武汉-东湖-0823,东湖,武汉,自然风光,east lake | donghu | 东湖,东湖,,,False,True,False,,,,False,True,False
西安-兵马俑-0824,兵马俑,西安,历史文化,terracotta | terracotta army | 兵马俑,兵马俑,,,False,True,False,Terracotta Army,https://images.unsplash.com/photo-1527922891260-918d42a4efc8?crop=entropy&cs=tinysrgb&fit=max&fm=jpg&ixid=M3w4NTgxMzd8MHwxfHNlYXJjaHwxfHxUZXJyYWNvdHRhJTIwQXJteXxlbnwxfDB8fHwxNzczODQ2NTQwfDA&ixlib=rb-4.1.0&q=80&w=1080,"In today’s world of easy access information and increasingly amazing imagery you can often be left underwhelmed when seeing something in reality, It was a plesant surprise to find the Terracotta Army did not just live up to the hype but thoroughly exceeded it, a truly awe inspiring site that they have only just scratched the surface of  

The scale of the site and in particular what is still under the ground is mind bending",True,False,False
西安-大雁塔-0825,大雁塔,西安,历史文化,giant wild goose pagoda | 大雁塔,大雁塔,,,False,True,False,,,,False,True,False
北京-故宫-0826,故宫,北京,历史文化,forbidden city | palace museum | 故宫 | 紫禁城,故宫,https://images.unsplash.com/photo-1636550230446-7632d97d1e77?crop=entropy&cs=tinysrgb&fit=max&fm=jpg&ixid=M3w4NTgxMzd8MHwxfHNlYXJjaHwxfHwlRTYlOTUlODUlRTUlQUUlQUJ8ZW58MXwwfHx8MTc3Mzg0NTAyM3ww&ixlib=rb-4.1.0&q=80&w=1080,故宫雪景,True,False,False,故宫 北京,https://images.unsplash.com/photo-1620826502427-9e8faa18d3f0?crop=entropy&cs=tinysrgb&fit=max&fm=jpg&ixid=M3w4NTgxMzd8MHwxfHNlYXJjaHwxMHx8JUU2JTk1JTg1JUU1JUFFJUFCJTIwJUU1JThDJTk3JUU0JUJBJUFDfGVufDF8MHx8fDE3NzM4NDUwMjd8MA&ixlib=rb-4.1.0&q=80&w=1080,北京故宫博物院,True,False,False
北京-天坛-0827,天坛,北京,历史文化,temple of heaven | 天坛,天坛,https://images.unsplash.com/photo-1584872589930-e99fe5bf4408?crop=entropy&cs=tinysrgb&fit=max&fm=jpg&ixid=M3w4NTgxMzd8MHwxfHNlYXJjaHwxfHwlRTUlQTQlQTklRTUlOUQlOUJ8ZW58MXwwfHx8MTc3Mzg0NTAzMHww&ixlib=rb-4.1.0&q=80&w=1080,"The Temple of Heaven, Beijing, China.",True,False,False,天坛 北京,https://images.unsplash.com/photo-1620033370499-c85e0122f1fc?crop=entropy&cs=tinysrgb&fit=max&fm=jpg&ixid=M3w4NTgxMzd8MHwxfHNlYXJjaHw3fHwlRTUlQTQlQTklRTUlOUQlOUIlMjAlRTUlOEMlOTclRTQlQkElQUN8ZW58MXwwfHx8MTc3Mzg0NTAzNHww&ixlib=rb-4.1.0&q=80&w=1080,北京天坛公园,True,False,False
北京-颐和园-0828,颐和园,北京,历史文化,summer palace | 颐和园,颐和园,https://images.unsplash.com/photo-1669382485231-ef86d9fa986f?crop=entropy&cs=tinysrgb&fit=max&fm=jpg&ixid=M3w4NTgxMzd8MHwxfHNlYXJjaHwxfHwlRTklQTIlOTAlRTUlOTIlOEMlRTUlOUIlQUR8ZW58MXwwfHx8MTc3Mzg4MzM5M3ww&ixlib=rb-4.1.0&q=80&w=1080,北京颐和园,True,False,False,颐和园 北京,https://images.unsplash.com/photo-1620822102340-47c32da50fef?crop=entropy&cs=tinysrgb&fit=max&fm=jpg&ixid=M3w4NTgxMzd8MHwxfHNlYXJjaHwyfHwlRTklQTIlOTAlRTUlOTIlOEMlRTUlOUIlQUQlMjAlRTUlOEMlOTclRTQlQkElQUN8ZW58MXwwfHx8MTc3Mzg4MzM5NHww&ixlib=rb-4.1.0&q=80&w=1080,北京颐和园,True,False,False
北京-八达岭长城-0829,八达岭长城,北京,历史文化,great wall | badaling | 长城,八达岭长城,,,False,True,False,Great Wall Beijing China,https://images.unsplash.com/photo-1724076202408-bfa5548a2b1d?crop=entropy&cs=tinysrgb&fit=max&fm=jpg&ixid=M3w4NTgxMzd8MHwxfHNlYXJjaHw2fHxHcmVhdCUyMFdhbGwlMjBCZWlqaW5nJTIwQ2hpbmF8ZW58MXwwfHx8MTc3Mzg4MzQwOHww&ixlib=rb-4.1.0&q=80&w=1080,"The Great Wall is a must for a China tour, while Badaling is a must for a Great Wall tour. Badaling Great Wall in Beijing is the best-preserved and most complete section among the various, hence the most popular, even among world leaders.",True,False,False
上海-外滩-0830,外滩,上海,城市风光,the bund | waitan | 外滩,外滩,https://images.unsplash.com/photo-1718427778421-ad719f965738?crop=entropy&cs=tinysrgb&fit=max&fm=jpg&ixid=M3w4NTgxMzd8MHwxfHNlYXJjaHwxfHwlRTUlQTQlOTYlRTYlQkIlQTl8ZW58MXwwfHx8MTc3Mzg0NTAzNnww&ixlib=rb-4.1.0&q=80&w=1080,a view of a large city with tall buildings,False,False,True,外滩 Shanghai,https://images.unsplash.com/photo-1592311800804-1b72948c1a99?crop=entropy&cs=tinysrgb&fit=max&fm=jpg&ixid=M3w4NTgxMzd8MHwxfHNlYXJjaHwyfHwlRTUlQTQlOTYlRTYlQkIlQTklMjBTaGFuZ2hhaXxlbnwxfDB8fHwxNzczODQ2NTM1fDA&ixlib=rb-4.1.0&q=80&w=1080,"The Bund
外滩",True,False,False
上海-东方明珠-0831,东方明珠,上海,城市风光,oriental pearl | 东方明珠,东方明珠,https://images.unsplash.com/photo-1508742066636-3b9fb738ee0e?crop=entropy&cs=tinysrgb&fit=max&fm=jpg&ixid=M3w4NTgxMzd8MHwxfHNlYXJjaHwxfHwlRTQlQjglOUMlRTYlOTYlQjklRTYlOTglOEUlRTclOEYlQTB8ZW58MXwwfHx8MTc3Mzg4MzQxOHww&ixlib=rb-4.1.0&q=80&w=1080,body of water beside city,False,False,True,东方明珠 Shanghai,https://images.unsplash.com/photo-1509189692239-6c2bb03eac8a?crop=entropy&cs=tinysrgb&fit=max&fm=jpg&ixid=M3w4NTgxMzd8MHwxfHNlYXJjaHwxMHx8JUU0JUI4JTlDJUU2JTk2JUI5JUU2JTk4JThFJUU3JThGJUEwJTIwU2hhbmdoYWl8ZW58MXwwfHx8MTc3Mzg4MzQyMXww&ixlib=rb-4.1.0&q=80&w=1080,上海东方明珠,True,False,False
上海-迪士尼乐园-0832,迪士尼乐园,上海,休闲,disney | disneyland | 迪士尼,迪士尼乐园,,,False,True,False,迪士尼乐园 Shanghai China,https://images.unsplash.com/photo-1506660889812-c5ba0c735d91?crop=entropy&cs=tinysrgb&fit=max&fm=jpg&ixid=M3w4NTgxMzd8MHwxfHNlYXJjaHw5fHwlRTglQkYlQUElRTUlQTMlQUIlRTUlQjAlQkMlRTQlQjklOTAlRTUlOUIlQUQlMjBTaGFuZ2hhaSUyMENoaW5hfGVufDF8MHx8fDE3NzM4ODM0Mjh8MA&ixlib=rb-4.1.0&q=80&w=1080,"2017 is Shanghai Big World 100 years
2017是上海大世界建成100周年",False,False,True
广州-广州塔-0833,广州塔,广州,城市风光,canton tower | guangzhou tower | 广州塔,广州塔,https://images.unsplash.com/photo-1530021382214-1fc6e31513d5?crop=entropy&cs=tinysrgb&fit=max&fm=jpg&ixid=M3w4NTgxMzd8MHwxfHNlYXJjaHwxfHwlRTUlQjklQkYlRTUlQjclOUUlRTUlQTElOTR8ZW58MXwwfHx8MTc3Mzg4MzQzMXww&ixlib=rb-4.1.0&q=80&w=1080,Guangzhou Tower,True,False,False,pagoda,https://images.unsplash.com/photo-1528164344705-47542687000d?crop=entropy&cs=tinysrgb&fit=max&fm=jpg&ixid=M3w4NTgxMzd8MHwxfHNlYXJjaHwyfHxwYWdvZGF8ZW58MXwwfHx8MTc3Mzg4MzQzN3ww&ixlib=rb-4.1.0&q=80&w=1080,Chureito Pagoda,False,False,True
广州-陈家祠-0834,陈家祠,广州,历史文化,chen clan | chen clan academy | 陈家祠,陈家祠,,,False,True,False,陈家祠 Guangzhou,https://images.unsplash.com/photo-1730053344240-d18b816a764d?crop=entropy&cs=tinysrgb&fit=max&fm=jpg&ixid=M3w4NTgxMzd8MHwxfHNlYXJjaHw0fHwlRTklOTklODglRTUlQUUlQjYlRTclQTUlQTAlMjBHdWFuZ3pob3V8ZW58MXwwfHx8MTc3Mzg4MzQ0M3ww&ixlib=rb-4.1.0&q=80&w=1080,a hidden gem in Guangzhou 🍃,False,False,True
广州-珠江夜游-0835,珠江夜游,广州,城市风光,pearl river | 珠江,珠江夜游,https://images.unsplash.com/photo-1560951803-8d0d8c876bff?crop=entropy&cs=tinysrgb&fit=max&fm=jpg&ixid=M3w4NTgxMzd8MHwxfHNlYXJjaHwxfHwlRTclOEYlQTAlRTYlQjElOUYlRTUlQTQlOUMlRTYlQjglQjh8ZW58MXwwfHx8MTc3Mzg4MzQ0N3ww&ixlib=rb-4.1.0&q=80&w=1080,body of water near buildings,False,False,True,珠江夜游 Guangzhou,https://images.unsplash.com/photo-1535391879778-3bae11d29a24?crop=entropy&cs=tinysrgb&fit=max&fm=jpg&ixid=M3w4NTgxMzd8MHwxfHNlYXJjaHwyfHwlRTclOEYlQTAlRTYlQjElOUYlRTUlQTQlOUMlRTYlQjglQjglMjBHdWFuZ3pob3V8ZW58MXwwfHx8MTc3Mzg4MzQ1MHww&ixlib=rb-4.1.0&q=80&w=1080,night mood in guangzhou,False,False,True
深圳-世界之窗-0836,世界之窗,深圳,休闲,window of the world | 世界之窗,世界之窗,https://images.unsplash.com/photo-1707813130463-31d492f072ea?crop=entropy&cs=tinysrgb&fit=max&fm=jpg&ixid=M3w4NTgxMzd8MHwxfHNlYXJjaHwxfHwlRTQlQjglOTYlRTclOTUlOEMlRTQlQjklOEIlRTclQUElOTd8ZW58MXwwfHx8MTc3Mzg4MzQ1M3ww&ixlib=rb-4.1.0&q=80&w=1080,a very large and colorful object with many lights,False,False,True,世界之窗 Shenzhen China landmark,https://images.unsplash.com/photo-1684745339800-c4dcd382da98?crop=entropy&cs=tinysrgb&fit=max&fm=jpg&ixid=M3w4NTgxMzd8MHwxfHNlYXJjaHw3fHwlRTQlQjglOTYlRTclOTUlOEMlRTQlQjklOEIlRTclQUElOTclMjBTaGVuemhlbiUyMENoaW5hJTIwbGFuZG1hcmt8ZW58MXwwfHx8MTc3Mzg4MzQ1OXww&ixlib=rb-4.1.0&q=80&w=1080,"Greener Cities. Li Xiang Park is located in the heart of Nanshan District, Shenzhen, facing Shennan Avenue in the north, Nanshan District Committee Building in the south, Kirin Road in the east, and Sunshine Lijing Building Group in the west, with a total area of 220,000 square meters.",False,False,True
深圳-深圳湾公园-0837,深圳湾公园,深圳,自然风光,shenzhen bay | 深圳湾,深圳湾公园,https://images.unsplash.com/photo-1651932509246-3a1296cae2f0?crop=entropy&cs=tinysrgb&fit=max&fm=jpg&ixid=M3w4NTgxMzd8MHwxfHNlYXJjaHwxfHwlRTYlQjclQjElRTUlOUMlQjMlRTYlQjklQkUlRTUlODUlQUMlRTUlOUIlQUR8ZW58MXwwfHx8MTc3Mzg4MzQ2MHww&ixlib=rb-4.1.0&q=80&w=1080,Birds  in 深圳湾公园,True,False,False,,,,False,True,False
成都-锦里-0838,锦里,成都,历史文化,jinli | 锦里,锦里,,,False,True,False,,,,False,True,False
成都-宽窄巷子-0839,宽窄巷子,成都,历史文化,kuanzhai alley | 宽窄巷子,宽窄巷子,,,False,True,False,,,,False,True,False
成都-成都大熊猫繁育研究基地-0840,成都大熊猫繁育研究基地,成都,自然风光,panda | chengdu research base | 熊猫,成都大熊猫繁育研究基地,,,False,True,False,Chengdu Research Base of Giant Panda Breeding Chengdu China,https://images.unsplash.com/photo-1504713721722-f73b4ccdfe6a?crop=entropy&cs=tinysrgb&fit=max&fm=jpg&ixid=M3w4NTgxMzd8MHwxfHNlYXJjaHwxMHx8Q2hlbmdkdSUyMFJlc2VhcmNoJTIwQmFzZSUyMG9mJTIwR2lhbnQlMjBQYW5kYSUyMEJyZWVkaW5nJTIwQ2hlbmdkdSUyMENoaW5hfGVufDF8MHx8fDE3NzM4NDY1NDZ8MA&ixlib=rb-4.1.0&q=80&w=1080,"A giant panda cub chilling in a tree at the Chengdu Research Base of Giant Panda Breeding. It was such a fun visit, with the cubs running around and playing with each other and the adults gluttonously eating loads of bamboo.",True,False,False
杭州-西湖-0841,西湖,杭州,自然风光,west lake | 西湖,西湖,,,False,True,False,,,,False,True,False
杭州-灵隐寺-0842,灵隐寺,杭州,历史文化,lingyin | lingyin temple | 灵隐寺,灵隐寺,,,False,True,False,,,,False,True,False
南京-夫子庙-0843,夫子庙,南京,历史文化,confucius temple | 夫子庙,夫子庙,,,False,True,False,,,,False,True,False
南京-中山陵-0844,中山陵,南京,历史文化,sun yat-sen mausoleum | 中山陵,中山陵,,,False,True,False,,,,False,True,False
苏州-拙政园-0845,拙政园,苏州,历史文化,humble administrator's garden | 拙政园,拙政园,,,False,True,False,,,,False,True,False
苏州-平江路-0846,平江路,苏州,历史文化,pingjiang road | 平江路,平江路,,,False,True,False,,,,False,True,False
武汉-黄鹤楼-0847,黄鹤楼,武汉,历史文化,yellow crane tower | 黄鹤楼,黄鹤楼,,,False,True,False,,,,False,True,False
武汉-东湖-0848,东湖,武汉,自然风光,east lake | donghu | 东湖,东湖,,,False,True,False,,,,False,True,False
西安-兵马俑-0849,兵马俑,西安,历史文化,terracotta | terracotta army | 兵马俑,兵马俑,,,False,True,False,Terracotta Army,https://images.unsplash.com/photo-1527922891260-918d42a4efc8?crop=entropy&cs=tinysrgb&fit=max&fm=jpg&ixid=M3w4NTgxMzd8MHwxfHNlYXJjaHwxfHxUZXJyYWNvdHRhJTIwQXJteXxlbnwxfDB8fHwxNzczODQ2NTQwfDA&ixlib=rb-4.1.0&q=80&w=1080,"In today’s world of easy access information and increasingly amazing imagery you can often be left underwhelmed when seeing something in reality, It was a plesant surprise to find the Terracotta Army did not just live up to the hype but thoroughly exceeded it, a truly awe inspiring site that they have only just scratched the surface of  

The scale of the site and in particular what is still under the ground is mind bending",True,False,False
西安-大雁塔-0850,大雁塔,西安,历史文化,giant wild goose pagoda | 大雁塔,大雁塔,,,False,True,False,,,,False,True,False
北京-故宫-0851,故宫,北京,历史文化,forbidden city | palace museum | 故宫 | 紫禁城,故宫,https://images.unsplash.com/photo-1636550230446-7632d97d1e77?crop=entropy&cs=tinysrgb&fit=max&fm=jpg&ixid=M3w4NTgxMzd8MHwxfHNlYXJjaHwxfHwlRTYlOTUlODUlRTUlQUUlQUJ8ZW58MXwwfHx8MTc3Mzg0NTAyM3ww&ixlib=rb-4.1.0&q=80&w=1080,故宫雪景,True,False,False,故宫 北京,https://images.unsplash.com/photo-1620826502427-9e8faa18d3f0?crop=entropy&cs=tinysrgb&fit=max&fm=jpg&ixid=M3w4NTgxMzd8MHwxfHNlYXJjaHwxMHx8JUU2JTk1JTg1JUU1JUFFJUFCJTIwJUU1JThDJTk3JUU0JUJBJUFDfGVufDF8MHx8fDE3NzM4NDUwMjd8MA&ixlib=rb-4.1.0&q=80&w=1080,北京故宫博物院,True,False,False
北京-天坛-0852,天坛,北京,历史文化,temple of heaven | 天坛,天坛,https://images.unsplash.com/photo-1584872589930-e99fe5bf4408?crop=entropy&cs=tinysrgb&fit=max&fm=jpg&ixid=M3w4NTgxMzd8MHwxfHNlYXJjaHwxfHwlRTUlQTQlQTklRTUlOUQlOUJ8ZW58MXwwfHx8MTc3Mzg0NTAzMHww&ixlib=rb-4.1.0&q=80&w=1080,"The Temple of Heaven, Beijing, China.",True,False,False,天坛 北京,https://images.unsplash.com/photo-1620033370499-c85e0122f1fc?crop=entropy&cs=tinysrgb&fit=max&fm=jpg&ixid=M3w4NTgxMzd8MHwxfHNlYXJjaHw3fHwlRTUlQTQlQTklRTUlOUQlOUIlMjAlRTUlOEMlOTclRTQlQkElQUN8ZW58MXwwfHx8MTc3Mzg0NTAzNHww&ixlib=rb-4.1.0&q=80&w=1080,北京天坛公园,True,False,False
北京-颐和园-0853,颐和园,北京,历史文化,summer palace | 颐和园,颐和园,https://images.unsplash.com/photo-1669382485231-ef86d9fa986f?crop=entropy&cs=tinysrgb&fit=max&fm=jpg&ixid=M3w4NTgxMzd8MHwxfHNlYXJjaHwxfHwlRTklQTIlOTAlRTUlOTIlOEMlRTUlOUIlQUR8ZW58MXwwfHx8MTc3Mzg4MzM5M3ww&ixlib=rb-4.1.0&q=80&w=1080,北京颐和园,True,False,False,颐和园 北京,https://images.unsplash.com/photo-1620822102340-47c32da50fef?crop=entropy&cs=tinysrgb&fit=max&fm=jpg&ixid=M3w4NTgxMzd8MHwxfHNlYXJjaHwyfHwlRTklQTIlOTAlRTUlOTIlOEMlRTUlOUIlQUQlMjAlRTUlOEMlOTclRTQlQkElQUN8ZW58MXwwfHx8MTc3Mzg4MzM5NHww&ixlib=rb-4.1.0&q=80&w=1080,北京颐和园,True,False,False
北京-八达岭长城-0854,八达岭长城,北京,历史文化,great wall | badaling | 长城,八达岭长城,,,False,True,False,Great Wall Beijing China,https://images.unsplash.com/photo-1724076202408-bfa5548a2b1d?crop=entropy&cs=tinysrgb&fit=max&fm=jpg&ixid=M3w4NTgxMzd8MHwxfHNlYXJjaHw2fHxHcmVhdCUyMFdhbGwlMjBCZWlqaW5nJTIwQ2hpbmF8ZW58MXwwfHx8MTc3Mzg4MzQwOHww&ixlib=rb-4.1.0&q=80&w=1080,"The Great Wall is a must for a China tour, while Badaling is a must for a Great Wall tour. Badaling Great Wall in Beijing is the best-preserved and most complete section among the various, hence the most popular, even among world leaders.",True,False,False
上海-外滩-0855,外滩,上海,城市风光,the bund | waitan | 外滩,外滩,https://images.unsplash.com/photo-1718427778421-ad719f965738?crop=entropy&cs=tinysrgb&fit=max&fm=jpg&ixid=M3w4NTgxMzd8MHwxfHNlYXJjaHwxfHwlRTUlQTQlOTYlRTYlQkIlQTl8ZW58MXwwfHx8MTc3Mzg0NTAzNnww&ixlib=rb-4.1.0&q=80&w=1080,a view of a large city with tall buildings,False,False,True,外滩 Shanghai,https://images.unsplash.com/photo-1592311800804-1b72948c1a99?crop=entropy&cs=tinysrgb&fit=max&fm=jpg&ixid=M3w4NTgxMzd8MHwxfHNlYXJjaHwyfHwlRTUlQTQlOTYlRTYlQkIlQTklMjBTaGFuZ2hhaXxlbnwxfDB8fHwxNzczODQ2NTM1fDA&ixlib=rb-4.1.0&q=80&w=1080,"The Bund
外滩",True,False,False
上海-东方明珠-0856,东方明珠,上海,城市风光,oriental pearl | 东方明珠,东方明珠,https://images.unsplash.com/photo-1508742066636-3b9fb738ee0e?crop=entropy&cs=tinysrgb&fit=max&fm=jpg&ixid=M3w4NTgxMzd8MHwxfHNlYXJjaHwxfHwlRTQlQjglOUMlRTYlOTYlQjklRTYlOTglOEUlRTclOEYlQTB8ZW58MXwwfHx8MTc3Mzg4MzQxOHww&ixlib=rb-4.1.0&q=80&w=1080,body of water beside city,False,False,True,东方明珠 Shanghai,https://images.unsplash.com/photo-1509189692239-6c2bb03eac8a?crop=entropy&cs=tinysrgb&fit=max&fm=jpg&ixid=M3w4NTgxMzd8MHwxfHNlYXJjaHwxMHx8JUU0JUI4JTlDJUU2JTk2JUI5JUU2JTk4JThFJUU3JThGJUEwJTIwU2hhbmdoYWl8ZW58MXwwfHx8MTc3Mzg4MzQyMXww&ixlib=rb-4.1.0&q=80&w=1080,上海东方明珠,True,False,False
上海-迪士尼乐园-0857,迪士尼乐园,上海,休闲,disney | disneyland | 迪士尼,迪士尼乐园,,,False,True,False,迪士尼乐园 Shanghai China,https://images.unsplash.com/photo-1506660889812-c5ba0c735d91?crop=entropy&cs=tinysrgb&fit=max&fm=jpg&ixid=M3w4NTgxMzd8MHwxfHNlYXJjaHw5fHwlRTglQkYlQUElRTUlQTMlQUIlRTUlQjAlQkMlRTQlQjklOTAlRTUlOUIlQUQlMjBTaGFuZ2hhaSUyMENoaW5hfGVufDF8MHx8fDE3NzM4ODM0Mjh8MA&ixlib=rb-4.1.0&q=80&w=1080,"2017 is Shanghai Big World 100 years
2017是上海大世界建成100周年",False,False,True
广州-广州塔-0858,广州塔,广州,城市风光,canton tower | guangzhou tower | 广州塔,广州塔,https://images.unsplash.com/photo-1530021382214-1fc6e31513d5?crop=entropy&cs=tinysrgb&fit=max&fm=jpg&ixid=M3w4NTgxMzd8MHwxfHNlYXJjaHwxfHwlRTUlQjklQkYlRTUlQjclOUUlRTUlQTElOTR8ZW58MXwwfHx8MTc3Mzg4MzQzMXww&ixlib=rb-4.1.0&q=80&w=1080,Guangzhou Tower,True,False,False,pagoda,https://images.unsplash.com/photo-1528164344705-47542687000d?crop=entropy&cs=tinysrgb&fit=max&fm=jpg&ixid=M3w4NTgxMzd8MHwxfHNlYXJjaHwyfHxwYWdvZGF8ZW58MXwwfHx8MTc3Mzg4MzQzN3ww&ixlib=rb-4.1.0&q=80&w=1080,Chureito Pagoda,False,False,True
广州-陈家祠-0859,陈家祠,广州,历史文化,chen clan | chen clan academy | 陈家祠,陈家祠,,,False,True,False,陈家祠 Guangzhou,https://images.unsplash.com/photo-1730053344240-d18b816a764d?crop=entropy&cs=tinysrgb&fit=max&fm=jpg&ixid=M3w4NTgxMzd8MHwxfHNlYXJjaHw0fHwlRTklOTklODglRTUlQUUlQjYlRTclQTUlQTAlMjBHdWFuZ3pob3V8ZW58MXwwfHx8MTc3Mzg4MzQ0M3ww&ixlib=rb-4.1.0&q=80&w=1080,a hidden gem in Guangzhou 🍃,False,False,True
广州-珠江夜游-0860,珠江夜游,广州,城市风光,pearl river | 珠江,珠江夜游,https://images.unsplash.com/photo-1560951803-8d0d8c876bff?crop=entropy&cs=tinysrgb&fit=max&fm=jpg&ixid=M3w4NTgxMzd8MHwxfHNlYXJjaHwxfHwlRTclOEYlQTAlRTYlQjElOUYlRTUlQTQlOUMlRTYlQjglQjh8ZW58MXwwfHx8MTc3Mzg4MzQ0N3ww&ixlib=rb-4.1.0&q=80&w=1080,body of water near buildings,False,False,True,珠江夜游 Guangzhou,https://images.unsplash.com/photo-1535391879778-3bae11d29a24?crop=entropy&cs=tinysrgb&fit=max&fm=jpg&ixid=M3w4NTgxMzd8MHwxfHNlYXJjaHwyfHwlRTclOEYlQTAlRTYlQjElOUYlRTUlQTQlOUMlRTYlQjglQjglMjBHdWFuZ3pob3V8ZW58MXwwfHx8MTc3Mzg4MzQ1MHww&ixlib=rb-4.1.0&q=80&w=1080,night mood in guangzhou,False,False,True
深圳-世界之窗-0861,世界之窗,深圳,休闲,window of the world | 世界之窗,世界之窗,https://images.unsplash.com/photo-1707813130463-31d492f072ea?crop=entropy&cs=tinysrgb&fit=max&fm=jpg&ixid=M3w4NTgxMzd8MHwxfHNlYXJjaHwxfHwlRTQlQjglOTYlRTclOTUlOEMlRTQlQjklOEIlRTclQUElOTd8ZW58MXwwfHx8MTc3Mzg4MzQ1M3ww&ixlib=rb-4.1.0&q=80&w=1080,a very large and colorful object with many lights,False,False,True,世界之窗 Shenzhen China landmark,https://images.unsplash.com/photo-1684745339800-c4dcd382da98?crop=entropy&cs=tinysrgb&fit=max&fm=jpg&ixid=M3w4NTgxMzd8MHwxfHNlYXJjaHw3fHwlRTQlQjglOTYlRTclOTUlOEMlRTQlQjklOEIlRTclQUElOTclMjBTaGVuemhlbiUyMENoaW5hJTIwbGFuZG1hcmt8ZW58MXwwfHx8MTc3Mzg4MzQ1OXww&ixlib=rb-4.1.0&q=80&w=1080,"Greener Cities. Li Xiang Park is located in the heart of Nanshan District, Shenzhen, facing Shennan Avenue in the north, Nanshan District Committee Building in the south, Kirin Road in the east, and Sunshine Lijing Building Group in the west, with a total area of 220,000 square meters.",False,False,True
深圳-深圳湾公园-0862,深圳湾公园,深圳,自然风光,shenzhen bay | 深圳湾,深圳湾公园,https://images.unsplash.com/photo-1651932509246-3a1296cae2f0?crop=entropy&cs=tinysrgb&fit=max&fm=jpg&ixid=M3w4NTgxMzd8MHwxfHNlYXJjaHwxfHwlRTYlQjclQjElRTUlOUMlQjMlRTYlQjklQkUlRTUlODUlQUMlRTUlOUIlQUR8ZW58MXwwfHx8MTc3Mzg4MzQ2MHww&ixlib=rb-4.1.0&q=80&w=1080,Birds  in 深圳湾公园,True,False,False,,,,False,True,False
成都-锦里-0863,锦里,成都,历史文化,jinli | 锦里,锦里,,,False,True,False,,,,False,True,False
成都-宽窄巷子-0864,宽窄巷子,成都,历史文化,kuanzhai alley | 宽窄巷子,宽窄巷子,,,False,True,False,,,,False,True,False
成都-成都大熊猫繁育研究基地-0865,成都大熊猫繁育研究基地,成都,自然风光,panda | chengdu research base | 熊猫,成都大熊猫繁育研究基地,,,False,True,False,Chengdu Research Base of Giant Panda Breeding Chengdu China,https://images.unsplash.com/photo-1504713721722-f73b4ccdfe6a?crop=entropy&cs=tinysrgb&fit=max&fm=jpg&ixid=M3w4NTgxMzd8MHwxfHNlYXJjaHwxMHx8Q2hlbmdkdSUyMFJlc2VhcmNoJTIwQmFzZSUyMG9mJTIwR2lhbnQlMjBQYW5kYSUyMEJyZWVkaW5nJTIwQ2hlbmdkdSUyMENoaW5hfGVufDF8MHx8fDE3NzM4NDY1NDZ8MA&ixlib=rb-4.1.0&q=80&w=1080,"A giant panda cub chilling in a tree at the Chengdu Research Base of Giant Panda Breeding. It was such a fun visit, with the cubs running around and playing with each other and the adults gluttonously eating loads of bamboo.",True,False,False
杭州-西湖-0866,西湖,杭州,自然风光,west lake | 西湖,西湖,,,False,True,False,,,,False,True,False
杭州-灵隐寺-0867,灵隐寺,杭州,历史文化,lingyin | lingyin temple | 灵隐寺,灵隐寺,,,False,True,False,,,,False,True,False
南京-夫子庙-0868,夫子庙,南京,历史文化,confucius temple | 夫子庙,夫子庙,,,False,True,False,,,,False,True,False
南京-中山陵-0869,中山陵,南京,历史文化,sun yat-sen mausoleum | 中山陵,中山陵,,,False,True,False,,,,False,True,False
苏州-拙政园-0870,拙政园,苏州,历史文化,humble administrator's garden | 拙政园,拙政园,,,False,True,False,,,,False,True,False
苏州-平江路-0871,平江路,苏州,历史文化,pingjiang road | 平江路,平江路,,,False,True,False,,,,False,True,False
武汉-黄鹤楼-0872,黄鹤楼,武汉,历史文化,yellow crane tower | 黄鹤楼,黄鹤楼,,,False,True,False,,,,False,True,False
武汉-东湖-0873,东湖,武汉,自然风光,east lake | donghu | 东湖,东湖,,,False,True,False,,,,False,True,False
西安-兵马俑-0874,兵马俑,西安,历史文化,terracotta | terracotta army | 兵马俑,兵马俑,,,False,True,False,Terracotta Army,https://images.unsplash.com/photo-1527922891260-918d42a4efc8?crop=entropy&cs=tinysrgb&fit=max&fm=jpg&ixid=M3w4NTgxMzd8MHwxfHNlYXJjaHwxfHxUZXJyYWNvdHRhJTIwQXJteXxlbnwxfDB8fHwxNzczODQ2NTQwfDA&ixlib=rb-4.1.0&q=80&w=1080,"In today’s world of easy access information and increasingly amazing imagery you can often be left underwhelmed when seeing something in reality, It was a plesant surprise to find the Terracotta Army did not just live up to the hype but thoroughly exceeded it, a truly awe inspiring site that they have only just scratched the surface of  

The scale of the site and in particular what is still under the ground is mind bending",True,False,False
西安-大雁塔-0875,大雁塔,西安,历史文化,giant wild goose pagoda | 大雁塔,大雁塔,,,False,True,False,,,,False,True,False
北京-故宫-0876,故宫,北京,历史文化,forbidden city | palace museum | 故宫 | 紫禁城,故宫,https://images.unsplash.com/photo-1636550230446-7632d97d1e77?crop=entropy&cs=tinysrgb&fit=max&fm=jpg&ixid=M3w4NTgxMzd8MHwxfHNlYXJjaHwxfHwlRTYlOTUlODUlRTUlQUUlQUJ8ZW58MXwwfHx8MTc3Mzg0NTAyM3ww&ixlib=rb-4.1.0&q=80&w=1080,故宫雪景,True,False,False,故宫 北京,https://images.unsplash.com/photo-1620826502427-9e8faa18d3f0?crop=entropy&cs=tinysrgb&fit=max&fm=jpg&ixid=M3w4NTgxMzd8MHwxfHNlYXJjaHwxMHx8JUU2JTk1JTg1JUU1JUFFJUFCJTIwJUU1JThDJTk3JUU0JUJBJUFDfGVufDF8MHx8fDE3NzM4NDUwMjd8MA&ixlib=rb-4.1.0&q=80&w=1080,北京故宫博物院,True,False,False
北京-天坛-0877,天坛,北京,历史文化,temple of heaven | 天坛,天坛,https://images.unsplash.com/photo-1584872589930-e99fe5bf4408?crop=entropy&cs=tinysrgb&fit=max&fm=jpg&ixid=M3w4NTgxMzd8MHwxfHNlYXJjaHwxfHwlRTUlQTQlQTklRTUlOUQlOUJ8ZW58MXwwfHx8MTc3Mzg0NTAzMHww&ixlib=rb-4.1.0&q=80&w=1080,"The Temple of Heaven, Beijing, China.",True,False,False,天坛 北京,https://images.unsplash.com/photo-1620033370499-c85e0122f1fc?crop=entropy&cs=tinysrgb&fit=max&fm=jpg&ixid=M3w4NTgxMzd8MHwxfHNlYXJjaHw3fHwlRTUlQTQlQTklRTUlOUQlOUIlMjAlRTUlOEMlOTclRTQlQkElQUN8ZW58MXwwfHx8MTc3Mzg0NTAzNHww&ixlib=rb-4.1.0&q=80&w=1080,北京天坛公园,True,False,False
北京-颐和园-0878,颐和园,北京,历史文化,summer palace | 颐和园,颐和园,https://images.unsplash.com/photo-1669382485231-ef86d9fa986f?crop=entropy&cs=tinysrgb&fit=max&fm=jpg&ixid=M3w4NTgxMzd8MHwxfHNlYXJjaHwxfHwlRTklQTIlOTAlRTUlOTIlOEMlRTUlOUIlQUR8ZW58MXwwfHx8MTc3Mzg4MzM5M3ww&ixlib=rb-4.1.0&q=80&w=1080,北京颐和园,True,False,False,颐和园 北京,https://images.unsplash.com/photo-1620822102340-47c32da50fef?crop=entropy&cs=tinysrgb&fit=max&fm=jpg&ixid=M3w4NTgxMzd8MHwxfHNlYXJjaHwyfHwlRTklQTIlOTAlRTUlOTIlOEMlRTUlOUIlQUQlMjAlRTUlOEMlOTclRTQlQkElQUN8ZW58MXwwfHx8MTc3Mzg4MzM5NHww&ixlib=rb-4.1.0&q=80&w=1080,北京颐和园,True,False,False
北京-八达岭长城-0879,八达岭长城,北京,历史文化,great wall | badaling | 长城,八达岭长城,,,False,True,False,Great Wall Beijing China,https://images.unsplash.com/photo-1724076202408-bfa5548a2b1d?crop=entropy&cs=tinysrgb&fit=max&fm=jpg&ixid=M3w4NTgxMzd8MHwxfHNlYXJjaHw2fHxHcmVhdCUyMFdhbGwlMjBCZWlqaW5nJTIwQ2hpbmF8ZW58MXwwfHx8MTc3Mzg4MzQwOHww&ixlib=rb-4.1.0&q=80&w=1080,"The Great Wall is a must for a China tour, while Badaling is a must for a Great Wall tour. Badaling Great Wall in Beijing is the best-preserved and most complete section among the various, hence the most popular, even among world leaders.",True,False,False
上海-外滩-0880,外滩,上海,城市风光,the bund | waitan | 外滩,外滩,https://images.unsplash.com/photo-1718427778421-ad719f965738?crop=entropy&cs=tinysrgb&fit=max&fm=jpg&ixid=M3w4NTgxMzd8MHwxfHNlYXJjaHwxfHwlRTUlQTQlOTYlRTYlQkIlQTl8ZW58MXwwfHx8MTc3Mzg0NTAzNnww&ixlib=rb-4.1.0&q=80&w=1080,a view of a large city with tall buildings,False,False,True,外滩 Shanghai,https://images.unsplash.com/photo-1592311800804-1b72948c1a99?crop=entropy&cs=tinysrgb&fit=max&fm=jpg&ixid=M3w4NTgxMzd8MHwxfHNlYXJjaHwyfHwlRTUlQTQlOTYlRTYlQkIlQTklMjBTaGFuZ2hhaXxlbnwxfDB8fHwxNzczODQ2NTM1fDA&ixlib=rb-4.1.0&q=80&w=1080,"The Bund
外滩",True,False,False
上海-东方明珠-0881,东方明珠,上海,城市风光,oriental pearl | 东方明珠,东方明珠,https://images.unsplash.com/photo-1508742066636-3b9fb738ee0e?crop=entropy&cs=tinysrgb&fit=max&fm=jpg&ixid=M3w4NTgxMzd8MHwxfHNlYXJjaHwxfHwlRTQlQjglOUMlRTYlOTYlQjklRTYlOTglOEUlRTclOEYlQTB8ZW58MXwwfHx8MTc3Mzg4MzQxOHww&ixlib=rb-4.1.0&q=80&w=1080,body of water beside city,False,False,True,东方明珠 Shanghai,https://images.unsplash.com/photo-1509189692239-6c2bb03eac8a?crop=entropy&cs=tinysrgb&fit=max&fm=jpg&ixid=M3w4NTgxMzd8MHwxfHNlYXJjaHwxMHx8JUU0JUI4JTlDJUU2JTk2JUI5JUU2JTk4JThFJUU3JThGJUEwJTIwU2hhbmdoYWl8ZW58MXwwfHx8MTc3Mzg4MzQyMXww&ixlib=rb-4.1.0&q=80&w=1080,上海东方明珠,True,False,False
上海-迪士尼乐园-0882,迪士尼乐园,上海,休闲,disney | disneyland | 迪士尼,迪士尼乐园,,,False,True,False,迪士尼乐园 Shanghai China,https://images.unsplash.com/photo-1506660889812-c5ba0c735d91?crop=entropy&cs=tinysrgb&fit=max&fm=jpg&ixid=M3w4NTgxMzd8MHwxfHNlYXJjaHw5fHwlRTglQkYlQUElRTUlQTMlQUIlRTUlQjAlQkMlRTQlQjklOTAlRTUlOUIlQUQlMjBTaGFuZ2hhaSUyMENoaW5hfGVufDF8MHx8fDE3NzM4ODM0Mjh8MA&ixlib=rb-4.1.0&q=80&w=1080,"2017 is Shanghai Big World 100 years
2017是上海大世界建成100周年",False,False,True
广州-广州塔-0883,广州塔,广州,城市风光,canton tower | guangzhou tower | 广州塔,广州塔,https://images.unsplash.com/photo-1530021382214-1fc6e31513d5?crop=entropy&cs=tinysrgb&fit=max&fm=jpg&ixid=M3w4NTgxMzd8MHwxfHNlYXJjaHwxfHwlRTUlQjklQkYlRTUlQjclOUUlRTUlQTElOTR8ZW58MXwwfHx8MTc3Mzg4MzQzMXww&ixlib=rb-4.1.0&q=80&w=1080,Guangzhou Tower,True,False,False,pagoda,https://images.unsplash.com/photo-1528164344705-47542687000d?crop=entropy&cs=tinysrgb&fit=max&fm=jpg&ixid=M3w4NTgxMzd8MHwxfHNlYXJjaHwyfHxwYWdvZGF8ZW58MXwwfHx8MTc3Mzg4MzQzN3ww&ixlib=rb-4.1.0&q=80&w=1080,Chureito Pagoda,False,False,True
广州-陈家祠-0884,陈家祠,广州,历史文化,chen clan | chen clan academy | 陈家祠,陈家祠,,,False,True,False,陈家祠 Guangzhou,https://images.unsplash.com/photo-1730053344240-d18b816a764d?crop=entropy&cs=tinysrgb&fit=max&fm=jpg&ixid=M3w4NTgxMzd8MHwxfHNlYXJjaHw0fHwlRTklOTklODglRTUlQUUlQjYlRTclQTUlQTAlMjBHdWFuZ3pob3V8ZW58MXwwfHx8MTc3Mzg4MzQ0M3ww&ixlib=rb-4.1.0&q=80&w=1080,a hidden gem in Guangzhou 🍃,False,False,True
广州-珠江夜游-0885,珠江夜游,广州,城市风光,pearl river | 珠江,珠江夜游,https://images.unsplash.com/photo-1560951803-8d0d8c876bff?crop=entropy&cs=tinysrgb&fit=max&fm=jpg&ixid=M3w4NTgxMzd8MHwxfHNlYXJjaHwxfHwlRTclOEYlQTAlRTYlQjElOUYlRTUlQTQlOUMlRTYlQjglQjh8ZW58MXwwfHx8MTc3Mzg4MzQ0N3ww&ixlib=rb-4.1.0&q=80&w=1080,body of water near buildings,False,False,True,珠江夜游 Guangzhou,https://images.unsplash.com/photo-1535391879778-3bae11d29a24?crop=entropy&cs=tinysrgb&fit=max&fm=jpg&ixid=M3w4NTgxMzd8MHwxfHNlYXJjaHwyfHwlRTclOEYlQTAlRTYlQjElOUYlRTUlQTQlOUMlRTYlQjglQjglMjBHdWFuZ3pob3V8ZW58MXwwfHx8MTc3Mzg4MzQ1MHww&ixlib=rb-4.1.0&q=80&w=1080,night mood in guangzhou,False,False,True
深圳-世界之窗-0886,世界之窗,深圳,休闲,window of the world | 世界之窗,世界之窗,https://images.unsplash.com/photo-1707813130463-31d492f072ea?crop=entropy&cs=tinysrgb&fit=max&fm=jpg&ixid=M3w4NTgxMzd8MHwxfHNlYXJjaHwxfHwlRTQlQjglOTYlRTclOTUlOEMlRTQlQjklOEIlRTclQUElOTd8ZW58MXwwfHx8MTc3Mzg4MzQ1M3ww&ixlib=rb-4.1.0&q=80&w=1080,a very large and colorful object with many lights,False,False,True,世界之窗 Shenzhen China landmark,https://images.unsplash.com/photo-1684745339800-c4dcd382da98?crop=entropy&cs=tinysrgb&fit=max&fm=jpg&ixid=M3w4NTgxMzd8MHwxfHNlYXJjaHw3fHwlRTQlQjglOTYlRTclOTUlOEMlRTQlQjklOEIlRTclQUElOTclMjBTaGVuemhlbiUyMENoaW5hJTIwbGFuZG1hcmt8ZW58MXwwfHx8MTc3Mzg4MzQ1OXww&ixlib=rb-4.1.0&q=80&w=1080,"Greener Cities. Li Xiang Park is located in the heart of Nanshan District, Shenzhen, facing Shennan Avenue in the north, Nanshan District Committee Building in the south, Kirin Road in the east, and Sunshine Lijing Building Group in the west, with a total area of 220,000 square meters.",False,False,True
深圳-深圳湾公园-0887,深圳湾公园,深圳,自然风光,shenzhen bay | 深圳湾,深圳湾公园,https://images.unsplash.com/photo-1651932509246-3a1296cae2f0?crop=entropy&cs=tinysrgb&fit=max&fm=jpg&ixid=M3w4NTgxMzd8MHwxfHNlYXJjaHwxfHwlRTYlQjclQjElRTUlOUMlQjMlRTYlQjklQkUlRTUlODUlQUMlRTUlOUIlQUR8ZW58MXwwfHx8MTc3Mzg4MzQ2MHww&ixlib=rb-4.1.0&q=80&w=1080,Birds  in 深圳湾公园,True,False,False,,,,False,True,False
成都-锦里-0888,锦里,成都,历史文化,jinli | 锦里,锦里,,,False,True,False,,,,False,True,False
成都-宽窄巷子-0889,宽窄巷子,成都,历史文化,kuanzhai alley | 宽窄巷子,宽窄巷子,,,False,True,False,,,,False,True,False
成都-成都大熊猫繁育研究基地-0890,成都大熊猫繁育研究基地,成都,自然风光,panda | chengdu research base | 熊猫,成都大熊猫繁育研究基地,,,False,True,False,Chengdu Research Base of Giant Panda Breeding Chengdu China,https://images.unsplash.com/photo-1504713721722-f73b4ccdfe6a?crop=entropy&cs=tinysrgb&fit=max&fm=jpg&ixid=M3w4NTgxMzd8MHwxfHNlYXJjaHwxMHx8Q2hlbmdkdSUyMFJlc2VhcmNoJTIwQmFzZSUyMG9mJTIwR2lhbnQlMjBQYW5kYSUyMEJyZWVkaW5nJTIwQ2hlbmdkdSUyMENoaW5hfGVufDF8MHx8fDE3NzM4NDY1NDZ8MA&ixlib=rb-4.1.0&q=80&w=1080,"A giant panda cub chilling in a tree at the Chengdu Research Base of Giant Panda Breeding. It was such a fun visit, with the cubs running around and playing with each other and the adults gluttonously eating loads of bamboo.",True,False,False
杭州-西湖-0891,西湖,杭州,自然风光,west lake | 西湖,西湖,,,False,True,False,,,,False,True,False
杭州-灵隐寺-0892,灵隐寺,杭州,历史文化,lingyin | lingyin temple | 灵隐寺,灵隐寺,,,False,True,False,,,,False,True,False
南京-夫子庙-0893,夫子庙,南京,历史文化,confucius temple | 夫子庙,夫子庙,,,False,True,False,,,,False,True,False
南京-中山陵-0894,中山陵,南京,历史文化,sun yat-sen mausoleum | 中山陵,中山陵,,,False,True,False,,,,False,True,False
苏州-拙政园-0895,拙政园,苏州,历史文化,humble administrator's garden | 拙政园,拙政园,,,False,True,False,,,,False,True,False
苏州-平江路-0896,平江路,苏州,历史文化,pingjiang road | 平江路,平江路,,,False,True,False,,,,False,True,False
武汉-黄鹤楼-0897,黄鹤楼,武汉,历史文化,yellow crane tower | 黄鹤楼,黄鹤楼,,,False,True,False,,,,False,True,False
武汉-东湖-0898,东湖,武汉,自然风光,east lake | donghu | 东湖,东湖,,,False,True,False,,,,False,True,False
西安-兵马俑-0899,兵马俑,西安,历史文化,terracotta | terracotta army | 兵马俑,兵马俑,,,False,True,False,Terracotta Army,https://images.unsplash.com/photo-1527922891260-918d42a4efc8?crop=entropy&cs=tinysrgb&fit=max&fm=jpg&ixid=M3w4NTgxMzd8MHwxfHNlYXJjaHwxfHxUZXJyYWNvdHRhJTIwQXJteXxlbnwxfDB8fHwxNzczODQ2NTQwfDA&ixlib=rb-4.1.0&q=80&w=1080,"In today’s world of easy access information and increasingly amazing imagery you can often be left underwhelmed when seeing something in reality, It was a plesant surprise to find the Terracotta Army did not just live up to the hype but thoroughly exceeded it, a truly awe inspiring site that they have only just scratched the surface of  

The scale of the site and in particular what is still under the ground is mind bending",True,False,False
西安-大雁塔-0900,大雁塔,西安,历史文化,giant wild goose pagoda | 大雁塔,大雁塔,,,False,True,False,,,,False,True,False
北京-故宫-0901,故宫,北京,历史文化,forbidden city | palace museum | 故宫 | 紫禁城,故宫,https://images.unsplash.com/photo-1636550230446-7632d97d1e77?crop=entropy&cs=tinysrgb&fit=max&fm=jpg&ixid=M3w4NTgxMzd8MHwxfHNlYXJjaHwxfHwlRTYlOTUlODUlRTUlQUUlQUJ8ZW58MXwwfHx8MTc3Mzg0NTAyM3ww&ixlib=rb-4.1.0&q=80&w=1080,故宫雪景,True,False,False,故宫 北京,https://images.unsplash.com/photo-1620826502427-9e8faa18d3f0?crop=entropy&cs=tinysrgb&fit=max&fm=jpg&ixid=M3w4NTgxMzd8MHwxfHNlYXJjaHwxMHx8JUU2JTk1JTg1JUU1JUFFJUFCJTIwJUU1JThDJTk3JUU0JUJBJUFDfGVufDF8MHx8fDE3NzM4NDUwMjd8MA&ixlib=rb-4.1.0&q=80&w=1080,北京故宫博物院,True,False,False
北京-天坛-0902,天坛,北京,历史文化,temple of heaven | 天坛,天坛,https://images.unsplash.com/photo-1584872589930-e99fe5bf4408?crop=entropy&cs=tinysrgb&fit=max&fm=jpg&ixid=M3w4NTgxMzd8MHwxfHNlYXJjaHwxfHwlRTUlQTQlQTklRTUlOUQlOUJ8ZW58MXwwfHx8MTc3Mzg0NTAzMHww&ixlib=rb-4.1.0&q=80&w=1080,"The Temple of Heaven, Beijing, China.",True,False,False,天坛 北京,https://images.unsplash.com/photo-1620033370499-c85e0122f1fc?crop=entropy&cs=tinysrgb&fit=max&fm=jpg&ixid=M3w4NTgxMzd8MHwxfHNlYXJjaHw3fHwlRTUlQTQlQTklRTUlOUQlOUIlMjAlRTUlOEMlOTclRTQlQkElQUN8ZW58MXwwfHx8MTc3Mzg0NTAzNHww&ixlib=rb-4.1.0&q=80&w=1080,北京天坛公园,True,False,False
北京-颐和园-0903,颐和园,北京,历史文化,summer palace | 颐和园,颐和园,https://images.unsplash.com/photo-1669382485231-ef86d9fa986f?crop=entropy&cs=tinysrgb&fit=max&fm=jpg&ixid=M3w4NTgxMzd8MHwxfHNlYXJjaHwxfHwlRTklQTIlOTAlRTUlOTIlOEMlRTUlOUIlQUR8ZW58MXwwfHx8MTc3Mzg4MzM5M3ww&ixlib=rb-4.1.0&q=80&w=1080,北京颐和园,True,False,False,颐和园 北京,https://images.unsplash.com/photo-1620822102340-47c32da50fef?crop=entropy&cs=tinysrgb&fit=max&fm=jpg&ixid=M3w4NTgxMzd8MHwxfHNlYXJjaHwyfHwlRTklQTIlOTAlRTUlOTIlOEMlRTUlOUIlQUQlMjAlRTUlOEMlOTclRTQlQkElQUN8ZW58MXwwfHx8MTc3Mzg4MzM5NHww&ixlib=rb-4.1.0&q=80&w=1080,北京颐和园,True,False,False
北京-八达岭长城-0904,八达岭长城,北京,历史文化,great wall | badaling | 长城,八达岭长城,,,False,True,False,Great Wall Beijing China,https://images.unsplash.com/photo-1724076202408-bfa5548a2b1d?crop=entropy&cs=tinysrgb&fit=max&fm=jpg&ixid=M3w4NTgxMzd8MHwxfHNlYXJjaHw2fHxHcmVhdCUyMFdhbGwlMjBCZWlqaW5nJTIwQ2hpbmF8ZW58MXwwfHx8MTc3Mzg4MzQwOHww&ixlib=rb-4.1.0&q=80&w=1080,"The Great Wall is a must for a China tour, while Badaling is a must for a Great Wall tour. Badaling Great Wall in Beijing is the best-preserved and most complete section among the various, hence the most popular, even among world leaders.",True,False,False
上海-外滩-0905,外滩,上海,城市风光,the bund | waitan | 外滩,外滩,https://images.unsplash.com/photo-1718427778421-ad719f965738?crop=entropy&cs=tinysrgb&fit=max&fm=jpg&ixid=M3w4NTgxMzd8MHwxfHNlYXJjaHwxfHwlRTUlQTQlOTYlRTYlQkIlQTl8ZW58MXwwfHx8MTc3Mzg0NTAzNnww&ixlib=rb-4.1.0&q=80&w=1080,a view of a large city with tall buildings,False,False,True,外滩 Shanghai,https://images.unsplash.com/photo-1592311800804-1b72948c1a99?crop=entropy&cs=tinysrgb&fit=max&fm=jpg&ixid=M3w4NTgxMzd8MHwxfHNlYXJjaHwyfHwlRTUlQTQlOTYlRTYlQkIlQTklMjBTaGFuZ2hhaXxlbnwxfDB8fHwxNzczODQ2NTM1fDA&ixlib=rb-4.1.0&q=80&w=1080,"The Bund
外滩",True,False,False
上海-东方明珠-0906,东方明珠,上海,城市风光,oriental pearl | 东方明珠,东方明珠,https://images.unsplash.com/photo-1508742066636-3b9fb738ee0e?crop=entropy&cs=tinysrgb&fit=max&fm=jpg&ixid=M3w4NTgxMzd8MHwxfHNlYXJjaHwxfHwlRTQlQjglOUMlRTYlOTYlQjklRTYlOTglOEUlRTclOEYlQTB8ZW58MXwwfHx8MTc3Mzg4MzQxOHww&ixlib=rb-4.1.0&q=80&w=1080,body of water beside city,False,False,True,东方明珠 Shanghai,https://images.unsplash.com/photo-1509189692239-6c2bb03eac8a?crop=entropy&cs=tinysrgb&fit=max&fm=jpg&ixid=M3w4NTgxMzd8MHwxfHNlYXJjaHwxMHx8JUU0JUI4JTlDJUU2JTk2JUI5JUU2JTk4JThFJUU3JThGJUEwJTIwU2hhbmdoYWl8ZW58MXwwfHx8MTc3Mzg4MzQyMXww&ixlib=rb-4.1.0&q=80&w=1080,上海东方明珠,True,False,False
上海-迪士尼乐园-0907,迪士尼乐园,上海,休闲,disney | disneyland | 迪士尼,迪士尼乐园,,,False,True,False,迪士尼乐园 Shanghai China,https://images.unsplash.com/photo-1506660889812-c5ba0c735d91?crop=entropy&cs=tinysrgb&fit=max&fm=jpg&ixid=M3w4NTgxMzd8MHwxfHNlYXJjaHw5fHwlRTglQkYlQUElRTUlQTMlQUIlRTUlQjAlQkMlRTQlQjklOTAlRTUlOUIlQUQlMjBTaGFuZ2hhaSUyMENoaW5hfGVufDF8MHx8fDE3NzM4ODM0Mjh8MA&ixlib=rb-4.1.0&q=80&w=1080,"2017 is Shanghai Big World 100 years
2017是上海大世界建成100周年",False,False,True
广州-广州塔-0908,广州塔,广州,城市风光,canton tower | guangzhou tower | 广州塔,广州塔,https://images.unsplash.com/photo-1530021382214-1fc6e31513d5?crop=entropy&cs=tinysrgb&fit=max&fm=jpg&ixid=M3w4NTgxMzd8MHwxfHNlYXJjaHwxfHwlRTUlQjklQkYlRTUlQjclOUUlRTUlQTElOTR8ZW58MXwwfHx8MTc3Mzg4MzQzMXww&ixlib=rb-4.1.0&q=80&w=1080,Guangzhou Tower,True,False,False,pagoda,https://images.unsplash.com/photo-1528164344705-47542687000d?crop=entropy&cs=tinysrgb&fit=max&fm=jpg&ixid=M3w4NTgxMzd8MHwxfHNlYXJjaHwyfHxwYWdvZGF8ZW58MXwwfHx8MTc3Mzg4MzQzN3ww&ixlib=rb-4.1.0&q=80&w=1080,Chureito Pagoda,False,False,True
广州-陈家祠-0909,陈家祠,广州,历史文化,chen clan | chen clan academy | 陈家祠,陈家祠,,,False,True,False,陈家祠 Guangzhou,https://images.unsplash.com/photo-1730053344240-d18b816a764d?crop=entropy&cs=tinysrgb&fit=max&fm=jpg&ixid=M3w4NTgxMzd8MHwxfHNlYXJjaHw0fHwlRTklOTklODglRTUlQUUlQjYlRTclQTUlQTAlMjBHdWFuZ3pob3V8ZW58MXwwfHx8MTc3Mzg4MzQ0M3ww&ixlib=rb-4.1.0&q=80&w=1080,a hidden gem in Guangzhou 🍃,False,False,True
广州-珠江夜游-0910,珠江夜游,广州,城市风光,pearl river | 珠江,珠江夜游,https://images.unsplash.com/photo-1560951803-8d0d8c876bff?crop=entropy&cs=tinysrgb&fit=max&fm=jpg&ixid=M3w4NTgxMzd8MHwxfHNlYXJjaHwxfHwlRTclOEYlQTAlRTYlQjElOUYlRTUlQTQlOUMlRTYlQjglQjh8ZW58MXwwfHx8MTc3Mzg4MzQ0N3ww&ixlib=rb-4.1.0&q=80&w=1080,body of water near buildings,False,False,True,珠江夜游 Guangzhou,https://images.unsplash.com/photo-1535391879778-3bae11d29a24?crop=entropy&cs=tinysrgb&fit=max&fm=jpg&ixid=M3w4NTgxMzd8MHwxfHNlYXJjaHwyfHwlRTclOEYlQTAlRTYlQjElOUYlRTUlQTQlOUMlRTYlQjglQjglMjBHdWFuZ3pob3V8ZW58MXwwfHx8MTc3Mzg4MzQ1MHww&ixlib=rb-4.1.0&q=80&w=1080,night mood in guangzhou,False,False,True
深圳-世界之窗-0911,世界之窗,深圳,休闲,window of the world | 世界之窗,世界之窗,https://images.unsplash.com/photo-1707813130463-31d492f072ea?crop=entropy&cs=tinysrgb&fit=max&fm=jpg&ixid=M3w4NTgxMzd8MHwxfHNlYXJjaHwxfHwlRTQlQjglOTYlRTclOTUlOEMlRTQlQjklOEIlRTclQUElOTd8ZW58MXwwfHx8MTc3Mzg4MzQ1M3ww&ixlib=rb-4.1.0&q=80&w=1080,a very large and colorful object with many lights,False,False,True,世界之窗 Shenzhen China landmark,https://images.unsplash.com/photo-1684745339800-c4dcd382da98?crop=entropy&cs=tinysrgb&fit=max&fm=jpg&ixid=M3w4NTgxMzd8MHwxfHNlYXJjaHw3fHwlRTQlQjglOTYlRTclOTUlOEMlRTQlQjklOEIlRTclQUElOTclMjBTaGVuemhlbiUyMENoaW5hJTIwbGFuZG1hcmt8ZW58MXwwfHx8MTc3Mzg4MzQ1OXww&ixlib=rb-4.1.0&q=80&w=1080,"Greener Cities. Li Xiang Park is located in the heart of Nanshan District, Shenzhen, facing Shennan Avenue in the north, Nanshan District Committee Building in the south, Kirin Road in the east, and Sunshine Lijing Building Group in the west, with a total area of 220,000 square meters.",False,False,True
深圳-深圳湾公园-0912,深圳湾公园,深圳,自然风光,shenzhen bay | 深圳湾,深圳湾公园,https://images.unsplash.com/photo-1651932509246-3a1296cae2f0?crop=entropy&cs=tinysrgb&fit=max&fm=jpg&ixid=M3w4NTgxMzd8MHwxfHNlYXJjaHwxfHwlRTYlQjclQjElRTUlOUMlQjMlRTYlQjklQkUlRTUlODUlQUMlRTUlOUIlQUR8ZW58MXwwfHx8MTc3Mzg4MzQ2MHww&ixlib=rb-4.1.0&q=80&w=1080,Birds  in 深圳湾公园,True,False,False,,,,False,True,False
成都-锦里-0913,锦里,成都,历史文化,jinli | 锦里,锦里,,,False,True,False,,,,False,True,False
成都-宽窄巷子-0914,宽窄巷子,成都,历史文化,kuanzhai alley | 宽窄巷子,宽窄巷子,,,False,True,False,,,,False,True,False
成都-成都大熊猫繁育研究基地-0915,成都大熊猫繁育研究基地,成都,自然风光,panda | chengdu research base | 熊猫,成都大熊猫繁育研究基地,,,False,True,False,Chengdu Research Base of Giant Panda Breeding Chengdu China,https://images.unsplash.com/photo-1504713721722-f73b4ccdfe6a?crop=entropy&cs=tinysrgb&fit=max&fm=jpg&ixid=M3w4NTgxMzd8MHwxfHNlYXJjaHwxMHx8Q2hlbmdkdSUyMFJlc2VhcmNoJTIwQmFzZSUyMG9mJTIwR2lhbnQlMjBQYW5kYSUyMEJyZWVkaW5nJTIwQ2hlbmdkdSUyMENoaW5hfGVufDF8MHx8fDE3NzM4NDY1NDZ8MA&ixlib=rb-4.1.0&q=80&w=1080,"A giant panda cub chilling in a tree at the Chengdu Research Base of Giant Panda Breeding. It was such a fun visit, with the cubs running around and playing with each other and the adults gluttonously eating loads of bamboo.",True,False,False
杭州-西湖-0916,西湖,杭州,自然风光,west lake | 西湖,西湖,,,False,True,False,,,,False,True,False
杭州-灵隐寺-0917,灵隐寺,杭州,历史文化,lingyin | lingyin temple | 灵隐寺,灵隐寺,,,False,True,False,,,,False,True,False
南京-夫子庙-0918,夫子庙,南京,历史文化,confucius temple | 夫子庙,夫子庙,,,False,True,False,,,,False,True,False
南京-中山陵-0919,中山陵,南京,历史文化,sun yat-sen mausoleum | 中山陵,中山陵,,,False,True,False,,,,False,True,False
苏州-拙政园-0920,拙政园,苏州,历史文化,humble administrator's garden | 拙政园,拙政园,,,False,True,False,,,,False,True,False
苏州-平江路-0921,平江路,苏州,历史文化,pingjiang road | 平江路,平江路,,,False,True,False,,,,False,True,False
武汉-黄鹤楼-0922,黄鹤楼,武汉,历史文化,yellow crane tower | 黄鹤楼,黄鹤楼,,,False,True,False,,,,False,True,False
武汉-东湖-0923,东湖,武汉,自然风光,east lake | donghu | 东湖,东湖,,,False,True,False,,,,False,True,False
西安-兵马俑-0924,兵马俑,西安,历史文化,terracotta | terracotta army | 兵马俑,兵马俑,,,False,True,False,Terracotta Army,https://images.unsplash.com/photo-1527922891260-918d42a4efc8?crop=entropy&cs=tinysrgb&fit=max&fm=jpg&ixid=M3w4NTgxMzd8MHwxfHNlYXJjaHwxfHxUZXJyYWNvdHRhJTIwQXJteXxlbnwxfDB8fHwxNzczODQ2NTQwfDA&ixlib=rb-4.1.0&q=80&w=1080,"In today’s world of easy access information and increasingly amazing imagery you can often be left underwhelmed when seeing something in reality, It was a plesant surprise to find the Terracotta Army did not just live up to the hype but thoroughly exceeded it, a truly awe inspiring site that they have only just scratched the surface of  

The scale of the site and in particular what is still under the ground is mind bending",True,False,False
西安-大雁塔-0925,大雁塔,西安,历史文化,giant wild goose pagoda | 大雁塔,大雁塔,,,False,True,False,,,,False,True,False
北京-故宫-0926,故宫,北京,历史文化,forbidden city | palace museum | 故宫 | 紫禁城,故宫,https://images.unsplash.com/photo-1636550230446-7632d97d1e77?crop=entropy&cs=tinysrgb&fit=max&fm=jpg&ixid=M3w4NTgxMzd8MHwxfHNlYXJjaHwxfHwlRTYlOTUlODUlRTUlQUUlQUJ8ZW58MXwwfHx8MTc3Mzg0NTAyM3ww&ixlib=rb-4.1.0&q=80&w=1080,故宫雪景,True,False,False,故宫 北京,https://images.unsplash.com/photo-1620826502427-9e8faa18d3f0?crop=entropy&cs=tinysrgb&fit=max&fm=jpg&ixid=M3w4NTgxMzd8MHwxfHNlYXJjaHwxMHx8JUU2JTk1JTg1JUU1JUFFJUFCJTIwJUU1JThDJTk3JUU0JUJBJUFDfGVufDF8MHx8fDE3NzM4NDUwMjd8MA&ixlib=rb-4.1.0&q=80&w=1080,北京故宫博物院,True,False,False
北京-天坛-0927,天坛,北京,历史文化,temple of heaven | 天坛,天坛,https://images.unsplash.com/photo-1584872589930-e99fe5bf4408?crop=entropy&cs=tinysrgb&fit=max&fm=jpg&ixid=M3w4NTgxMzd8MHwxfHNlYXJjaHwxfHwlRTUlQTQlQTklRTUlOUQlOUJ8ZW58MXwwfHx8MTc3Mzg0NTAzMHww&ixlib=rb-4.1.0&q=80&w=1080,"The Temple of Heaven, Beijing, China.",True,False,False,天坛 北京,https://images.unsplash.com/photo-1620033370499-c85e0122f1fc?crop=entropy&cs=tinysrgb&fit=max&fm=jpg&ixid=M3w4NTgxMzd8MHwxfHNlYXJjaHw3fHwlRTUlQTQlQTklRTUlOUQlOUIlMjAlRTUlOEMlOTclRTQlQkElQUN8ZW58MXwwfHx8MTc3Mzg0NTAzNHww&ixlib=rb-4.1.0&q=80&w=1080,北京天坛公园,True,False,False
北京-颐和园-0928,颐和园,北京,历史文化,summer palace | 颐和园,颐和园,https://images.unsplash.com/photo-1669382485231-ef86d9fa986f?crop=entropy&cs=tinysrgb&fit=max&fm=jpg&ixid=M3w4NTgxMzd8MHwxfHNlYXJjaHwxfHwlRTklQTIlOTAlRTUlOTIlOEMlRTUlOUIlQUR8ZW58MXwwfHx8MTc3Mzg4MzM5M3ww&ixlib=rb-4.1.0&q=80&w=1080,北京颐和园,True,False,False,颐和园 北京,https://images.unsplash.com/photo-1620822102340-47c32da50fef?crop=entropy&cs=tinysrgb&fit=max&fm=jpg&ixid=M3w4NTgxMzd8MHwxfHNlYXJjaHwyfHwlRTklQTIlOTAlRTUlOTIlOEMlRTUlOUIlQUQlMjAlRTUlOEMlOTclRTQlQkElQUN8ZW58MXwwfHx8MTc3Mzg4MzM5NHww&ixlib=rb-4.1.0&q=80&w=1080,北京颐和园,True,False,False
北京-八达岭长城-0929,八达岭长城,北京,历史文化,great wall | badaling | 长城,八达岭长城,,,False,True,False,Great Wall Beijing China,https://images.unsplash.com/photo-1724076202408-bfa5548a2b1d?crop=entropy&cs=tinysrgb&fit=max&fm=jpg&ixid=M3w4NTgxMzd8MHwxfHNlYXJjaHw2fHxHcmVhdCUyMFdhbGwlMjBCZWlqaW5nJTIwQ2hpbmF8ZW58MXwwfHx8MTc3Mzg4MzQwOHww&ixlib=rb-4.1.0&q=80&w=1080,"The Great Wall is a must for a China tour, while Badaling is a must for a Great Wall tour. Badaling Great Wall in Beijing is the best-preserved and most complete section among the various, hence the most popular, even among world leaders.",True,False,False
上海-外滩-0930,外滩,上海,城市风光,the bund | waitan | 外滩,外滩,https://images.unsplash.com/photo-1718427778421-ad719f965738?crop=entropy&cs=tinysrgb&fit=max&fm=jpg&ixid=M3w4NTgxMzd8MHwxfHNlYXJjaHwxfHwlRTUlQTQlOTYlRTYlQkIlQTl8ZW58MXwwfHx8MTc3Mzg0NTAzNnww&ixlib=rb-4.1.0&q=80&w=1080,a view of a large city with tall buildings,False,False,True,外滩 Shanghai,https://images.unsplash.com/photo-1592311800804-1b72948c1a99?crop=entropy&cs=tinysrgb&fit=max&fm=jpg&ixid=M3w4NTgxMzd8MHwxfHNlYXJjaHwyfHwlRTUlQTQlOTYlRTYlQkIlQTklMjBTaGFuZ2hhaXxlbnwxfDB8fHwxNzczODQ2NTM1fDA&ixlib=rb-4.1.0&q=80&w=1080,"The Bund
外滩",True,False,False
上海-东方明珠-0931,东方明珠,上海,城市风光,oriental pearl | 东方明珠,东方明珠,https://images.unsplash.com/photo-1508742066636-3b9fb738ee0e?crop=entropy&cs=tinysrgb&fit=max&fm=jpg&ixid=M3w4NTgxMzd8MHwxfHNlYXJjaHwxfHwlRTQlQjglOUMlRTYlOTYlQjklRTYlOTglOEUlRTclOEYlQTB8ZW58MXwwfHx8MTc3Mzg4MzQxOHww&ixlib=rb-4.1.0&q=80&w=1080,body of water beside city,False,False,True,东方明珠 Shanghai,https://images.unsplash.com/photo-1509189692239-6c2bb03eac8a?crop=entropy&cs=tinysrgb&fit=max&fm=jpg&ixid=M3w4NTgxMzd8MHwxfHNlYXJjaHwxMHx8JUU0JUI4JTlDJUU2JTk2JUI5JUU2JTk4JThFJUU3JThGJUEwJTIwU2hhbmdoYWl8ZW58MXwwfHx8MTc3Mzg4MzQyMXww&ixlib=rb-4.1.0&q=80&w=1080,上海东方明珠,True,False,False
上海-迪士尼乐园-0932,迪士尼乐园,上海,休闲,disney | disneyland | 迪士尼,迪士尼乐园,,,False,True,False,迪士尼乐园 Shanghai China,https://images.unsplash.com/photo-1506660889812-c5ba0c735d91?crop=entropy&cs=tinysrgb&fit=max&fm=jpg&ixid=M3w4NTgxMzd8MHwxfHNlYXJjaHw5fHwlRTglQkYlQUElRTUlQTMlQUIlRTUlQjAlQkMlRTQlQjklOTAlRTUlOUIlQUQlMjBTaGFuZ2hhaSUyMENoaW5hfGVufDF8MHx8fDE3NzM4ODM0Mjh8MA&ixlib=rb-4.1.0&q=80&w=1080,"2017 is Shanghai Big World 100 years
2017是上海大世界建成100周年",False,False,True
广州-广州塔-0933,广州塔,广州,城市风光,canton tower | guangzhou tower | 广州塔,广州塔,https://images.unsplash.com/photo-1530021382214-1fc6e31513d5?crop=entropy&cs=tinysrgb&fit=max&fm=jpg&ixid=M3w4NTgxMzd8MHwxfHNlYXJjaHwxfHwlRTUlQjklQkYlRTUlQjclOUUlRTUlQTElOTR8ZW58MXwwfHx8MTc3Mzg4MzQzMXww&ixlib=rb-4.1.0&q=80&w=1080,Guangzhou Tower,True,False,False,pagoda,https://images.unsplash.com/photo-1528164344705-47542687000d?crop=entropy&cs=tinysrgb&fit=max&fm=jpg&ixid=M3w4NTgxMzd8MHwxfHNlYXJjaHwyfHxwYWdvZGF8ZW58MXwwfHx8MTc3Mzg4MzQzN3ww&ixlib=rb-4.1.0&q=80&w=1080,Chureito Pagoda,False,False,True
广州-陈家祠-0934,陈家祠,广州,历史文化,chen clan | chen clan academy | 陈家祠,陈家祠,,,False,True,False,陈家祠 Guangzhou,https://images.unsplash.com/photo-1730053344240-d18b816a764d?crop=entropy&cs=tinysrgb&fit=max&fm=jpg&ixid=M3w4NTgxMzd8MHwxfHNlYXJjaHw0fHwlRTklOTklODglRTUlQUUlQjYlRTclQTUlQTAlMjBHdWFuZ3pob3V8ZW58MXwwfHx8MTc3Mzg4MzQ0M3ww&ixlib=rb-4.1.0&q=80&w=1080,a hidden gem in Guangzhou 🍃,False,False,True
广州-珠江夜游-0935,珠江夜游,广州,城市风光,pearl river | 珠江,珠江夜游,https://images.unsplash.com/photo-1560951803-8d0d8c876bff?crop=entropy&cs=tinysrgb&fit=max&fm=jpg&ixid=M3w4NTgxMzd8MHwxfHNlYXJjaHwxfHwlRTclOEYlQTAlRTYlQjElOUYlRTUlQTQlOUMlRTYlQjglQjh8ZW58MXwwfHx8MTc3Mzg4MzQ0N3ww&ixlib=rb-4.1.0&q=80&w=1080,body of water near buildings,False,False,True,珠江夜游 Guangzhou,https://images.unsplash.com/photo-1535391879778-3bae11d29a24?crop=entropy&cs=tinysrgb&fit=max&fm=jpg&ixid=M3w4NTgxMzd8MHwxfHNlYXJjaHwyfHwlRTclOEYlQTAlRTYlQjElOUYlRTUlQTQlOUMlRTYlQjglQjglMjBHdWFuZ3pob3V8ZW58MXwwfHx8MTc3Mzg4MzQ1MHww&ixlib=rb-4.1.0&q=80&w=1080,night mood in guangzhou,False,False,True
深圳-世界之窗-0936,世界之窗,深圳,休闲,window of the world | 世界之窗,世界之窗,https://images.unsplash.com/photo-1707813130463-31d492f072ea?crop=entropy&cs=tinysrgb&fit=max&fm=jpg&ixid=M3w4NTgxMzd8MHwxfHNlYXJjaHwxfHwlRTQlQjglOTYlRTclOTUlOEMlRTQlQjklOEIlRTclQUElOTd8ZW58MXwwfHx8MTc3Mzg4MzQ1M3ww&ixlib=rb-4.1.0&q=80&w=1080,a very large and colorful object with many lights,False,False,True,世界之窗 Shenzhen China landmark,https://images.unsplash.com/photo-1684745339800-c4dcd382da98?crop=entropy&cs=tinysrgb&fit=max&fm=jpg&ixid=M3w4NTgxMzd8MHwxfHNlYXJjaHw3fHwlRTQlQjglOTYlRTclOTUlOEMlRTQlQjklOEIlRTclQUElOTclMjBTaGVuemhlbiUyMENoaW5hJTIwbGFuZG1hcmt8ZW58MXwwfHx8MTc3Mzg4MzQ1OXww&ixlib=rb-4.1.0&q=80&w=1080,"Greener Cities. Li Xiang Park is located in the heart of Nanshan District, Shenzhen, facing Shennan Avenue in the north, Nanshan District Committee Building in the south, Kirin Road in the east, and Sunshine Lijing Building Group in the west, with a total area of 220,000 square meters.",False,False,True
深圳-深圳湾公园-0937,深圳湾公园,深圳,自然风光,shenzhen bay | 深圳湾,深圳湾公园,https://images.unsplash.com/photo-1651932509246-3a1296cae2f0?crop=entropy&cs=tinysrgb&fit=max&fm=jpg&ixid=M3w4NTgxMzd8MHwxfHNlYXJjaHwxfHwlRTYlQjclQjElRTUlOUMlQjMlRTYlQjklQkUlRTUlODUlQUMlRTUlOUIlQUR8ZW58MXwwfHx8MTc3Mzg4MzQ2MHww&ixlib=rb-4.1.0&q=80&w=1080,Birds  in 深圳湾公园,True,False,False,,,,False,True,False
成都-锦里-0938,锦里,成都,历史文化,jinli | 锦里,锦里,,,False,True,False,,,,False,True,False
成都-宽窄巷子-0939,宽窄巷子,成都,历史文化,kuanzhai alley | 宽窄巷子,宽窄巷子,,,False,True,False,,,,False,True,False
成都-成都大熊猫繁育研究基地-0940,成都大熊猫繁育研究基地,成都,自然风光,panda | chengdu research base | 熊猫,成都大熊猫繁育研究基地,,,False,True,False,Chengdu Research Base of Giant Panda Breeding Chengdu China,https://images.unsplash.com/photo-1504713721722-f73b4ccdfe6a?crop=entropy&cs=tinysrgb&fit=max&fm=jpg&ixid=M3w4NTgxMzd8MHwxfHNlYXJjaHwxMHx8Q2hlbmdkdSUyMFJlc2VhcmNoJTIwQmFzZSUyMG9mJTIwR2lhbnQlMjBQYW5kYSUyMEJyZWVkaW5nJTIwQ2hlbmdkdSUyMENoaW5hfGVufDF8MHx8fDE3NzM4NDY1NDZ8MA&ixlib=rb-4.1.0&q=80&w=1080,"A giant panda cub chilling in a tree at the Chengdu Research Base of Giant Panda Breeding. It was such a fun visit, with the cubs running around and playing with each other and the adults gluttonously eating loads of bamboo.",True,False,False
杭州-西湖-0941,西湖,杭州,自然风光,west lake | 西湖,西湖,,,False,True,False,,,,False,True,False
杭州-灵隐寺-0942,灵隐寺,杭州,历史文化,lingyin | lingyin temple | 灵隐寺,灵隐寺,,,False,True,False,,,,False,True,False
南京-夫子庙-0943,夫子庙,南京,历史文化,confucius temple | 夫子庙,夫子庙,,,False,True,False,,,,False,True,False
南京-中山陵-0944,中山陵,南京,历史文化,sun yat-sen mausoleum | 中山陵,中山陵,,,False,True,False,,,,False,True,False
苏州-拙政园-0945,拙政园,苏州,历史文化,humble administrator's garden | 拙政园,拙政园,,,False,True,False,,,,False,True,False
苏州-平江路-0946,平江路,苏州,历史文化,pingjiang road | 平江路,平江路,,,False,True,False,,,,False,True,False
武汉-黄鹤楼-0947,黄鹤楼,武汉,历史文化,yellow crane tower | 黄鹤楼,黄鹤楼,,,False,True,False,,,,False,True,False
武汉-东湖-0948,东湖,武汉,自然风光,east lake | donghu | 东湖,东湖,,,False,True,False,,,,False,True,False
西安-兵马俑-0949,兵马俑,西安,历史文化,terracotta | terracotta army | 兵马俑,兵马俑,,,False,True,False,Terracotta Army,https://images.unsplash.com/photo-1527922891260-918d42a4efc8?crop=entropy&cs=tinysrgb&fit=max&fm=jpg&ixid=M3w4NTgxMzd8MHwxfHNlYXJjaHwxfHxUZXJyYWNvdHRhJTIwQXJteXxlbnwxfDB8fHwxNzczODQ2NTQwfDA&ixlib=rb-4.1.0&q=80&w=1080,"In today’s world of easy access information and increasingly amazing imagery you can often be left underwhelmed when seeing something in reality, It was a plesant surprise to find the Terracotta Army did not just live up to the hype but thoroughly exceeded it, a truly awe inspiring site that they have only just scratched the surface of  

The scale of the site and in particular what is still under the ground is mind bending",True,False,False
西安-大雁塔-0950,大雁塔,西安,历史文化,giant wild goose pagoda | 大雁塔,大雁塔,,,False,True,False,,,,False,True,False
北京-故宫-0951,故宫,北京,历史文化,forbidden city | palace museum | 故宫 | 紫禁城,故宫,https://images.unsplash.com/photo-1636550230446-7632d97d1e77?crop=entropy&cs=tinysrgb&fit=max&fm=jpg&ixid=M3w4NTgxMzd8MHwxfHNlYXJjaHwxfHwlRTYlOTUlODUlRTUlQUUlQUJ8ZW58MXwwfHx8MTc3Mzg0NTAyM3ww&ixlib=rb-4.1.0&q=80&w=1080,故宫雪景,True,False,False,故宫 北京,https://images.unsplash.com/photo-1620826502427-9e8faa18d3f0?crop=entropy&cs=tinysrgb&fit=max&fm=jpg&ixid=M3w4NTgxMzd8MHwxfHNlYXJjaHwxMHx8JUU2JTk1JTg1JUU1JUFFJUFCJTIwJUU1JThDJTk3JUU0JUJBJUFDfGVufDF8MHx8fDE3NzM4NDUwMjd8MA&ixlib=rb-4.1.0&q=80&w=1080,北京故宫博物院,True,False,False
北京-天坛-0952,天坛,北京,历史文化,temple of heaven | 天坛,天坛,https://images.unsplash.com/photo-1584872589930-e99fe5bf4408?crop=entropy&cs=tinysrgb&fit=max&fm=jpg&ixid=M3w4NTgxMzd8MHwxfHNlYXJjaHwxfHwlRTUlQTQlQTklRTUlOUQlOUJ8ZW58MXwwfHx8MTc3Mzg0NTAzMHww&ixlib=rb-4.1.0&q=80&w=1080,"The Temple of Heaven, Beijing, China.",True,False,False,天坛 北京,https://images.unsplash.com/photo-1620033370499-c85e0122f1fc?crop=entropy&cs=tinysrgb&fit=max&fm=jpg&ixid=M3w4NTgxMzd8MHwxfHNlYXJjaHw3fHwlRTUlQTQlQTklRTUlOUQlOUIlMjAlRTUlOEMlOTclRTQlQkElQUN8ZW58MXwwfHx8MTc3Mzg0NTAzNHww&ixlib=rb-4.1.0&q=80&w=1080,北京天坛公园,True,False,False
北京-颐和园-0953,颐和园,北京,历史文化,summer palace | 颐和园,颐和园,https://images.unsplash.com/photo-1669382485231-ef86d9fa986f?crop=entropy&cs=tinysrgb&fit=max&fm=jpg&ixid=M3w4NTgxMzd8MHwxfHNlYXJjaHwxfHwlRTklQTIlOTAlRTUlOTIlOEMlRTUlOUIlQUR8ZW58MXwwfHx8MTc3Mzg4MzM5M3ww&ixlib=rb-4.1.0&q=80&w=1080,北京颐和园,True,False,False,颐和园 北京,https://images.unsplash.com/photo-1620822102340-47c32da50fef?crop=entropy&cs=tinysrgb&fit=max&fm=jpg&ixid=M3w4NTgxMzd8MHwxfHNlYXJjaHwyfHwlRTklQTIlOTAlRTUlOTIlOEMlRTUlOUIlQUQlMjAlRTUlOEMlOTclRTQlQkElQUN8ZW58MXwwfHx8MTc3Mzg4MzM5NHww&ixlib=rb-4.1.0&q=80&w=1080,北京颐和园,True,False,False
北京-八达岭长城-0954,八达岭长城,北京,历史文化,great wall | badaling | 长城,八达岭长城,,,False,True,False,Great Wall Beijing China,https://images.unsplash.com/photo-1724076202408-bfa5548a2b1d?crop=entropy&cs=tinysrgb&fit=max&fm=jpg&ixid=M3w4NTgxMzd8MHwxfHNlYXJjaHw2fHxHcmVhdCUyMFdhbGwlMjBCZWlqaW5nJTIwQ2hpbmF8ZW58MXwwfHx8MTc3Mzg4MzQwOHww&ixlib=rb-4.1.0&q=80&w=1080,"The Great Wall is a must for a China tour, while Badaling is a must for a Great Wall tour. Badaling Great Wall in Beijing is the best-preserved and most complete section among the various, hence the most popular, even among world leaders.",True,False,False
上海-外滩-0955,外滩,上海,城市风光,the bund | waitan | 外滩,外滩,https://images.unsplash.com/photo-1718427778421-ad719f965738?crop=entropy&cs=tinysrgb&fit=max&fm=jpg&ixid=M3w4NTgxMzd8MHwxfHNlYXJjaHwxfHwlRTUlQTQlOTYlRTYlQkIlQTl8ZW58MXwwfHx8MTc3Mzg0NTAzNnww&ixlib=rb-4.1.0&q=80&w=1080,a view of a large city with tall buildings,False,False,True,外滩 Shanghai,https://images.unsplash.com/photo-1592311800804-1b72948c1a99?crop=entropy&cs=tinysrgb&fit=max&fm=jpg&ixid=M3w4NTgxMzd8MHwxfHNlYXJjaHwyfHwlRTUlQTQlOTYlRTYlQkIlQTklMjBTaGFuZ2hhaXxlbnwxfDB8fHwxNzczODQ2NTM1fDA&ixlib=rb-4.1.0&q=80&w=1080,"The Bund
外滩",True,False,False
上海-东方明珠-0956,东方明珠,上海,城市风光,oriental pearl | 东方明珠,东方明珠,https://images.unsplash.com/photo-1508742066636-3b9fb738ee0e?crop=entropy&cs=tinysrgb&fit=max&fm=jpg&ixid=M3w4NTgxMzd8MHwxfHNlYXJjaHwxfHwlRTQlQjglOUMlRTYlOTYlQjklRTYlOTglOEUlRTclOEYlQTB8ZW58MXwwfHx8MTc3Mzg4MzQxOHww&ixlib=rb-4.1.0&q=80&w=1080,body of water beside city,False,False,True,东方明珠 Shanghai,https://images.unsplash.com/photo-1509189692239-6c2bb03eac8a?crop=entropy&cs=tinysrgb&fit=max&fm=jpg&ixid=M3w4NTgxMzd8MHwxfHNlYXJjaHwxMHx8JUU0JUI4JTlDJUU2JTk2JUI5JUU2JTk4JThFJUU3JThGJUEwJTIwU2hhbmdoYWl8ZW58MXwwfHx8MTc3Mzg4MzQyMXww&ixlib=rb-4.1.0&q=80&w=1080,上海东方明珠,True,False,False
上海-迪士尼乐园-0957,迪士尼乐园,上海,休闲,disney | disneyland | 迪士尼,迪士尼乐园,,,False,True,False,迪士尼乐园 Shanghai China,https://images.unsplash.com/photo-1506660889812-c5ba0c735d91?crop=entropy&cs=tinysrgb&fit=max&fm=jpg&ixid=M3w4NTgxMzd8MHwxfHNlYXJjaHw5fHwlRTglQkYlQUElRTUlQTMlQUIlRTUlQjAlQkMlRTQlQjklOTAlRTUlOUIlQUQlMjBTaGFuZ2hhaSUyMENoaW5hfGVufDF8MHx8fDE3NzM4ODM0Mjh8MA&ixlib=rb-4.1.0&q=80&w=1080,"2017 is Shanghai Big World 100 years
2017是上海大世界建成100周年",False,False,True
广州-广州塔-0958,广州塔,广州,城市风光,canton tower | guangzhou tower | 广州塔,广州塔,https://images.unsplash.com/photo-1530021382214-1fc6e31513d5?crop=entropy&cs=tinysrgb&fit=max&fm=jpg&ixid=M3w4NTgxMzd8MHwxfHNlYXJjaHwxfHwlRTUlQjklQkYlRTUlQjclOUUlRTUlQTElOTR8ZW58MXwwfHx8MTc3Mzg4MzQzMXww&ixlib=rb-4.1.0&q=80&w=1080,Guangzhou Tower,True,False,False,pagoda,https://images.unsplash.com/photo-1528164344705-47542687000d?crop=entropy&cs=tinysrgb&fit=max&fm=jpg&ixid=M3w4NTgxMzd8MHwxfHNlYXJjaHwyfHxwYWdvZGF8ZW58MXwwfHx8MTc3Mzg4MzQzN3ww&ixlib=rb-4.1.0&q=80&w=1080,Chureito Pagoda,False,False,True
广州-陈家祠-0959,陈家祠,广州,历史文化,chen clan | chen clan academy | 陈家祠,陈家祠,,,False,True,False,陈家祠 Guangzhou,https://images.unsplash.com/photo-1730053344240-d18b816a764d?crop=entropy&cs=tinysrgb&fit=max&fm=jpg&ixid=M3w4NTgxMzd8MHwxfHNlYXJjaHw0fHwlRTklOTklODglRTUlQUUlQjYlRTclQTUlQTAlMjBHdWFuZ3pob3V8ZW58MXwwfHx8MTc3Mzg4MzQ0M3ww&ixlib=rb-4.1.0&q=80&w=1080,a hidden gem in Guangzhou 🍃,False,False,True
广州-珠江夜游-0960,珠江夜游,广州,城市风光,pearl river | 珠江,珠江夜游,https://images.unsplash.com/photo-1560951803-8d0d8c876bff?crop=entropy&cs=tinysrgb&fit=max&fm=jpg&ixid=M3w4NTgxMzd8MHwxfHNlYXJjaHwxfHwlRTclOEYlQTAlRTYlQjElOUYlRTUlQTQlOUMlRTYlQjglQjh8ZW58MXwwfHx8MTc3Mzg4MzQ0N3ww&ixlib=rb-4.1.0&q=80&w=1080,body of water near buildings,False,False,True,珠江夜游 Guangzhou,https://images.unsplash.com/photo-1535391879778-3bae11d29a24?crop=entropy&cs=tinysrgb&fit=max&fm=jpg&ixid=M3w4NTgxMzd8MHwxfHNlYXJjaHwyfHwlRTclOEYlQTAlRTYlQjElOUYlRTUlQTQlOUMlRTYlQjglQjglMjBHdWFuZ3pob3V8ZW58MXwwfHx8MTc3Mzg4MzQ1MHww&ixlib=rb-4.1.0&q=80&w=1080,night mood in guangzhou,False,False,True
深圳-世界之窗-0961,世界之窗,深圳,休闲,window of the world | 世界之窗,世界之窗,https://images.unsplash.com/photo-1707813130463-31d492f072ea?crop=entropy&cs=tinysrgb&fit=max&fm=jpg&ixid=M3w4NTgxMzd8MHwxfHNlYXJjaHwxfHwlRTQlQjglOTYlRTclOTUlOEMlRTQlQjklOEIlRTclQUElOTd8ZW58MXwwfHx8MTc3Mzg4MzQ1M3ww&ixlib=rb-4.1.0&q=80&w=1080,a very large and colorful object with many lights,False,False,True,世界之窗 Shenzhen China landmark,https://images.unsplash.com/photo-1684745339800-c4dcd382da98?crop=entropy&cs=tinysrgb&fit=max&fm=jpg&ixid=M3w4NTgxMzd8MHwxfHNlYXJjaHw3fHwlRTQlQjglOTYlRTclOTUlOEMlRTQlQjklOEIlRTclQUElOTclMjBTaGVuemhlbiUyMENoaW5hJTIwbGFuZG1hcmt8ZW58MXwwfHx8MTc3Mzg4MzQ1OXww&ixlib=rb-4.1.0&q=80&w=1080,"Greener Cities. Li Xiang Park is located in the heart of Nanshan District, Shenzhen, facing Shennan Avenue in the north, Nanshan District Committee Building in the south, Kirin Road in the east, and Sunshine Lijing Building Group in the west, with a total area of 220,000 square meters.",False,False,True
深圳-深圳湾公园-0962,深圳湾公园,深圳,自然风光,shenzhen bay | 深圳湾,深圳湾公园,https://images.unsplash.com/photo-1651932509246-3a1296cae2f0?crop=entropy&cs=tinysrgb&fit=max&fm=jpg&ixid=M3w4NTgxMzd8MHwxfHNlYXJjaHwxfHwlRTYlQjclQjElRTUlOUMlQjMlRTYlQjklQkUlRTUlODUlQUMlRTUlOUIlQUR8ZW58MXwwfHx8MTc3Mzg4MzQ2MHww&ixlib=rb-4.1.0&q=80&w=1080,Birds  in 深圳湾公园,True,False,False,,,,False,True,False
成都-锦里-0963,锦里,成都,历史文化,jinli | 锦里,锦里,,,False,True,False,,,,False,True,False
成都-宽窄巷子-0964,宽窄巷子,成都,历史文化,kuanzhai alley | 宽窄巷子,宽窄巷子,,,False,True,False,,,,False,True,False
成都-成都大熊猫繁育研究基地-0965,成都大熊猫繁育研究基地,成都,自然风光,panda | chengdu research base | 熊猫,成都大熊猫繁育研究基地,,,False,True,False,Chengdu Research Base of Giant Panda Breeding Chengdu China,https://images.unsplash.com/photo-1504713721722-f73b4ccdfe6a?crop=entropy&cs=tinysrgb&fit=max&fm=jpg&ixid=M3w4NTgxMzd8MHwxfHNlYXJjaHwxMHx8Q2hlbmdkdSUyMFJlc2VhcmNoJTIwQmFzZSUyMG9mJTIwR2lhbnQlMjBQYW5kYSUyMEJyZWVkaW5nJTIwQ2hlbmdkdSUyMENoaW5hfGVufDF8MHx8fDE3NzM4NDY1NDZ8MA&ixlib=rb-4.1.0&q=80&w=1080,"A giant panda cub chilling in a tree at the Chengdu Research Base of Giant Panda Breeding. It was such a fun visit, with the cubs running around and playing with each other and the adults gluttonously eating loads of bamboo.",True,False,False
杭州-西湖-0966,西湖,杭州,自然风光,west lake | 西湖,西湖,,,False,True,False,,,,False,True,False
杭州-灵隐寺-0967,灵隐寺,杭州,历史文化,lingyin | lingyin temple | 灵隐寺,灵隐寺,,,False,True,False,,,,False,True,False
南京-夫子庙-0968,夫子庙,南京,历史文化,confucius temple | 夫子庙,夫子庙,,,False,True,False,,,,False,True,False
南京-中山陵-0969,中山陵,南京,历史文化,sun yat-sen mausoleum | 中山陵,中山陵,,,False,True,False,,,,False,True,False
苏州-拙政园-0970,拙政园,苏州,历史文化,humble administrator's garden | 拙政园,拙政园,,,False,True,False,,,,False,True,False
苏州-平江路-0971,平江路,苏州,历史文化,pingjiang road | 平江路,平江路,,,False,True,False,,,,False,True,False
武汉-黄鹤楼-0972,黄鹤楼,武汉,历史文化,yellow crane tower | 黄鹤楼,黄鹤楼,,,False,True,False,,,,False,True,False
武汉-东湖-0973,东湖,武汉,自然风光,east lake | donghu | 东湖,东湖,,,False,True,False,,,,False,True,False
西安-兵马俑-0974,兵马俑,西安,历史文化,terracotta | terracotta army | 兵马俑,兵马俑,,,False,True,False,Terracotta Army,https://images.unsplash.com/photo-1527922891260-918d42a4efc8?crop=entropy&cs=tinysrgb&fit=max&fm=jpg&ixid=M3w4NTgxMzd8MHwxfHNlYXJjaHwxfHxUZXJyYWNvdHRhJTIwQXJteXxlbnwxfDB8fHwxNzczODQ2NTQwfDA&ixlib=rb-4.1.0&q=80&w=1080,"In today’s world of easy access information and increasingly amazing imagery you can often be left underwhelmed when seeing something in reality, It was a plesant surprise to find the Terracotta Army did not just live up to the hype but thoroughly exceeded it, a truly awe inspiring site that they have only just scratched the surface of  

The scale of the site and in particular what is still under the ground is mind bending",True,False,False
西安-大雁塔-0975,大雁塔,西安,历史文化,giant wild goose pagoda | 大雁塔,大雁塔,,,False,True,False,,,,False,True,False
北京-故宫-0976,故宫,北京,历史文化,forbidden city | palace museum | 故宫 | 紫禁城,故宫,https://images.unsplash.com/photo-1636550230446-7632d97d1e77?crop=entropy&cs=tinysrgb&fit=max&fm=jpg&ixid=M3w4NTgxMzd8MHwxfHNlYXJjaHwxfHwlRTYlOTUlODUlRTUlQUUlQUJ8ZW58MXwwfHx8MTc3Mzg0NTAyM3ww&ixlib=rb-4.1.0&q=80&w=1080,故宫雪景,True,False,False,故宫 北京,https://images.unsplash.com/photo-1620826502427-9e8faa18d3f0?crop=entropy&cs=tinysrgb&fit=max&fm=jpg&ixid=M3w4NTgxMzd8MHwxfHNlYXJjaHwxMHx8JUU2JTk1JTg1JUU1JUFFJUFCJTIwJUU1JThDJTk3JUU0JUJBJUFDfGVufDF8MHx8fDE3NzM4NDUwMjd8MA&ixlib=rb-4.1.0&q=80&w=1080,北京故宫博物院,True,False,False
北京-天坛-0977,天坛,北京,历史文化,temple of heaven | 天坛,天坛,https://images.unsplash.com/photo-1584872589930-e99fe5bf4408?crop=entropy&cs=tinysrgb&fit=max&fm=jpg&ixid=M3w4NTgxMzd8MHwxfHNlYXJjaHwxfHwlRTUlQTQlQTklRTUlOUQlOUJ8ZW58MXwwfHx8MTc3Mzg0NTAzMHww&ixlib=rb-4.1.0&q=80&w=1080,"The Temple of Heaven, Beijing, China.",True,False,False,天坛 北京,https://images.unsplash.com/photo-1620033370499-c85e0122f1fc?crop=entropy&cs=tinysrgb&fit=max&fm=jpg&ixid=M3w4NTgxMzd8MHwxfHNlYXJjaHw3fHwlRTUlQTQlQTklRTUlOUQlOUIlMjAlRTUlOEMlOTclRTQlQkElQUN8ZW58MXwwfHx8MTc3Mzg0NTAzNHww&ixlib=rb-4.1.0&q=80&w=1080,北京天坛公园,True,False,False
北京-颐和园-0978,颐和园,北京,历史文化,summer palace | 颐和园,颐和园,https://images.unsplash.com/photo-1669382485231-ef86d9fa986f?crop=entropy&cs=tinysrgb&fit=max&fm=jpg&ixid=M3w4NTgxMzd8MHwxfHNlYXJjaHwxfHwlRTklQTIlOTAlRTUlOTIlOEMlRTUlOUIlQUR8ZW58MXwwfHx8MTc3Mzg4MzM5M3ww&ixlib=rb-4.1.0&q=80&w=1080,北京颐和园,True,False,False,颐和园 北京,https://images.unsplash.com/photo-1620822102340-47c32da50fef?crop=entropy&cs=tinysrgb&fit=max&fm=jpg&ixid=M3w4NTgxMzd8MHwxfHNlYXJjaHwyfHwlRTklQTIlOTAlRTUlOTIlOEMlRTUlOUIlQUQlMjAlRTUlOEMlOTclRTQlQkElQUN8ZW58MXwwfHx8MTc3Mzg4MzM5NHww&ixlib=rb-4.1.0&q=80&w=1080,北京颐和园,True,False,False
北京-八达岭长城-0979,八达岭长城,北京,历史文化,great wall | badaling | 长城,八达岭长城,,,False,True,False,Great Wall Beijing China,https://images.unsplash.com/photo-1724076202408-bfa5548a2b1d?crop=entropy&cs=tinysrgb&fit=max&fm=jpg&ixid=M3w4NTgxMzd8MHwxfHNlYXJjaHw2fHxHcmVhdCUyMFdhbGwlMjBCZWlqaW5nJTIwQ2hpbmF8ZW58MXwwfHx8MTc3Mzg4MzQwOHww&ixlib=rb-4.1.0&q=80&w=1080,"The Great Wall is a must for a China tour, while Badaling is a must for a Great Wall tour. Badaling Great Wall in Beijing is the best-preserved and most complete section among the various, hence the most popular, even among world leaders.",True,False,False
上海-外滩-0980,外滩,上海,城市风光,the bund | waitan | 外滩,外滩,https://images.unsplash.com/photo-1718427778421-ad719f965738?crop=entropy&cs=tinysrgb&fit=max&fm=jpg&ixid=M3w4NTgxMzd8MHwxfHNlYXJjaHwxfHwlRTUlQTQlOTYlRTYlQkIlQTl8ZW58MXwwfHx8MTc3Mzg0NTAzNnww&ixlib=rb-4.1.0&q=80&w=1080,a view of a large city with tall buildings,False,False,True,外滩 Shanghai,https://images.unsplash.com/photo-1592311800804-1b72948c1a99?crop=entropy&cs=tinysrgb&fit=max&fm=jpg&ixid=M3w4NTgxMzd8MHwxfHNlYXJjaHwyfHwlRTUlQTQlOTYlRTYlQkIlQTklMjBTaGFuZ2hhaXxlbnwxfDB8fHwxNzczODQ2NTM1fDA&ixlib=rb-4.1.0&q=80&w=1080,"The Bund
外滩",True,False,False
上海-东方明珠-0981,东方明珠,上海,城市风光,oriental pearl | 东方明珠,东方明珠,https://images.unsplash.com/photo-1508742066636-3b9fb738ee0e?crop=entropy&cs=tinysrgb&fit=max&fm=jpg&ixid=M3w4NTgxMzd8MHwxfHNlYXJjaHwxfHwlRTQlQjglOUMlRTYlOTYlQjklRTYlOTglOEUlRTclOEYlQTB8ZW58MXwwfHx8MTc3Mzg4MzQxOHww&ixlib=rb-4.1.0&q=80&w=1080,body of water beside city,False,False,True,东方明珠 Shanghai,https://images.unsplash.com/photo-1509189692239-6c2bb03eac8a?crop=entropy&cs=tinysrgb&fit=max&fm=jpg&ixid=M3w4NTgxMzd8MHwxfHNlYXJjaHwxMHx8JUU0JUI4JTlDJUU2JTk2JUI5JUU2JTk4JThFJUU3JThGJUEwJTIwU2hhbmdoYWl8ZW58MXwwfHx8MTc3Mzg4MzQyMXww&ixlib=rb-4.1.0&q=80&w=1080,上海东方明珠,True,False,False
上海-迪士尼乐园-0982,迪士尼乐园,上海,休闲,disney | disneyland | 迪士尼,迪士尼乐园,,,False,True,False,迪士尼乐园 Shanghai China,https://images.unsplash.com/photo-1506660889812-c5ba0c735d91?crop=entropy&cs=tinysrgb&fit=max&fm=jpg&ixid=M3w4NTgxMzd8MHwxfHNlYXJjaHw5fHwlRTglQkYlQUElRTUlQTMlQUIlRTUlQjAlQkMlRTQlQjklOTAlRTUlOUIlQUQlMjBTaGFuZ2hhaSUyMENoaW5hfGVufDF8MHx8fDE3NzM4ODM0Mjh8MA&ixlib=rb-4.1.0&q=80&w=1080,"2017 is Shanghai Big World 100 years
2017是上海大世界建成100周年",False,False,True
广州-广州塔-0983,广州塔,广州,城市风光,canton tower | guangzhou tower | 广州塔,广州塔,https://images.unsplash.com/photo-1530021382214-1fc6e31513d5?crop=entropy&cs=tinysrgb&fit=max&fm=jpg&ixid=M3w4NTgxMzd8MHwxfHNlYXJjaHwxfHwlRTUlQjklQkYlRTUlQjclOUUlRTUlQTElOTR8ZW58MXwwfHx8MTc3Mzg4MzQzMXww&ixlib=rb-4.1.0&q=80&w=1080,Guangzhou Tower,True,False,False,pagoda,https://images.unsplash.com/photo-1528164344705-47542687000d?crop=entropy&cs=tinysrgb&fit=max&fm=jpg&ixid=M3w4NTgxMzd8MHwxfHNlYXJjaHwyfHxwYWdvZGF8ZW58MXwwfHx8MTc3Mzg4MzQzN3ww&ixlib=rb-4.1.0&q=80&w=1080,Chureito Pagoda,False,False,True
广州-陈家祠-0984,陈家祠,广州,历史文化,chen clan | chen clan academy | 陈家祠,陈家祠,,,False,True,False,陈家祠 Guangzhou,https://images.unsplash.com/photo-1730053344240-d18b816a764d?crop=entropy&cs=tinysrgb&fit=max&fm=jpg&ixid=M3w4NTgxMzd8MHwxfHNlYXJjaHw0fHwlRTklOTklODglRTUlQUUlQjYlRTclQTUlQTAlMjBHdWFuZ3pob3V8ZW58MXwwfHx8MTc3Mzg4MzQ0M3ww&ixlib=rb-4.1.0&q=80&w=1080,a hidden gem in Guangzhou 🍃,False,False,True
广州-珠江夜游-0985,珠江夜游,广州,城市风光,pearl river | 珠江,珠江夜游,https://images.unsplash.com/photo-1560951803-8d0d8c876bff?crop=entropy&cs=tinysrgb&fit=max&fm=jpg&ixid=M3w4NTgxMzd8MHwxfHNlYXJjaHwxfHwlRTclOEYlQTAlRTYlQjElOUYlRTUlQTQlOUMlRTYlQjglQjh8ZW58MXwwfHx8MTc3Mzg4MzQ0N3ww&ixlib=rb-4.1.0&q=80&w=1080,body of water near buildings,False,False,True,珠江夜游 Guangzhou,https://images.unsplash.com/photo-1535391879778-3bae11d29a24?crop=entropy&cs=tinysrgb&fit=max&fm=jpg&ixid=M3w4NTgxMzd8MHwxfHNlYXJjaHwyfHwlRTclOEYlQTAlRTYlQjElOUYlRTUlQTQlOUMlRTYlQjglQjglMjBHdWFuZ3pob3V8ZW58MXwwfHx8MTc3Mzg4MzQ1MHww&ixlib=rb-4.1.0&q=80&w=1080,night mood in guangzhou,False,False,True
深圳-世界之窗-0986,世界之窗,深圳,休闲,window of the world | 世界之窗,世界之窗,https://images.unsplash.com/photo-1707813130463-31d492f072ea?crop=entropy&cs=tinysrgb&fit=max&fm=jpg&ixid=M3w4NTgxMzd8MHwxfHNlYXJjaHwxfHwlRTQlQjglOTYlRTclOTUlOEMlRTQlQjklOEIlRTclQUElOTd8ZW58MXwwfHx8MTc3Mzg4MzQ1M3ww&ixlib=rb-4.1.0&q=80&w=1080,a very large and colorful object with many lights,False,False,True,世界之窗 Shenzhen China landmark,https://images.unsplash.com/photo-1684745339800-c4dcd382da98?crop=entropy&cs=tinysrgb&fit=max&fm=jpg&ixid=M3w4NTgxMzd8MHwxfHNlYXJjaHw3fHwlRTQlQjglOTYlRTclOTUlOEMlRTQlQjklOEIlRTclQUElOTclMjBTaGVuemhlbiUyMENoaW5hJTIwbGFuZG1hcmt8ZW58MXwwfHx8MTc3Mzg4MzQ1OXww&ixlib=rb-4.1.0&q=80&w=1080,"Greener Cities. Li Xiang Park is located in the heart of Nanshan District, Shenzhen, facing Shennan Avenue in the north, Nanshan District Committee Building in the south, Kirin Road in the east, and Sunshine Lijing Building Group in the west, with a total area of 220,000 square meters.",False,False,True
深圳-深圳湾公园-0987,深圳湾公园,深圳,自然风光,shenzhen bay | 深圳湾,深圳湾公园,https://images.unsplash.com/photo-1651932509246-3a1296cae2f0?crop=entropy&cs=tinysrgb&fit=max&fm=jpg&ixid=M3w4NTgxMzd8MHwxfHNlYXJjaHwxfHwlRTYlQjclQjElRTUlOUMlQjMlRTYlQjklQkUlRTUlODUlQUMlRTUlOUIlQUR8ZW58MXwwfHx8MTc3Mzg4MzQ2MHww&ixlib=rb-4.1.0&q=80&w=1080,Birds  in 深圳湾公园,True,False,False,,,,False,True,False
成都-锦里-0988,锦里,成都,历史文化,jinli | 锦里,锦里,,,False,True,False,,,,False,True,False
成都-宽窄巷子-0989,宽窄巷子,成都,历史文化,kuanzhai alley | 宽窄巷子,宽窄巷子,,,False,True,False,,,,False,True,False
成都-成都大熊猫繁育研究基地-0990,成都大熊猫繁育研究基地,成都,自然风光,panda | chengdu research base | 熊猫,成都大熊猫繁育研究基地,,,False,True,False,Chengdu Research Base of Giant Panda Breeding Chengdu China,https://images.unsplash.com/photo-1504713721722-f73b4ccdfe6a?crop=entropy&cs=tinysrgb&fit=max&fm=jpg&ixid=M3w4NTgxMzd8MHwxfHNlYXJjaHwxMHx8Q2hlbmdkdSUyMFJlc2VhcmNoJTIwQmFzZSUyMG9mJTIwR2lhbnQlMjBQYW5kYSUyMEJyZWVkaW5nJTIwQ2hlbmdkdSUyMENoaW5hfGVufDF8MHx8fDE3NzM4NDY1NDZ8MA&ixlib=rb-4.1.0&q=80&w=1080,"A giant panda cub chilling in a tree at the Chengdu Research Base of Giant Panda Breeding. It was such a fun visit, with the cubs running around and playing with each other and the adults gluttonously eating loads of bamboo.",True,False,False
杭州-西湖-0991,西湖,杭州,自然风光,west lake | 西湖,西湖,,,False,True,False,,,,False,True,False
杭州-灵隐寺-0992,灵隐寺,杭州,历史文化,lingyin | lingyin temple | 灵隐寺,灵隐寺,,,False,True,False,,,,False,True,False
南京-夫子庙-0993,夫子庙,南京,历史文化,confucius temple | 夫子庙,夫子庙,,,False,True,False,,,,False,True,False
南京-中山陵-0994,中山陵,南京,历史文化,sun yat-sen mausoleum | 中山陵,中山陵,,,False,True,False,,,,False,True,False
苏州-拙政园-0995,拙政园,苏州,历史文化,humble administrator's garden | 拙政园,拙政园,,,False,True,False,,,,False,True,False
苏州-平江路-0996,平江路,苏州,历史文化,pingjiang road | 平江路,平江路,,,False,True,False,,,,False,True,False
武汉-黄鹤楼-0997,黄鹤楼,武汉,历史文化,yellow crane tower | 黄鹤楼,黄鹤楼,,,False,True,False,,,,False,True,False
武汉-东湖-0998,东湖,武汉,自然风光,east lake | donghu | 东湖,东湖,,,False,True,False,,,,False,True,False
西安-兵马俑-0999,兵马俑,西安,历史文化,terracotta | terracotta army | 兵马俑,兵马俑,,,False,True,False,Terracotta Army,https://images.unsplash.com/photo-1527922891260-918d42a4efc8?crop=entropy&cs=tinysrgb&fit=max&fm=jpg&ixid=M3w4NTgxMzd8MHwxfHNlYXJjaHwxfHxUZXJyYWNvdHRhJTIwQXJteXxlbnwxfDB8fHwxNzczODQ2NTQwfDA&ixlib=rb-4.1.0&q=80&w=1080,"In today’s world of easy access information and increasingly amazing imagery you can often be left underwhelmed when seeing something in reality, It was a plesant surprise to find the Terracotta Army did not just live up to the hype but thoroughly exceeded it, a truly awe inspiring site that they have only just scratched the surface of  

The scale of the site and in particular what is still under the ground is mind bending",True,False,False
西安-大雁塔-1000,大雁塔,西安,历史文化,giant wild goose pagoda | 大雁塔,大雁塔,,,False,True,False,,,,False,True,False
